cell_id,arm,trial_index,seed,param_N,param_rrf,param_n_missions,param_regime,param_dead_zone,param_link_quality,update_yield,round_close_rate_kmin1,round_close_rate_kmin2,round_close_rate_kminhalf,round_close_rate_kminN,coverage,jains_fairness,participation_entropy,mission_completion_rate,completion_fairness,pass2_coverage,rho_contact,rounds_closed,missions_completed,mission_failures,pass1_contacts_mean,pass2_contacts_mean,mission_duration_s_mean,n_devices,rf_range_m,n_missions_target,init_auc,init_accuracy,init_loss,final_auc,final_accuracy,final_loss,best_auc,delta_auc,rounds_evaluated,t_at_tau_round,tau,mission_budget_s,mission_window_adaptation,status,duration_s,error
N=6|dead_zone=0.0|link_quality=0.3|n_missions=4|regime=jittery|rrf=60.0,H0,0,2445965193,6,60.0,4,jittery,0.0,0.3,1.0,0.75,0.25,0.0,0.0,0.5,0.4444444444444444,1.5,0.5,0.4444444444444444,,,4,0,0,0.0,0.0,0.0,6,60.0,4,0.26024768750000005,0.3595,0.6959475874900818,0.9436703750000002,0.8038333333333333,0.6197515726089478,0.9436703750000002,0.6834226875000001,5,,0.9,,,ok,18.12761878967285,
N=6|dead_zone=0.0|link_quality=0.3|n_missions=4|regime=jittery|rrf=60.0,H1,0,2445965193,6,60.0,4,jittery,0.0,0.3,2.0,1.0,0.75,0.25,0.0,1.0,0.9473684210526315,2.5419822842863984,0.6666666666666666,0.6666666666666666,1.0,1.6363636363636365,4,4,0,2.75,3.5,6.36683851480484,6,60.0,4,0.26024768750000005,0.3595,0.6959475874900818,0.933405625,0.8686666666666667,0.5769491195678711,0.933405625,0.6731579375,5,,0.9,120.0,0,ok,35.7408926486969,
N=6|dead_zone=0.0|link_quality=0.3|n_missions=4|regime=jittery|rrf=60.0,H0,1,2190988607,6,60.0,4,jittery,0.0,0.3,0.5,0.5,0.0,0.0,0.0,0.3333333333333333,0.3333333333333333,1.0,0.3333333333333333,0.3333333333333333,,,4,0,0,0.0,0.0,0.0,6,60.0,4,0.2625445625,0.35633333333333334,0.6959373950958252,0.9023314375,0.7968333333333333,0.6751897931098938,0.9023314375,0.639786875,5,,0.9,,,ok,9.207397937774658,
N=6|dead_zone=0.0|link_quality=0.3|n_missions=4|regime=jittery|rrf=60.0,H1,1,2190988607,6,60.0,4,jittery,0.0,0.3,1.25,0.75,0.5,0.0,0.0,1.0,0.9818181818181818,2.571541671821925,0.5,0.46296296296296297,0.75,1.6153846153846154,3,4,0,3.25,3.0,9.99282318353653,6,60.0,4,0.2625445625,0.35633333333333334,0.6959373950958252,0.9218478750000001,0.7916666666666666,0.6406708359718323,0.9218478750000001,0.6593033125000001,4,,0.9,120.0,0,ok,50.19012427330017,
N=6|dead_zone=0.0|link_quality=0.3|n_missions=4|regime=jittery|rrf=60.0,H0,2,1675044949,6,60.0,4,jittery,0.0,0.3,1.0,0.75,0.25,0.0,0.0,0.5,0.4444444444444444,1.5,0.5,0.4444444444444444,,,4,0,0,0.0,0.0,0.0,6,60.0,4,0.26341856249999995,0.3576666666666667,0.695913553237915,0.8926473125000001,0.7781666666666667,0.637349545955658,0.8926473125000001,0.6292287500000001,5,,0.9,,,ok,11.662595748901367,
N=6|dead_zone=0.0|link_quality=0.3|n_missions=4|regime=jittery|rrf=60.0,H1,2,1675044949,6,60.0,4,jittery,0.0,0.3,1.5,1.0,0.5,1.0,0.0,1.0,0.8620689655172413,2.466253399951849,0.5,0.5,1.0,1.0,4,4,0,3.0,5.0,6.197953939437866,6,60.0,4,0.26341856249999995,0.3576666666666667,0.695913553237915,0.9281785,0.8806666666666667,0.5648908019065857,0.9281785,0.6647599375000001,5,,0.9,120.0,0,ok,34.89442992210388,
N=6|dead_zone=0.0|link_quality=0.3|n_missions=4|regime=jittery|rrf=60.0,H0,3,288359827,6,60.0,4,jittery,0.0,0.3,1.25,0.5,0.5,0.25,0.0,0.6666666666666666,0.5952380952380952,1.9219280948873623,0.6666666666666666,0.5952380952380952,,,4,0,0,0.0,0.0,0.0,6,60.0,4,0.2719461875,0.3605,0.6958975195884705,0.7999708750000001,0.7446666666666667,0.6758244037628174,0.7999708750000001,0.5280246875000001,5,,0.9,,,ok,14.013681650161743,
N=6|dead_zone=0.0|link_quality=0.3|n_missions=4|regime=jittery|rrf=60.0,H1,3,288359827,6,60.0,4,jittery,0.0,0.3,1.0,0.75,0.25,0.0,0.0,1.0,0.9,2.5032583347756456,0.6666666666666666,0.6666666666666666,0.75,1.6666666666666667,3,4,0,2.25,2.25,7.544457972049713,6,60.0,4,0.2719461875,0.3605,0.6958975195884705,0.933689875,0.8721666666666666,0.6216301321983337,0.933689875,0.6617436875,4,,0.9,120.0,0,ok,40.39385652542114,
N=6|dead_zone=0.0|link_quality=0.3|n_missions=4|regime=jittery|rrf=60.0,H0,4,1184982943,6,60.0,4,jittery,0.0,0.3,1.75,1.0,0.5,0.25,0.0,0.6666666666666666,0.5444444444444444,1.8423709931771084,0.6666666666666666,0.5444444444444444,,,4,0,0,0.0,0.0,0.0,6,60.0,4,0.29059,0.3555,0.6958067417144775,0.945889125,0.8301666666666667,0.5647965669631958,0.945889125,0.655299125,5,,0.9,,,ok,14.227811813354492,
N=6|dead_zone=0.0|link_quality=0.3|n_missions=4|regime=jittery|rrf=60.0,H1,4,1184982943,6,60.0,4,jittery,0.0,0.3,2.0,0.75,0.75,0.5,0.0,1.0,0.9730639730639731,2.564214313549726,0.6666666666666666,0.5333333333333333,0.75,1.3571428571428572,3,4,0,3.5,3.25,8.96912831068039,6,60.0,4,0.29059,0.3555,0.6958067417144775,0.915645375,0.8676666666666667,0.6449427604675293,0.915645375,0.625055375,4,,0.9,120.0,0,ok,45.93377661705017,
N=6|dead_zone=0.0|link_quality=0.3|n_missions=4|regime=jittery|rrf=60.0,H0,5,2804292968,6,60.0,4,jittery,0.0,0.3,1.5,1.0,0.25,0.25,0.0,0.5,0.5,1.584962500721156,0.5,0.5,,,4,0,0,0.0,0.0,0.0,6,60.0,4,0.2613966875,0.3555,0.6959311366081238,0.9370075000000001,0.8686666666666667,0.5975566506385803,0.9370075000000001,0.6756108125000001,5,,0.9,,,ok,12.419847011566162,
N=6|dead_zone=0.0|link_quality=0.3|n_missions=4|regime=jittery|rrf=60.0,H1,5,2804292968,6,60.0,4,jittery,0.0,0.3,2.0,1.0,0.5,0.25,0.0,1.0,1.0,2.584962500721156,0.6666666666666666,0.5925925925925926,1.0,2.4,4,4,0,2.5,3.5,7.145691156387329,6,60.0,4,0.2613966875,0.3555,0.6959311366081238,0.9366025625,0.8755,0.5709748268127441,0.9366025625,0.675205875,5,,0.9,120.0,0,ok,38.65688467025757,
N=6|dead_zone=0.0|link_quality=0.3|n_missions=4|regime=jittery|rrf=60.0,H0,6,3018903149,6,60.0,4,jittery,0.0,0.3,0.5,0.5,0.0,0.0,0.0,0.16666666666666666,0.16666666666666666,0.0,0.16666666666666666,0.16666666666666666,,,4,0,0,0.0,0.0,0.0,6,60.0,4,0.2610154375,0.3571666666666667,0.6959627270698547,0.876814875,0.7626666666666667,0.6713522672653198,0.876814875,0.6157994375,5,,0.9,,,ok,7.100960731506348,
N=6|dead_zone=0.0|link_quality=0.3|n_missions=4|regime=jittery|rrf=60.0,H1,6,3018903149,6,60.0,4,jittery,0.0,0.3,1.75,0.75,0.75,0.25,0.0,1.0,0.9918032786885246,2.578992712198113,0.6666666666666666,0.5444444444444444,0.75,1.3333333333333333,3,4,0,3.0,3.0,6.530510067939758,6,60.0,4,0.2610154375,0.3571666666666667,0.6959627270698547,0.9078909374999999,0.768,0.6387848258018494,0.9078909374999999,0.6468754999999999,4,,0.9,120.0,0,ok,36.08538341522217,
N=6|dead_zone=0.0|link_quality=0.3|n_missions=4|regime=jittery|rrf=60.0,H0,7,2558694739,6,60.0,4,jittery,0.0,0.3,0.75,0.75,0.0,0.0,0.0,0.5,0.5,1.584962500721156,0.5,0.5,,,4,0,0,0.0,0.0,0.0,6,60.0,4,0.2575209375,0.3586666666666667,0.6959788203239441,0.9318007500000001,0.8006666666666666,0.6186772584915161,0.9318007500000001,0.6742798125,5,,0.9,,,ok,11.523492336273193,
N=6|dead_zone=0.0|link_quality=0.3|n_missions=4|regime=jittery|rrf=60.0,H1,7,2558694739,6,60.0,4,jittery,0.0,0.3,0.75,0.75,0.0,0.0,0.0,1.0,0.9829931972789115,2.572758256357176,0.3333333333333333,0.3,0.75,1.6666666666666667,3,4,0,3.0,2.5,9.969694137573242,6,60.0,4,0.2575209375,0.3586666666666667,0.6959788203239441,0.912619375,0.7238333333333333,0.6329450011253357,0.912619375,0.6550984375,4,,0.9,120.0,0,ok,49.77028727531433,
N=6|dead_zone=0.0|link_quality=0.3|n_missions=4|regime=jittery|rrf=60.0,H0,8,434730222,6,60.0,4,jittery,0.0,0.3,1.25,0.75,0.25,0.25,0.0,0.6666666666666666,0.5952380952380952,1.9219280948873623,0.6666666666666666,0.5952380952380952,,,4,0,0,0.0,0.0,0.0,6,60.0,4,0.2515945625,0.3565,0.6959981322288513,0.9654421875000001,0.9076666666666666,0.6444666981697083,0.9654421875000001,0.7138476250000001,5,4,0.9,,,ok,13.646424770355225,
N=6|dead_zone=0.0|link_quality=0.3|n_missions=4|regime=jittery|rrf=60.0,H1,8,434730222,6,60.0,4,jittery,0.0,0.3,2.0,0.75,0.75,0.5,0.0,1.0,0.9537953795379538,2.5485652260309175,0.6666666666666666,0.5925925925925926,0.75,1.3846153846153846,3,4,0,3.25,3.0,7.507375955581665,6,60.0,4,0.2515945625,0.3565,0.6959981322288513,0.92427,0.8935,0.6520083546638489,0.92427,0.6726754375,4,,0.9,120.0,0,ok,40.123008012771606,
N=6|dead_zone=0.0|link_quality=0.3|n_missions=4|regime=jittery|rrf=60.0,H0,9,1267099072,6,60.0,4,jittery,0.0,0.3,0.5,0.5,0.0,0.0,0.0,0.3333333333333333,0.3333333333333333,1.0,0.3333333333333333,0.3333333333333333,,,4,0,0,0.0,0.0,0.0,6,60.0,4,0.2693531875,0.3556666666666667,0.6959263682365417,0.8389223125,0.7446666666666667,0.6653348207473755,0.8389223125,0.5695691250000001,5,,0.9,,,ok,10.334872245788574,
N=6|dead_zone=0.0|link_quality=0.3|n_missions=4|regime=jittery|rrf=60.0,H1,9,1267099072,6,60.0,4,jittery,0.0,0.3,2.0,1.0,1.0,0.0,0.0,1.0,0.9876543209876543,2.5752515262260385,0.6666666666666666,0.5925925925925926,1.0,1.6923076923076923,4,4,0,3.25,3.75,9.36891382932663,6,60.0,4,0.2693531875,0.3556666666666667,0.6959263682365417,0.9402893125,0.8311666666666667,0.5552636981010437,0.9402893125,0.6709361250000001,5,,0.9,120.0,0,ok,48.18978261947632,
N=6|dead_zone=0.0|link_quality=0.3|n_missions=4|regime=jittery|rrf=60.0,H0,10,3857979046,6,60.0,4,jittery,0.0,0.3,1.0,0.5,0.5,0.0,0.0,0.3333333333333333,0.3333333333333333,1.0,0.3333333333333333,0.3333333333333333,,,4,0,0,0.0,0.0,0.0,6,60.0,4,0.25637699999999997,0.3595,0.6959496140480042,0.8544726875,0.7161666666666666,0.6682091355323792,0.8544726875,0.5980956875000001,5,,0.9,,,ok,9.69381308555603,
N=6|dead_zone=0.0|link_quality=0.3|n_missions=4|regime=jittery|rrf=60.0,H1,10,3857979046,6,60.0,4,jittery,0.0,0.3,1.25,0.5,0.5,0.25,0.0,1.0,0.9615384615384616,2.557543733018063,0.5,0.46296296296296297,0.5,1.3846153846153846,2,4,0,3.25,2.0,8.43620651960373,6,60.0,4,0.25637699999999997,0.3595,0.6959496140480042,0.8924373125,0.7241666666666666,0.6673269271850586,0.8924373125,0.6360603125000001,3,,0.9,120.0,0,ok,43.890488624572754,
N=6|dead_zone=0.0|link_quality=0.3|n_missions=4|regime=jittery|rrf=60.0,H0,11,3840496771,6,60.0,4,jittery,0.0,0.3,0.75,0.25,0.25,0.25,0.0,0.5,0.5,1.584962500721156,0.5,0.5,,,4,0,0,0.0,0.0,0.0,6,60.0,4,0.25765443750000006,0.3541666666666667,0.6959378123283386,0.712362375,0.6986666666666667,0.6773740649223328,0.712362375,0.45470793749999994,5,,0.9,,,ok,12.817627668380737,
N=6|dead_zone=0.0|link_quality=0.3|n_missions=4|regime=jittery|rrf=60.0,H1,11,3840496771,6,60.0,4,jittery,0.0,0.3,1.5,1.0,0.5,0.5,0.0,1.0,0.981081081081081,2.571672260071259,0.8333333333333334,0.75,1.0,1.3636363636363635,4,4,0,2.75,4.0,7.705536782741547,6,60.0,4,0.25765443750000006,0.3541666666666667,0.6959378123283386,0.95026775,0.7881666666666667,0.5713568329811096,0.95026775,0.6926133124999999,5,,0.9,120.0,0,ok,41.5196647644043,
N=6|dead_zone=0.0|link_quality=0.3|n_missions=4|regime=jittery|rrf=60.0,H0,12,1637301530,6,60.0,4,jittery,0.0,0.3,1.0,0.75,0.25,0.0,0.0,0.3333333333333333,0.3333333333333333,1.0,0.3333333333333333,0.3333333333333333,,,4,0,0,0.0,0.0,0.0,6,60.0,4,0.2775593125,0.35383333333333333,0.6959085464477539,0.9080949375,0.7113333333333334,0.6502978801727295,0.9080949375,0.630535625,5,,0.9,,,ok,9.40620732307434,
N=6|dead_zone=0.0|link_quality=0.3|n_missions=4|regime=jittery|rrf=60.0,H1,12,1637301530,6,60.0,4,jittery,0.0,0.3,1.0,1.0,0.0,0.0,0.0,1.0,0.9408602150537635,2.534175692826769,0.5,0.4444444444444444,1.0,1.5454545454545454,4,4,0,2.75,4.5,7.113709926605225,6,60.0,4,0.2775593125,0.35383333333333333,0.6959085464477539,0.9490680000000001,0.7945,0.5648332238197327,0.9490680000000001,0.6715086875000001,5,,0.9,120.0,0,ok,38.397151708602905,
N=6|dead_zone=0.0|link_quality=0.3|n_missions=4|regime=jittery|rrf=60.0,H0,13,661814782,6,60.0,4,jittery,0.0,0.3,1.5,0.75,0.5,0.25,0.0,0.6666666666666666,0.6,1.9182958340544893,0.6666666666666666,0.6,,,4,0,0,0.0,0.0,0.0,6,60.0,4,0.2479425,0.3526666666666667,0.6959898471832275,0.9302423125,0.7943333333333333,0.6413560509681702,0.9302423125,0.6822998124999999,5,,0.9,,,ok,13.744433403015137,
N=6|dead_zone=0.0|link_quality=0.3|n_missions=4|regime=jittery|rrf=60.0,H1,13,661814782,6,60.0,4,jittery,0.0,0.3,2.25,1.0,0.75,0.5,0.0,1.0,0.9876543209876543,2.5752515262260385,0.8333333333333334,0.7105263157894737,1.0,2.2,4,4,0,2.5,3.0,7.859421372413635,6,60.0,4,0.2479425,0.3526666666666667,0.6959898471832275,0.9406935000000001,0.8363333333333334,0.5864749550819397,0.9406935000000001,0.6927510000000001,5,,0.9,120.0,0,ok,41.336551666259766,
N=6|dead_zone=0.0|link_quality=0.3|n_missions=4|regime=jittery|rrf=60.0,H0,14,1839345764,6,60.0,4,jittery,0.0,0.3,0.5,0.5,0.0,0.0,0.0,0.16666666666666666,0.16666666666666666,0.0,0.16666666666666666,0.16666666666666666,,,4,0,0,0.0,0.0,0.0,6,60.0,4,0.25691093750000005,0.35533333333333333,0.6960040926933289,0.879542375,0.8365,0.6762394905090332,0.879542375,0.6226314374999999,5,,0.9,,,ok,8.535019159317017,
N=6|dead_zone=0.0|link_quality=0.3|n_missions=4|regime=jittery|rrf=60.0,H1,14,1839345764,6,60.0,4,jittery,0.0,0.3,1.75,1.0,0.5,0.5,0.0,1.0,0.9473684210526315,2.5385669216082287,0.6666666666666666,0.5444444444444444,1.0,1.6363636363636365,4,4,0,2.75,3.75,8.621507406234741,6,60.0,4,0.25691093750000005,0.35533333333333333,0.6960040926933289,0.9340736875000001,0.8451666666666666,0.5590683817863464,0.9340736875000001,0.67716275,5,,0.9,120.0,0,ok,45.26542282104492,
N=6|dead_zone=0.0|link_quality=0.3|n_missions=4|regime=jittery|rrf=60.0,H0,15,3580921796,6,60.0,4,jittery,0.0,0.3,1.0,0.75,0.25,0.0,0.0,0.5,0.4444444444444444,1.5,0.5,0.4444444444444444,,,4,0,0,0.0,0.0,0.0,6,60.0,4,0.25608581249999995,0.3595,0.6959498524665833,0.9115600000000001,0.7663333333333333,0.627464771270752,0.9115600000000001,0.6554741875000002,5,,0.9,,,ok,12.374039888381958,
N=6|dead_zone=0.0|link_quality=0.3|n_missions=4|regime=jittery|rrf=60.0,H1,15,3580921796,6,60.0,4,jittery,0.0,0.3,1.0,1.0,0.0,1.0,0.0,1.0,0.9043010752688172,2.5069185997005365,0.5,0.4444444444444444,1.0,1.375,4,4,0,2.0,4.0,6.2676626443862915,6,60.0,4,0.25608581249999995,0.3595,0.6959498524665833,0.9496856874999999,0.8,0.5661457180976868,0.9496856874999999,0.693599875,5,,0.9,120.0,0,ok,35.822163105010986,
N=6|dead_zone=0.0|link_quality=0.3|n_missions=4|regime=jittery|rrf=60.0,H0,16,1776180353,6,60.0,4,jittery,0.0,0.3,1.0,0.75,0.25,0.0,0.0,0.6666666666666666,0.6666666666666666,2.0,0.6666666666666666,0.6666666666666666,,,4,0,0,0.0,0.0,0.0,6,60.0,4,0.2828675625,0.3621666666666667,0.6958243250846863,0.932957375,0.8023333333333333,0.6332760453224182,0.932957375,0.6500898125,5,,0.9,,,ok,13.384796380996704,
N=6|dead_zone=0.0|link_quality=0.3|n_missions=4|regime=jittery|rrf=60.0,H1,16,1776180353,6,60.0,4,jittery,0.0,0.3,2.25,1.0,0.75,0.5,0.0,1.0,0.9950248756218906,2.5812908992306927,0.8333333333333334,0.7105263157894737,1.0,1.6923076923076923,4,4,0,3.25,3.75,7.8902851939201355,6,60.0,4,0.2828675625,0.3621666666666667,0.6958243250846863,0.9464575,0.8643333333333333,0.5844360589981079,0.9464575,0.6635899375,5,,0.9,120.0,0,ok,41.5492103099823,
N=6|dead_zone=0.0|link_quality=0.3|n_missions=4|regime=jittery|rrf=60.0,H0,17,4101775509,6,60.0,4,jittery,0.0,0.3,1.0,0.5,0.5,0.0,0.0,0.5,0.4444444444444444,1.5,0.5,0.4444444444444444,,,4,0,0,0.0,0.0,0.0,6,60.0,4,0.26896675,0.3541666666666667,0.6959490776062012,0.887399375,0.7781666666666667,0.6664574146270752,0.887399375,0.6184326250000001,5,,0.9,,,ok,12.233443021774292,
N=6|dead_zone=0.0|link_quality=0.3|n_missions=4|regime=jittery|rrf=60.0,H1,17,4101775509,6,60.0,4,jittery,0.0,0.3,1.5,1.0,0.5,0.5,0.0,1.0,0.9537953795379538,2.548565226030918,0.6666666666666666,0.6,1.0,1.3636363636363635,4,4,0,2.75,5.0,8.455805659294128,6,60.0,4,0.26896675,0.3541666666666667,0.6959490776062012,0.949096375,0.9138333333333334,0.5724645853042603,0.949096375,0.680129625,5,4,0.9,120.0,0,ok,43.64471673965454,
N=6|dead_zone=0.0|link_quality=0.3|n_missions=4|regime=jittery|rrf=60.0,H0,18,3333136113,6,60.0,4,jittery,0.0,0.3,0.5,0.5,0.0,0.0,0.0,0.3333333333333333,0.3333333333333333,1.0,0.3333333333333333,0.3333333333333333,,,4,0,0,0.0,0.0,0.0,6,60.0,4,0.2553436875,0.3551666666666667,0.6960000991821289,0.906724375,0.7105,0.6581665873527527,0.906724375,0.6513806875,5,,0.9,,,ok,9.85792851448059,
N=6|dead_zone=0.0|link_quality=0.3|n_missions=4|regime=jittery|rrf=60.0,H1,18,3333136113,6,60.0,4,jittery,0.0,0.3,1.75,1.0,0.5,0.25,0.0,1.0,0.9863813229571985,2.5744957240833592,0.8333333333333334,0.7424242424242424,1.0,2.3333333333333335,4,4,0,2.25,3.25,6.386229991912842,6,60.0,4,0.2553436875,0.3551666666666667,0.6960000991821289,0.9564331875,0.879,0.5423638224601746,0.9564331875,0.7010894999999999,5,,0.9,120.0,0,ok,36.16880488395691,
N=6|dead_zone=0.0|link_quality=0.3|n_missions=4|regime=jittery|rrf=60.0,H0,19,2576527389,6,60.0,4,jittery,0.0,0.3,1.25,0.75,0.5,0.0,0.0,0.6666666666666666,0.5952380952380952,1.9219280948873623,0.6666666666666666,0.5952380952380952,,,4,0,0,0.0,0.0,0.0,6,60.0,4,0.2540525625,0.3555,0.6960108280181885,0.9189970625,0.7803333333333333,0.6496658325195312,0.9189970625,0.6649445,5,,0.9,,,ok,14.094223737716675,
N=6|dead_zone=0.0|link_quality=0.3|n_missions=4|regime=jittery|rrf=60.0,H1,19,2576527389,6,60.0,4,jittery,0.0,0.3,1.25,0.75,0.5,0.0,0.0,1.0,0.9908256880733946,2.5782520862715406,0.6666666666666666,0.5952380952380952,0.75,1.4615384615384615,3,4,0,3.25,3.0,9.282068133354187,6,60.0,4,0.2540525625,0.3555,0.6960108280181885,0.92793375,0.8446666666666667,0.6315023303031921,0.92793375,0.6738811874999999,4,,0.9,120.0,0,ok,47.164196729660034,
N=6|dead_zone=0.0|link_quality=0.5|n_missions=4|regime=jittery|rrf=60.0,H0,0,1945933213,6,60.0,4,jittery,0.0,0.5,2.75,1.0,1.0,0.5,0.0,1.0,0.8768115942028986,2.481714572986073,1.0,0.8768115942028986,,,4,0,0,0.0,0.0,0.0,6,60.0,4,0.27262050000000004,0.36183333333333334,0.6958796977996826,0.9383626875,0.8183333333333334,0.5634758472442627,0.9383626875,0.6657421874999999,5,,0.9,,,ok,20.392436981201172,
N=6|dead_zone=0.0|link_quality=0.5|n_missions=4|regime=jittery|rrf=60.0,H1,0,1945933213,6,60.0,4,jittery,0.0,0.5,2.0,1.0,0.5,0.5,0.0,1.0,0.9467496542185339,2.537274978491022,0.8333333333333334,0.6666666666666666,1.0,1.5833333333333333,4,4,0,3.0,4.5,7.123901844024658,6,60.0,4,0.27262050000000004,0.36183333333333334,0.6958796977996826,0.917614875,0.8293333333333334,0.5966828465461731,0.917614875,0.644994375,5,,0.9,120.0,0,ok,38.36568641662598,
N=6|dead_zone=0.0|link_quality=0.5|n_missions=4|regime=jittery|rrf=60.0,H0,1,631046523,6,60.0,4,jittery,0.0,0.5,1.25,0.75,0.25,0.25,0.0,0.8333333333333334,0.8333333333333334,2.321928094887362,0.8333333333333334,0.8333333333333334,,,4,0,0,0.0,0.0,0.0,6,60.0,4,0.24161812500000004,0.35683333333333334,0.6960636377334595,0.9292644375000001,0.7778333333333334,0.6358030438423157,0.9292644375000001,0.6876463125000001,5,,0.9,,,ok,15.756386280059814,
N=6|dead_zone=0.0|link_quality=0.5|n_missions=4|regime=jittery|rrf=60.0,H1,1,631046523,6,60.0,4,jittery,0.0,0.5,1.75,0.75,0.5,0.25,0.0,1.0,0.9603174603174603,2.5540665597407557,0.6666666666666666,0.5444444444444444,0.75,1.3846153846153846,3,4,0,3.25,3.0,8.47542953491211,6,60.0,4,0.24161812500000004,0.35683333333333334,0.6960636377334595,0.8908096875000001,0.8215,0.644004225730896,0.8908096875000001,0.6491915625000001,4,,0.9,120.0,0,ok,43.76015543937683,
N=6|dead_zone=0.0|link_quality=0.5|n_missions=4|regime=jittery|rrf=60.0,H0,2,1884515497,6,60.0,4,jittery,0.0,0.5,1.5,1.0,0.25,0.25,0.0,0.8333333333333334,0.75,2.2516291673878226,0.8333333333333334,0.75,,,4,0,0,0.0,0.0,0.0,6,60.0,4,0.26857525,0.35433333333333333,0.6959017515182495,0.9488188125,0.8511666666666666,0.5793931484222412,0.9488188125,0.6802435625000001,5,,0.9,,,ok,17.391356229782104,
N=6|dead_zone=0.0|link_quality=0.5|n_missions=4|regime=jittery|rrf=60.0,H1,2,1884515497,6,60.0,4,jittery,0.0,0.5,1.75,1.0,0.75,0.75,0.0,1.0,0.9730639730639731,2.565653111645819,0.6666666666666666,0.4298245614035088,1.0,1.3333333333333333,4,4,0,3.0,4.0,6.9342145919799805,6,60.0,4,0.26857525,0.35433333333333333,0.6959017515182495,0.9438811875,0.8446666666666667,0.5620511770248413,0.9438811875,0.6753059375000001,5,,0.9,120.0,0,ok,39.02438712120056,
N=6|dead_zone=0.0|link_quality=0.5|n_missions=4|regime=jittery|rrf=60.0,H0,3,2758525695,6,60.0,4,jittery,0.0,0.5,2.5,1.0,1.0,0.25,0.0,1.0,0.8333333333333334,2.446439344671015,1.0,0.8333333333333334,,,4,0,0,0.0,0.0,0.0,6,60.0,4,0.26324681250000004,0.354,0.6959380507469177,0.9291706875,0.8981666666666667,0.5695586204528809,0.9291706875,0.6659238749999999,5,,0.9,,,ok,20.581104040145874,
N=6|dead_zone=0.0|link_quality=0.5|n_missions=4|regime=jittery|rrf=60.0,H1,3,2758525695,6,60.0,4,jittery,0.0,0.5,1.25,0.75,0.5,0.5,0.0,1.0,0.974025974025974,2.565596230357602,0.6666666666666666,0.5952380952380952,0.75,1.7777777777777777,3,4,0,2.25,2.75,6.96481466293335,6,60.0,4,0.26324681250000004,0.354,0.6959380507469177,0.9100294375,0.841,0.622483491897583,0.9100294375,0.6467826249999999,4,,0.9,120.0,0,ok,37.892123222351074,
N=6|dead_zone=0.0|link_quality=0.5|n_missions=4|regime=jittery|rrf=60.0,H0,4,2877950557,6,60.0,4,jittery,0.0,0.5,1.0,0.5,0.5,0.0,0.0,0.5,0.4444444444444444,1.5,0.5,0.4444444444444444,,,4,0,0,0.0,0.0,0.0,6,60.0,4,0.2825935625,0.3575,0.695851743221283,0.8985838125,0.839,0.6633951663970947,0.8985838125,0.61599025,5,,0.9,,,ok,11.368269205093384,
N=6|dead_zone=0.0|link_quality=0.5|n_missions=4|regime=jittery|rrf=60.0,H1,4,2877950557,6,60.0,4,jittery,0.0,0.5,2.25,1.0,0.75,0.25,0.0,1.0,0.9704301075268817,2.560671912866221,0.8333333333333334,0.7105263157894737,1.0,1.6666666666666667,4,4,0,3.0,4.0,7.699039399623871,6,60.0,4,0.2825935625,0.3575,0.695851743221283,0.9448931875000001,0.7813333333333333,0.5769292712211609,0.9448931875000001,0.6622996250000001,5,,0.9,120.0,0,ok,40.86989378929138,
N=6|dead_zone=0.0|link_quality=0.5|n_missions=4|regime=jittery|rrf=60.0,H0,5,3527596869,6,60.0,4,jittery,0.0,0.5,1.75,0.75,0.75,0.25,0.0,1.0,0.9074074074074074,2.521640636343318,1.0,0.9074074074074074,,,4,0,0,0.0,0.0,0.0,6,60.0,4,0.2461605625,0.35733333333333334,0.6960231065750122,0.9415768125,0.7981666666666667,0.6338089108467102,0.9415768125,0.6954162500000001,5,,0.9,,,ok,18.324045419692993,
N=6|dead_zone=0.0|link_quality=0.5|n_missions=4|regime=jittery|rrf=60.0,H1,5,3527596869,6,60.0,4,jittery,0.0,0.5,1.0,0.5,0.5,0.0,0.0,1.0,0.9826175869120655,2.571987554517059,0.5,0.4444444444444444,0.5,1.5,2,4,0,3.0,2.0,9.024189531803131,6,60.0,4,0.2461605625,0.35733333333333334,0.6960231065750122,0.8574496249999999,0.728,0.663581371307373,0.8574496249999999,0.6112890624999998,3,,0.9,120.0,0,ok,46.25163769721985,
N=6|dead_zone=0.0|link_quality=0.5|n_missions=4|regime=jittery|rrf=60.0,H0,6,4164846876,6,60.0,4,jittery,0.0,0.5,2.25,1.0,0.75,0.5,0.0,0.8333333333333334,0.5869565217391305,2.0588138903312014,0.8333333333333334,0.5869565217391305,,,4,0,0,0.0,0.0,0.0,6,60.0,4,0.25682,0.35433333333333333,0.6959601044654846,0.9497561875,0.8341666666666666,0.5680994987487793,0.9497561875,0.6929361875,5,,0.9,,,ok,18.66980242729187,
N=6|dead_zone=0.0|link_quality=0.5|n_missions=4|regime=jittery|rrf=60.0,H1,6,4164846876,6,60.0,4,jittery,0.0,0.5,2.0,1.0,0.75,0.75,0.0,1.0,0.9003115264797508,2.495824228840344,0.6666666666666666,0.5925925925925926,1.0,1.3333333333333333,4,4,0,3.0,4.0,6.968134820461273,6,60.0,4,0.25682,0.35433333333333333,0.6959601044654846,0.96058375,0.8333333333333334,0.5649287104606628,0.96058375,0.70376375,5,,0.9,120.0,0,ok,37.887003660202026,
N=6|dead_zone=0.0|link_quality=0.5|n_missions=4|regime=jittery|rrf=60.0,H0,7,1790352530,6,60.0,4,jittery,0.0,0.5,1.75,0.75,0.75,0.25,0.0,0.6666666666666666,0.5444444444444444,1.8423709931771086,0.6666666666666666,0.5444444444444444,,,4,0,0,0.0,0.0,0.0,6,60.0,4,0.26024775,0.3595,0.6959475874900818,0.8985905000000001,0.827,0.64103102684021,0.8985905000000001,0.6383427500000001,5,,0.9,,,ok,14.15458059310913,
N=6|dead_zone=0.0|link_quality=0.5|n_missions=4|regime=jittery|rrf=60.0,H1,7,1790352530,6,60.0,4,jittery,0.0,0.5,1.75,1.0,0.75,0.0,0.0,1.0,1.0,2.584962500721156,0.6666666666666666,0.6282051282051282,1.0,1.7142857142857142,4,4,0,3.5,3.5,9.938519060611725,6,60.0,4,0.26024775,0.3595,0.6959475874900818,0.9414148125,0.8621666666666666,0.5669155716896057,0.9414148125,0.6811670625,5,,0.9,120.0,0,ok,49.77792525291443,
N=6|dead_zone=0.0|link_quality=0.5|n_missions=4|regime=jittery|rrf=60.0,H0,8,3193234454,6,60.0,4,jittery,0.0,0.5,1.75,0.5,0.5,0.25,0.0,0.8333333333333334,0.7424242424242424,2.2359263506290326,0.8333333333333334,0.7424242424242424,,,4,0,0,0.0,0.0,0.0,6,60.0,4,0.269549625,0.3596666666666667,0.695915937423706,0.8554693124999999,0.7641666666666667,0.6689097285270691,0.8554693124999999,0.5859196874999999,5,,0.9,,,ok,16.894852876663208,
N=6|dead_zone=0.0|link_quality=0.5|n_missions=4|regime=jittery|rrf=60.0,H1,8,3193234454,6,60.0,4,jittery,0.0,0.5,1.0,0.75,0.25,0.0,0.0,1.0,0.9922480620155039,2.579434002924965,0.5,0.4444444444444444,0.75,1.8181818181818181,3,4,0,2.75,2.25,8.488876760005951,6,60.0,4,0.269549625,0.3596666666666667,0.695915937423706,0.9131703750000001,0.7501666666666666,0.6297256946563721,0.9131703750000001,0.6436207500000001,4,,0.9,120.0,0,ok,44.821224212646484,
N=6|dead_zone=0.0|link_quality=0.5|n_missions=4|regime=jittery|rrf=60.0,H0,9,240178702,6,60.0,4,jittery,0.0,0.5,1.75,0.75,0.75,0.25,0.0,0.6666666666666666,0.6282051282051282,1.9502120649147465,0.6666666666666666,0.6282051282051282,,,4,0,0,0.0,0.0,0.0,6,60.0,4,0.27400731250000004,0.3621666666666667,0.6958669424057007,0.9085556875,0.8215,0.6432049870491028,0.9085556875,0.634548375,5,,0.9,,,ok,14.73225450515747,
N=6|dead_zone=0.0|link_quality=0.5|n_missions=4|regime=jittery|rrf=60.0,H1,9,240178702,6,60.0,4,jittery,0.0,0.5,1.5,0.75,0.5,0.25,0.0,1.0,0.9908256880733946,2.57825208627154,0.6666666666666666,0.6,0.75,1.5714285714285714,3,4,0,3.5,3.0,8.473871409893036,6,60.0,4,0.27400731250000004,0.3621666666666667,0.6958669424057007,0.9185401875,0.8445,0.6317974328994751,0.9185401875,0.6445328749999999,4,,0.9,120.0,0,ok,44.578986167907715,
N=6|dead_zone=0.0|link_quality=0.5|n_missions=4|regime=jittery|rrf=60.0,H0,10,3340689293,6,60.0,4,jittery,0.0,0.5,2.0,1.0,0.75,0.25,0.0,0.8333333333333334,0.7619047619047619,2.25,0.8333333333333334,0.7619047619047619,,,4,0,0,0.0,0.0,0.0,6,60.0,4,0.2552135625,0.359,0.6959872841835022,0.9487043125000001,0.828,0.5594722628593445,0.9487043125000001,0.69349075,5,,0.9,,,ok,18.647964477539062,
N=6|dead_zone=0.0|link_quality=0.5|n_missions=4|regime=jittery|rrf=60.0,H1,10,3340689293,6,60.0,4,jittery,0.0,0.5,1.25,1.0,0.25,0.0,0.0,1.0,0.972972972972973,2.564831257372309,0.6666666666666666,0.5952380952380952,1.0,1.8,4,4,0,2.5,3.0,8.641335546970367,6,60.0,4,0.2552135625,0.359,0.6959872841835022,0.9640302499999999,0.822,0.5710343718528748,0.9640302499999999,0.7088166874999999,5,,0.9,120.0,0,ok,44.739197731018066,
N=6|dead_zone=0.0|link_quality=0.5|n_missions=4|regime=jittery|rrf=60.0,H0,11,544885774,6,60.0,4,jittery,0.0,0.5,2.75,1.0,1.0,0.5,0.0,0.8333333333333334,0.7469135802469136,2.2312702546075758,0.8333333333333334,0.7469135802469136,,,4,0,0,0.0,0.0,0.0,6,60.0,4,0.26776818750000003,0.35333333333333333,0.6959472894668579,0.9718166875,0.8961666666666667,0.5805284976959229,0.9718166875,0.7040485000000001,5,,0.9,,,ok,17.395458459854126,
N=6|dead_zone=0.0|link_quality=0.5|n_missions=4|regime=jittery|rrf=60.0,H1,11,544885774,6,60.0,4,jittery,0.0,0.5,2.25,1.0,0.75,0.5,0.0,1.0,0.9676145339652449,2.559792748605048,0.8333333333333334,0.5869565217391305,1.0,1.3076923076923077,4,4,0,3.25,5.0,7.137234389781952,6,60.0,4,0.26776818750000003,0.35333333333333333,0.6959472894668579,0.9480500000000001,0.8428333333333333,0.5931049585342407,0.9480500000000001,0.6802818125000001,5,,0.9,120.0,0,ok,38.41833782196045,
N=6|dead_zone=0.0|link_quality=0.5|n_missions=4|regime=jittery|rrf=60.0,H0,12,2931967117,6,60.0,4,jittery,0.0,0.5,1.5,1.0,0.5,0.0,0.0,0.5,0.3333333333333333,1.2516291673878228,0.5,0.3333333333333333,,,4,0,0,0.0,0.0,0.0,6,60.0,4,0.25651087499999997,0.3581666666666667,0.6959596872329712,0.9446626875,0.83,0.5666190981864929,0.9446626875,0.6881518125000001,5,,0.9,,,ok,12.702510595321655,
N=6|dead_zone=0.0|link_quality=0.5|n_missions=4|regime=jittery|rrf=60.0,H1,12,2931967117,6,60.0,4,jittery,0.0,0.5,1.25,1.0,0.25,0.0,0.0,1.0,0.9328165374677002,2.531630646367964,0.5,0.46296296296296297,1.0,1.3076923076923077,4,4,0,3.25,5.0,9.238935351371765,6,60.0,4,0.25651087499999997,0.3581666666666667,0.6959596872329712,0.9417130625000001,0.8386666666666667,0.5566484928131104,0.9417130625000001,0.6852021875000001,5,,0.9,120.0,0,ok,47.758849143981934,
N=6|dead_zone=0.0|link_quality=0.5|n_missions=4|regime=jittery|rrf=60.0,H0,13,3513812745,6,60.0,4,jittery,0.0,0.5,1.5,0.75,0.5,0.25,0.0,0.6666666666666666,0.6,1.9182958340544896,0.6666666666666666,0.6,,,4,0,0,0.0,0.0,0.0,6,60.0,4,0.2580820625,0.3595,0.6959519982337952,0.891905875,0.8383333333333334,0.6487830281257629,0.891905875,0.6338238125,5,,0.9,,,ok,13.966132402420044,
N=6|dead_zone=0.0|link_quality=0.5|n_missions=4|regime=jittery|rrf=60.0,H1,13,3513812745,6,60.0,4,jittery,0.0,0.5,1.5,1.0,0.5,0.0,0.0,1.0,0.9792560801144492,2.5693585192394837,0.5,0.42857142857142855,1.0,1.4615384615384615,4,4,0,3.25,4.0,8.447793126106262,6,60.0,4,0.2580820625,0.3595,0.6959519982337952,0.95587325,0.8258333333333333,0.5649493932723999,0.95587325,0.6977911875,5,,0.9,120.0,0,ok,43.96251845359802,
N=6|dead_zone=0.0|link_quality=0.5|n_missions=4|regime=jittery|rrf=60.0,H0,14,1218917569,6,60.0,4,jittery,0.0,0.5,2.5,1.0,0.75,0.75,0.0,1.0,0.9259259259259259,2.5219280948873624,1.0,0.9259259259259259,,,4,0,0,0.0,0.0,0.0,6,60.0,4,0.2682965625,0.357,0.6959015130996704,0.951754375,0.913,0.5855087637901306,0.951754375,0.6834578125,5,4,0.9,,,ok,19.5369291305542,
N=6|dead_zone=0.0|link_quality=0.5|n_missions=4|regime=jittery|rrf=60.0,H1,14,1218917569,6,60.0,4,jittery,0.0,0.5,1.25,0.75,0.5,0.5,0.0,1.0,0.9333333333333333,2.530618994848517,0.5,0.3787878787878788,0.75,1.0,3,4,0,3.0,3.75,7.2730870842933655,6,60.0,4,0.2682965625,0.357,0.6959015130996704,0.90710325,0.813,0.6366086602210999,0.90710325,0.6388066875,4,,0.9,120.0,0,ok,39.90274405479431,
N=6|dead_zone=0.0|link_quality=0.5|n_missions=4|regime=jittery|rrf=60.0,H0,15,386096972,6,60.0,4,jittery,0.0,0.5,1.75,0.75,0.75,0.25,0.0,0.5,0.4298245614035088,1.4488156357251847,0.5,0.4298245614035088,,,4,0,0,0.0,0.0,0.0,6,60.0,4,0.2575135625,0.35733333333333334,0.6959863305091858,0.9304638125,0.8253333333333334,0.653438925743103,0.9304638125,0.67295025,5,,0.9,,,ok,14.865557670593262,
N=6|dead_zone=0.0|link_quality=0.5|n_missions=4|regime=jittery|rrf=60.0,H1,15,386096972,6,60.0,4,jittery,0.0,0.5,2.0,1.0,0.5,0.5,0.0,1.0,0.9970344009489917,2.5827423149511795,0.6666666666666666,0.5925925925925926,1.0,1.7692307692307692,4,4,0,3.25,3.25,9.39033818244934,6,60.0,4,0.2575135625,0.35733333333333334,0.6959863305091858,0.9510959375000001,0.9041666666666667,0.5964438319206238,0.9510959375000001,0.6935823750000001,5,4,0.9,120.0,0,ok,47.90751504898071,
N=6|dead_zone=0.0|link_quality=0.5|n_missions=4|regime=jittery|rrf=60.0,H0,16,846457706,6,60.0,4,jittery,0.0,0.5,2.0,1.0,0.75,0.25,0.0,0.8333333333333334,0.6666666666666666,2.1556390622295662,0.8333333333333334,0.6666666666666666,,,4,0,0,0.0,0.0,0.0,6,60.0,4,0.2833314375,0.357,0.6958667039871216,0.9417313125,0.859,0.5792441368103027,0.9417313125,0.658399875,5,,0.9,,,ok,16.8689227104187,
N=6|dead_zone=0.0|link_quality=0.5|n_missions=4|regime=jittery|rrf=60.0,H1,16,846457706,6,60.0,4,jittery,0.0,0.5,0.75,0.75,0.0,0.0,0.0,1.0,0.9259259259259259,2.5260265301011664,0.5,0.5,0.75,1.0833333333333333,3,4,0,3.0,3.75,8.29963731765747,6,60.0,4,0.2833314375,0.357,0.6958667039871216,0.927807625,0.8225,0.6307546496391296,0.927807625,0.6444761875,4,,0.9,120.0,0,ok,43.36039686203003,
N=6|dead_zone=0.0|link_quality=0.5|n_missions=4|regime=jittery|rrf=60.0,H0,17,1209047802,6,60.0,4,jittery,0.0,0.5,2.75,1.0,0.75,0.75,0.0,0.8333333333333334,0.6505376344086021,2.1180782093497097,0.8333333333333334,0.6505376344086021,,,4,0,0,0.0,0.0,0.0,6,60.0,4,0.292092375,0.35633333333333334,0.6958003640174866,0.9588562500000001,0.8353333333333334,0.5707487463951111,0.9588562500000001,0.666763875,5,,0.9,,,ok,17.34819746017456,
N=6|dead_zone=0.0|link_quality=0.5|n_missions=4|regime=jittery|rrf=60.0,H1,17,1209047802,6,60.0,4,jittery,0.0,0.5,2.5,1.0,0.75,0.5,0.0,1.0,0.9950248756218906,2.5812908992306927,0.8333333333333334,0.6410256410256411,1.0,2.0,4,4,0,2.75,3.0,6.952901363372803,6,60.0,4,0.292092375,0.35633333333333334,0.6958003640174866,0.904409375,0.8516666666666667,0.6029245853424072,0.904409375,0.612317,5,,0.9,120.0,0,ok,37.98142743110657,
N=6|dead_zone=0.0|link_quality=0.5|n_missions=4|regime=jittery|rrf=60.0,H0,18,3303807087,6,60.0,4,jittery,0.0,0.5,1.75,1.0,0.5,0.25,0.0,0.8333333333333334,0.6282051282051282,2.128085278891394,0.8333333333333334,0.6282051282051282,,,4,0,0,0.0,0.0,0.0,6,60.0,4,0.2542720625,0.3595,0.695971667766571,0.9368875625,0.8623333333333333,0.5541062951087952,0.9368875625,0.6826155,5,,0.9,,,ok,16.272361755371094,
N=6|dead_zone=0.0|link_quality=0.5|n_missions=4|regime=jittery|rrf=60.0,H1,18,3303807087,6,60.0,4,jittery,0.0,0.5,1.75,1.0,0.75,0.0,0.0,1.0,0.9712643678160919,2.5608529298361935,0.6666666666666666,0.6282051282051282,1.0,2.3333333333333335,4,4,0,2.25,3.0,6.367883265018463,6,60.0,4,0.2542720625,0.3595,0.695971667766571,0.9442334375,0.8455,0.5803797245025635,0.9442334375,0.689961375,5,,0.9,120.0,0,ok,35.6865439414978,
N=6|dead_zone=0.0|link_quality=0.5|n_missions=4|regime=jittery|rrf=60.0,H0,19,3345128012,6,60.0,4,jittery,0.0,0.5,1.25,0.75,0.5,0.0,0.0,0.5,0.46296296296296297,1.5219280948873621,0.5,0.46296296296296297,,,4,0,0,0.0,0.0,0.0,6,60.0,4,0.27015350000000005,0.3595,0.695881187915802,0.9098830625000001,0.8386666666666667,0.6515463590621948,0.9098830625000001,0.6397295625,5,,0.9,,,ok,11.955610752105713,
N=6|dead_zone=0.0|link_quality=0.5|n_missions=4|regime=jittery|rrf=60.0,H1,19,3345128012,6,60.0,4,jittery,0.0,0.5,1.5,0.75,0.75,0.75,0.0,1.0,0.9493670886075949,2.543762162622482,0.6666666666666666,0.6,0.75,1.3076923076923077,3,4,0,3.25,3.75,8.325251460075378,6,60.0,4,0.27015350000000005,0.3595,0.695881187915802,0.919785875,0.836,0.6387139558792114,0.919785875,0.6496323749999999,4,,0.9,120.0,0,ok,43.461620807647705,
N=6|dead_zone=0.0|link_quality=0.7|n_missions=4|regime=jittery|rrf=60.0,H0,0,3803814145,6,60.0,4,jittery,0.0,0.7,3.75,1.0,1.0,0.75,0.25,1.0,0.9615384615384616,2.5559130951758244,1.0,0.9615384615384616,,,4,0,0,0.0,0.0,0.0,6,60.0,4,0.27845225,0.35483333333333333,0.6958428621292114,0.9399804999999999,0.8496666666666667,0.5958938598632812,0.9399804999999999,0.6615282499999999,5,,0.9,,,ok,20.96878433227539,
N=6|dead_zone=0.0|link_quality=0.7|n_missions=4|regime=jittery|rrf=60.0,H1,0,3803814145,6,60.0,4,jittery,0.0,0.7,2.0,1.0,0.75,0.25,0.0,1.0,0.9863387978142076,2.5746737280146283,0.6666666666666666,0.5925925925925926,1.0,1.5384615384615385,4,4,0,3.25,3.75,8.631631135940552,6,60.0,4,0.27845225,0.35483333333333333,0.6958428621292114,0.9506300000000001,0.8335,0.570321261882782,0.9506300000000001,0.6721777500000001,5,,0.9,120.0,0,ok,45.37539219856262,
N=6|dead_zone=0.0|link_quality=0.7|n_missions=4|regime=jittery|rrf=60.0,H0,1,2196899158,6,60.0,4,jittery,0.0,0.7,1.25,0.75,0.25,0.25,0.0,0.5,0.3787878787878788,1.3709505944546687,0.5,0.3787878787878788,,,4,0,0,0.0,0.0,0.0,6,60.0,4,0.2637440625,0.35733333333333334,0.695957362651825,0.9341328125,0.8655,0.6229376792907715,0.9341328125,0.6703887500000001,5,,0.9,,,ok,15.089640855789185,
N=6|dead_zone=0.0|link_quality=0.7|n_missions=4|regime=jittery|rrf=60.0,H1,1,2196899158,6,60.0,4,jittery,0.0,0.7,1.0,0.5,0.5,0.5,0.0,1.0,0.9751243781094527,2.5643874265451925,0.5,0.4444444444444444,0.5,1.7272727272727273,2,4,0,2.75,2.0,8.889267385005951,6,60.0,4,0.2637440625,0.35733333333333334,0.695957362651825,0.8838345624999999,0.7228333333333333,0.6625542044639587,0.8838345624999999,0.6200904999999999,3,,0.9,120.0,0,ok,45.77827286720276,
N=6|dead_zone=0.0|link_quality=0.7|n_missions=4|regime=jittery|rrf=60.0,H0,2,1227449609,6,60.0,4,jittery,0.0,0.7,2.0,1.0,0.5,0.5,0.0,0.6666666666666666,0.5925925925925926,1.9056390622295665,0.6666666666666666,0.5925925925925926,,,4,0,0,0.0,0.0,0.0,6,60.0,4,0.26438056249999997,0.3586666666666667,0.6959472894668579,0.953977375,0.8898333333333334,0.590067446231842,0.953977375,0.6895968125,5,,0.9,,,ok,14.774575471878052,
N=6|dead_zone=0.0|link_quality=0.7|n_missions=4|regime=jittery|rrf=60.0,H1,2,1227449609,6,60.0,4,jittery,0.0,0.7,2.0,0.75,0.75,0.5,0.0,1.0,0.9863123993558777,2.5749947193376044,0.6666666666666666,0.5925925925925926,0.75,1.6666666666666667,3,4,0,3.0,2.5,8.291011095046997,6,60.0,4,0.26438056249999997,0.3586666666666667,0.6959472894668579,0.9171858125,0.8415,0.6333550810813904,0.9171858125,0.65280525,4,,0.9,120.0,0,ok,43.24243521690369,
N=6|dead_zone=0.0|link_quality=0.7|n_missions=4|regime=jittery|rrf=60.0,H0,3,866614772,6,60.0,4,jittery,0.0,0.7,2.25,1.0,0.75,0.25,0.0,0.6666666666666666,0.6428571428571429,1.974937501201927,0.6666666666666666,0.6428571428571429,,,4,0,0,0.0,0.0,0.0,6,60.0,4,0.272923375,0.3591666666666667,0.6959134936332703,0.947777625,0.8458333333333333,0.5639172196388245,0.947777625,0.6748542499999999,5,,0.9,,,ok,15.755545854568481,
N=6|dead_zone=0.0|link_quality=0.7|n_missions=4|regime=jittery|rrf=60.0,H1,3,866614772,6,60.0,4,jittery,0.0,0.7,2.5,1.0,0.75,0.5,0.0,1.0,1.0,2.584962500721156,0.8333333333333334,0.7575757575757576,1.0,3.0,4,4,0,2.0,2.25,7.156438529491425,6,60.0,4,0.272923375,0.3591666666666667,0.6959134936332703,0.975192125,0.794,0.5742928385734558,0.975192125,0.70226875,5,,0.9,120.0,0,ok,39.29271602630615,
N=6|dead_zone=0.0|link_quality=0.7|n_missions=4|regime=jittery|rrf=60.0,H0,4,291201299,6,60.0,4,jittery,0.0,0.7,3.75,1.0,1.0,1.0,0.25,1.0,0.7978723404255319,2.3898980954642877,1.0,0.7978723404255319,,,4,0,0,0.0,0.0,0.0,6,60.0,4,0.2555029375,0.3595,0.6959509253501892,0.9418636875000002,0.8338333333333333,0.5879684090614319,0.9418636875000002,0.6863607500000002,5,,0.9,,,ok,20.442896604537964,
N=6|dead_zone=0.0|link_quality=0.7|n_missions=4|regime=jittery|rrf=60.0,H1,4,291201299,6,60.0,4,jittery,0.0,0.7,1.75,1.0,0.5,0.25,0.0,1.0,1.0,2.584962500721156,0.6666666666666666,0.6282051282051282,1.0,2.4,4,4,0,2.5,3.0,8.649951457977295,6,60.0,4,0.2555029375,0.3595,0.6959509253501892,0.9533239375000001,0.7916666666666666,0.5762743949890137,0.9533239375000001,0.697821,5,,0.9,120.0,0,ok,44.91566038131714,
N=6|dead_zone=0.0|link_quality=0.7|n_missions=4|regime=jittery|rrf=60.0,H0,5,2779536835,6,60.0,4,jittery,0.0,0.7,3.0,1.0,0.75,0.5,0.25,1.0,0.9230769230769231,2.5220552088742005,1.0,0.9230769230769231,,,4,0,0,0.0,0.0,0.0,6,60.0,4,0.26409674999999994,0.3595,0.6959490776062012,0.9564865625,0.7945,0.5727221965789795,0.9564865625,0.6923898125000001,5,,0.9,,,ok,19.859890699386597,
N=6|dead_zone=0.0|link_quality=0.7|n_missions=4|regime=jittery|rrf=60.0,H1,5,2779536835,6,60.0,4,jittery,0.0,0.7,2.0,0.75,0.75,0.5,0.0,1.0,0.9863387978142076,2.5746737280146283,0.6666666666666666,0.5925925925925926,0.75,1.5384615384615385,2,4,0,3.25,2.75,9.648718357086182,6,60.0,4,0.26409674999999994,0.3595,0.6959490776062012,0.8339211875,0.6666666666666666,0.6691487431526184,0.8339211875,0.5698244375000001,3,,0.9,120.0,0,ok,48.813636779785156,
N=6|dead_zone=0.0|link_quality=0.7|n_missions=4|regime=jittery|rrf=60.0,H0,6,1983392434,6,60.0,4,jittery,0.0,0.7,2.0,1.0,0.75,0.25,0.0,0.8333333333333334,0.7619047619047619,2.25,0.8333333333333334,0.7619047619047619,,,4,0,0,0.0,0.0,0.0,6,60.0,4,0.25663393749999996,0.35683333333333334,0.6959559917449951,0.9431711250000001,0.9146666666666666,0.599683403968811,0.9431711250000001,0.6865371875000001,5,4,0.9,,,ok,16.512935638427734,
N=6|dead_zone=0.0|link_quality=0.7|n_missions=4|regime=jittery|rrf=60.0,H1,6,1983392434,6,60.0,4,jittery,0.0,0.7,1.75,1.0,0.5,0.25,0.0,1.0,1.0,2.584962500721156,0.6666666666666666,0.5444444444444444,1.0,2.0,4,4,0,3.0,3.0,8.640874147415161,6,60.0,4,0.25663393749999996,0.35683333333333334,0.6959559917449951,0.9305676875,0.7915,0.583323061466217,0.9305676875,0.67393375,5,,0.9,120.0,0,ok,44.986663579940796,
N=6|dead_zone=0.0|link_quality=0.7|n_missions=4|regime=jittery|rrf=60.0,H0,7,3521148200,6,60.0,4,jittery,0.0,0.7,2.75,1.0,1.0,0.5,0.0,1.0,0.8066666666666666,2.413088436425758,1.0,0.8066666666666666,,,4,0,0,0.0,0.0,0.0,6,60.0,4,0.25305987500000005,0.35883333333333334,0.6959854960441589,0.951529125,0.8851666666666667,0.5929564833641052,0.951529125,0.6984692499999999,5,,0.9,,,ok,23.003725051879883,
N=6|dead_zone=0.0|link_quality=0.7|n_missions=4|regime=jittery|rrf=60.0,H1,7,3521148200,6,60.0,4,jittery,0.0,0.7,1.75,0.75,0.5,0.25,0.0,1.0,0.9918032786885246,2.578992712198113,0.8333333333333334,0.7424242424242424,0.75,2.2222222222222223,2,4,0,2.25,2.25,6.716739654541016,6,60.0,4,0.25305987500000005,0.35883333333333334,0.6959854960441589,0.8633336250000001,0.6895,0.6729865670204163,0.8633336250000001,0.6102737500000001,3,,0.9,120.0,0,ok,37.0226674079895,
N=6|dead_zone=0.0|link_quality=0.7|n_missions=4|regime=jittery|rrf=60.0,H0,8,3216129783,6,60.0,4,jittery,0.0,0.7,2.5,0.75,0.75,0.5,0.0,0.8333333333333334,0.7575757575757576,2.2464393446710154,0.8333333333333334,0.7575757575757576,,,4,0,0,0.0,0.0,0.0,6,60.0,4,0.2630685,0.359,0.6959426403045654,0.9126655,0.8601666666666666,0.6384261846542358,0.9126655,0.649597,5,,0.9,,,ok,17.16241478919983,
N=6|dead_zone=0.0|link_quality=0.7|n_missions=4|regime=jittery|rrf=60.0,H1,8,3216129783,6,60.0,4,jittery,0.0,0.7,2.25,1.0,1.0,0.25,0.0,1.0,1.0,2.584962500721156,0.8333333333333334,0.7941176470588235,1.0,2.0,4,4,0,3.0,3.0,7.877378821372986,6,60.0,4,0.2630685,0.359,0.6959426403045654,0.9463770625000001,0.8618333333333333,0.5660372376441956,0.9463770625000001,0.6833085625000002,5,,0.9,120.0,0,ok,41.66521763801575,
N=6|dead_zone=0.0|link_quality=0.7|n_missions=4|regime=jittery|rrf=60.0,H0,9,1743790,6,60.0,4,jittery,0.0,0.7,2.0,1.0,0.75,0.25,0.0,0.6666666666666666,0.5333333333333333,1.811278124459133,0.6666666666666666,0.5333333333333333,,,4,0,0,0.0,0.0,0.0,6,60.0,4,0.2529484375,0.3556666666666667,0.6959843635559082,0.9358531875,0.8786666666666667,0.5852668881416321,0.9358531875,0.6829047500000001,5,,0.9,,,ok,14.874871015548706,
N=6|dead_zone=0.0|link_quality=0.7|n_missions=4|regime=jittery|rrf=60.0,H1,9,1743790,6,60.0,4,jittery,0.0,0.7,2.0,1.0,0.5,0.5,0.0,1.0,0.9962335216572504,2.582193066735133,0.8333333333333334,0.7619047619047619,1.0,1.5,4,4,0,4.0,4.0,10.75764524936676,6,60.0,4,0.2529484375,0.3556666666666667,0.6959843635559082,0.9518161875,0.8651666666666666,0.5740046501159668,0.9518161875,0.69886775,5,,0.9,120.0,0,ok,53.224488973617554,
N=6|dead_zone=0.0|link_quality=0.7|n_missions=4|regime=jittery|rrf=60.0,H0,10,2596360462,6,60.0,4,jittery,0.0,0.7,2.25,0.75,0.75,0.5,0.0,0.6666666666666666,0.5869565217391305,1.8910611120726528,0.6666666666666666,0.5869565217391305,,,4,0,0,0.0,0.0,0.0,6,60.0,4,0.25958231249999997,0.3561666666666667,0.6959282159805298,0.9343279999999999,0.8921666666666667,0.6479348540306091,0.9343279999999999,0.6747456875,5,,0.9,,,ok,15.78317666053772,
N=6|dead_zone=0.0|link_quality=0.7|n_missions=4|regime=jittery|rrf=60.0,H1,10,2596360462,6,60.0,4,jittery,0.0,0.7,1.25,0.75,0.5,0.5,0.0,1.0,0.9588014981273408,2.549886625190374,0.5,0.46296296296296297,0.75,1.8,3,4,0,2.5,3.0,7.725705444812775,6,60.0,4,0.25958231249999997,0.3561666666666667,0.6959282159805298,0.9208416250000001,0.885,0.6227012276649475,0.9208416250000001,0.6612593125000001,4,,0.9,120.0,0,ok,41.69349718093872,
N=6|dead_zone=0.0|link_quality=0.7|n_missions=4|regime=jittery|rrf=60.0,H0,11,2358068485,6,60.0,4,jittery,0.0,0.7,2.5,0.75,0.75,0.75,0.0,1.0,0.8333333333333334,2.4464393446710155,1.0,0.8333333333333334,,,4,0,0,0.0,0.0,0.0,6,60.0,4,0.291897375,0.35633333333333334,0.6957958936691284,0.9277315625,0.8101666666666667,0.6430711150169373,0.9277315625,0.6358341875,5,,0.9,,,ok,19.329457998275757,
N=6|dead_zone=0.0|link_quality=0.7|n_missions=4|regime=jittery|rrf=60.0,H1,11,2358068485,6,60.0,4,jittery,0.0,0.7,1.25,1.0,0.25,0.25,0.0,1.0,0.9003115264797508,2.495824228840344,0.5,0.46296296296296297,1.0,1.3333333333333333,4,4,0,3.0,4.0,7.8760552406311035,6,60.0,4,0.291897375,0.35633333333333334,0.6957958936691284,0.947665375,0.8353333333333334,0.5923916697502136,0.947665375,0.655768,5,,0.9,120.0,0,ok,41.598034620285034,
N=6|dead_zone=0.0|link_quality=0.7|n_missions=4|regime=jittery|rrf=60.0,H0,12,3446225384,6,60.0,4,jittery,0.0,0.7,2.25,1.0,1.0,0.25,0.0,0.8333333333333334,0.7105263157894737,2.197159723424149,0.8333333333333334,0.7105263157894737,,,4,0,0,0.0,0.0,0.0,6,60.0,4,0.25578375,0.354,0.6959816217422485,0.9310430000000001,0.8193333333333334,0.5630929470062256,0.9310430000000001,0.6752592500000001,5,,0.9,,,ok,16.96566891670227,
N=6|dead_zone=0.0|link_quality=0.7|n_missions=4|regime=jittery|rrf=60.0,H1,12,3446225384,6,60.0,4,jittery,0.0,0.7,1.25,0.75,0.5,0.5,0.0,1.0,0.9418604651162791,2.5410194462072706,0.6666666666666666,0.5952380952380952,0.75,1.1666666666666667,3,4,0,3.0,3.75,8.312137722969055,6,60.0,4,0.25578375,0.354,0.6959816217422485,0.9168106874999998,0.8175,0.6413810849189758,0.9168106874999998,0.6610269374999999,4,,0.9,120.0,0,ok,43.268152952194214,
N=6|dead_zone=0.0|link_quality=0.7|n_missions=4|regime=jittery|rrf=60.0,H0,13,3762236028,6,60.0,4,jittery,0.0,0.7,1.5,1.0,0.25,0.25,0.0,0.6666666666666666,0.6,1.9182958340544893,0.6666666666666666,0.6,,,4,0,0,0.0,0.0,0.0,6,60.0,4,0.25769818749999995,0.35933333333333334,0.6959545612335205,0.965826,0.9268333333333333,0.543088972568512,0.965826,0.7081278125,5,4,0.9,,,ok,14.907573223114014,
N=6|dead_zone=0.0|link_quality=0.7|n_missions=4|regime=jittery|rrf=60.0,H1,13,3762236028,6,60.0,4,jittery,0.0,0.7,1.5,1.0,0.5,0.0,0.0,1.0,0.9863813229571985,2.5744957240833592,0.6666666666666666,0.6,1.0,1.9090909090909092,3,4,0,2.75,3.75,7.789499580860138,6,60.0,4,0.25769818749999995,0.35933333333333334,0.6959545612335205,0.8843955,0.7711666666666667,0.6396775841712952,0.8843955,0.6266973125,4,,0.9,120.0,0,ok,42.03574275970459,
N=6|dead_zone=0.0|link_quality=0.7|n_missions=4|regime=jittery|rrf=60.0,H0,14,2621681480,6,60.0,4,jittery,0.0,0.7,2.5,1.0,0.75,0.5,0.0,0.8333333333333334,0.6410256410256411,2.121928094887362,0.8333333333333334,0.6410256410256411,,,4,0,0,0.0,0.0,0.0,6,60.0,4,0.266349375,0.3576666666666667,0.6958889961242676,0.96330425,0.792,0.5780074596405029,0.96330425,0.696954875,5,,0.9,,,ok,17.549260139465332,
N=6|dead_zone=0.0|link_quality=0.7|n_missions=4|regime=jittery|rrf=60.0,H1,14,2621681480,6,60.0,4,jittery,0.0,0.7,1.25,1.0,0.25,0.25,0.0,1.0,0.9238310708898945,2.5189737220942123,0.3333333333333333,0.24509803921568626,1.0,1.3076923076923077,4,4,0,3.25,5.0,8.457626521587372,6,60.0,4,0.266349375,0.3576666666666667,0.6958889961242676,0.9261295,0.7786666666666666,0.5931371450424194,0.9261295,0.659780125,5,,0.9,120.0,0,ok,44.19002342224121,
N=6|dead_zone=0.0|link_quality=0.7|n_missions=4|regime=jittery|rrf=60.0,H0,15,2634551904,6,60.0,4,jittery,0.0,0.7,1.75,1.0,0.75,0.0,0.0,0.8333333333333334,0.6282051282051282,2.128085278891394,0.8333333333333334,0.6282051282051282,,,4,0,0,0.0,0.0,0.0,6,60.0,4,0.28687981249999994,0.3581666666666667,0.6958258748054504,0.9187433749999999,0.8253333333333334,0.5882356762886047,0.9187433749999999,0.6318635625,5,,0.9,,,ok,20.944611072540283,
N=6|dead_zone=0.0|link_quality=0.7|n_missions=4|regime=jittery|rrf=60.0,H1,15,2634551904,6,60.0,4,jittery,0.0,0.7,1.25,1.0,0.25,0.0,0.0,1.0,0.972972972972973,2.5634723925037775,0.6666666666666666,0.5952380952380952,1.0,1.6363636363636365,4,4,0,2.75,4.0,7.882999241352081,6,60.0,4,0.28687981249999994,0.3581666666666667,0.6958258748054504,0.952940375,0.7873333333333333,0.5705169439315796,0.952940375,0.6660605625,5,,0.9,120.0,0,ok,41.73443794250488,
N=6|dead_zone=0.0|link_quality=0.7|n_missions=4|regime=jittery|rrf=60.0,H0,16,1351464894,6,60.0,4,jittery,0.0,0.7,2.75,1.0,1.0,0.75,0.0,0.8333333333333334,0.6954022988505747,2.1626441180472606,0.8333333333333334,0.6954022988505747,,,4,0,0,0.0,0.0,0.0,6,60.0,4,0.27288,0.35483333333333333,0.6958779096603394,0.9321543750000001,0.8623333333333333,0.587238609790802,0.9321543750000001,0.6592743750000001,5,,0.9,,,ok,17.897974967956543,
N=6|dead_zone=0.0|link_quality=0.7|n_missions=4|regime=jittery|rrf=60.0,H1,16,1351464894,6,60.0,4,jittery,0.0,0.7,2.0,1.0,0.5,0.5,0.0,1.0,0.9444444444444444,2.54146008131956,0.8333333333333334,0.7619047619047619,1.0,1.4545454545454546,4,4,0,2.75,4.0,6.380475699901581,6,60.0,4,0.27288,0.35483333333333333,0.6958779096603394,0.9487155000000002,0.797,0.5636042356491089,0.9487155000000002,0.6758355000000001,5,,0.9,120.0,0,ok,35.61204767227173,
N=6|dead_zone=0.0|link_quality=0.7|n_missions=4|regime=jittery|rrf=60.0,H0,17,1479033292,6,60.0,4,jittery,0.0,0.7,2.5,1.0,0.75,0.75,0.0,1.0,0.7575757575757576,2.3709505944546687,1.0,0.7575757575757576,,,4,0,0,0.0,0.0,0.0,6,60.0,4,0.2464135625,0.35633333333333334,0.6960231065750122,0.953857875,0.8883333333333333,0.5545231699943542,0.953857875,0.7074443125,5,,0.9,,,ok,19.59595775604248,
N=6|dead_zone=0.0|link_quality=0.7|n_missions=4|regime=jittery|rrf=60.0,H1,17,1479033292,6,60.0,4,jittery,0.0,0.7,1.25,1.0,0.25,1.0,0.0,1.0,0.8928571428571429,2.4961399650265075,0.5,0.3787878787878788,1.0,1.0,4,4,0,3.0,5.0,6.958379447460175,6,60.0,4,0.2464135625,0.35633333333333334,0.6960231065750122,0.9457355000000001,0.791,0.5828883647918701,0.9457355000000001,0.6993219375,5,,0.9,120.0,0,ok,38.093262910842896,
N=6|dead_zone=0.0|link_quality=0.7|n_missions=4|regime=jittery|rrf=60.0,H0,18,1466540048,6,60.0,4,jittery,0.0,0.7,2.75,1.0,1.0,0.5,0.0,0.8333333333333334,0.7469135802469136,2.2312702546075758,0.8333333333333334,0.7469135802469136,,,4,0,0,0.0,0.0,0.0,6,60.0,4,0.26687025,0.35783333333333334,0.6958953738212585,0.95925125,0.8671666666666666,0.5978128910064697,0.95925125,0.692381,5,,0.9,,,ok,18.134972095489502,
N=6|dead_zone=0.0|link_quality=0.7|n_missions=4|regime=jittery|rrf=60.0,H1,18,1466540048,6,60.0,4,jittery,0.0,0.7,1.75,1.0,0.5,0.5,0.0,1.0,0.9537953795379538,2.548565226030918,0.6666666666666666,0.6282051282051282,1.0,2.0,4,4,0,2.0,3.0,6.368343830108643,6,60.0,4,0.26687025,0.35783333333333334,0.6958953738212585,0.9548871249999998,0.8706666666666667,0.559967041015625,0.9548871249999998,0.6880168749999999,5,,0.9,120.0,0,ok,36.442559480667114,
N=6|dead_zone=0.0|link_quality=0.7|n_missions=4|regime=jittery|rrf=60.0,H0,19,1534420717,6,60.0,4,jittery,0.0,0.7,3.0,1.0,1.0,0.75,0.0,0.8333333333333334,0.631578947368421,2.084962500721156,0.8333333333333334,0.631578947368421,,,4,0,0,0.0,0.0,0.0,6,60.0,4,0.2709633125,0.356,0.6959285736083984,0.9607665624999999,0.7886666666666666,0.5746912360191345,0.9607665624999999,0.68980325,5,,0.9,,,ok,17.56790542602539,
N=6|dead_zone=0.0|link_quality=0.7|n_missions=4|regime=jittery|rrf=60.0,H1,19,1534420717,6,60.0,4,jittery,0.0,0.7,2.0,1.0,0.5,0.5,0.0,1.0,0.9973031283710896,2.583068887911025,0.6666666666666666,0.5925925925925926,1.0,1.7142857142857142,4,4,0,3.5,3.5,9.993738114833832,6,60.0,4,0.2709633125,0.356,0.6959285736083984,0.9512466875,0.7908333333333334,0.5589037537574768,0.9512466875,0.6802833749999999,5,,0.9,120.0,0,ok,50.245344161987305,
N=6|dead_zone=0.2|link_quality=0.3|n_missions=4|regime=jittery|rrf=60.0,H0,0,2258652524,6,60.0,4,jittery,0.2,0.3,1.25,0.75,0.25,0.25,0.0,0.6666666666666666,0.5952380952380952,1.9219280948873623,0.6666666666666666,0.5952380952380952,,,4,0,0,0.0,0.0,0.0,6,60.0,4,0.26059725,0.35633333333333334,0.6959456205368042,0.9220988750000001,0.8238333333333333,0.6228827238082886,0.9220988750000001,0.6615016250000001,5,,0.9,,,ok,14.796958446502686,
N=6|dead_zone=0.2|link_quality=0.3|n_missions=4|regime=jittery|rrf=60.0,H1,0,2258652524,6,60.0,4,jittery,0.2,0.3,0.75,0.5,0.25,0.0,0.0,1.0,0.9801864801864801,2.570439739002145,0.5,0.5,0.5,1.4166666666666667,2,4,0,3.0,2.0,9.192764818668365,6,60.0,4,0.26059725,0.35633333333333334,0.6959456205368042,0.8684526874999999,0.7003333333333334,0.6696609258651733,0.8684526874999999,0.6078554374999999,3,,0.9,120.0,0,ok,47.97844624519348,
N=6|dead_zone=0.2|link_quality=0.3|n_missions=4|regime=jittery|rrf=60.0,H0,1,2943796526,6,60.0,4,jittery,0.2,0.3,1.0,0.5,0.25,0.25,0.0,0.5,0.4444444444444444,1.5,0.5,0.4444444444444444,,,4,0,0,0.0,0.0,0.0,6,60.0,4,0.2601513125,0.3565,0.6959301829338074,0.81624425,0.6841666666666667,0.6739249229431152,0.81624425,0.5560929375,5,,0.9,,,ok,12.54262399673462,
N=6|dead_zone=0.2|link_quality=0.3|n_missions=4|regime=jittery|rrf=60.0,H1,1,2943796526,6,60.0,4,jittery,0.2,0.3,1.75,1.0,0.5,0.5,0.0,1.0,0.9496124031007752,2.544590777872491,0.6666666666666666,0.4298245614035088,1.0,1.4166666666666667,4,4,0,3.0,4.0,6.980793714523315,6,60.0,4,0.2601513125,0.3565,0.6959301829338074,0.964256125,0.9313333333333333,0.5943863987922668,0.964256125,0.7041048125,5,4,0.9,120.0,0,ok,39.00638031959534,
N=6|dead_zone=0.2|link_quality=0.3|n_missions=4|regime=jittery|rrf=60.0,H0,2,3992779370,6,60.0,4,jittery,0.2,0.3,0.75,0.75,0.0,0.0,0.0,0.3333333333333333,0.3,0.9182958340544896,0.3333333333333333,0.3,,,4,0,0,0.0,0.0,0.0,6,60.0,4,0.2796016875,0.35683333333333334,0.6958513855934143,0.900640625,0.848,0.6501930952072144,0.900640625,0.6210389375,5,,0.9,,,ok,9.19545292854309,
N=6|dead_zone=0.2|link_quality=0.3|n_missions=4|regime=jittery|rrf=60.0,H1,2,3992779370,6,60.0,4,jittery,0.2,0.3,2.0,0.75,0.5,0.5,0.0,1.0,0.9588014981273408,2.549886625190374,0.6666666666666666,0.5925925925925926,0.75,1.8,3,4,0,2.5,3.0,6.774433016777039,6,60.0,4,0.2796016875,0.35683333333333334,0.6958513855934143,0.9146211875,0.88,0.6471295356750488,0.9146211875,0.6350195000000001,4,,0.9,120.0,0,ok,36.9440701007843,
N=6|dead_zone=0.2|link_quality=0.3|n_missions=4|regime=jittery|rrf=60.0,H0,3,1289623761,6,60.0,4,jittery,0.2,0.3,1.25,0.75,0.25,0.25,0.0,0.5,0.46296296296296297,1.5219280948873621,0.5,0.46296296296296297,,,4,0,0,0.0,0.0,0.0,6,60.0,4,0.26249487499999996,0.361,0.6959295868873596,0.885696875,0.8528333333333333,0.6485475301742554,0.885696875,0.623202,5,,0.9,,,ok,11.970699071884155,
N=6|dead_zone=0.2|link_quality=0.3|n_missions=4|regime=jittery|rrf=60.0,H1,3,1289623761,6,60.0,4,jittery,0.2,0.3,1.5,1.0,0.5,0.0,0.0,1.0,0.9307692307692308,2.530622805321796,0.5,0.42857142857142855,1.0,1.6666666666666667,3,4,0,2.25,3.0,6.87189507484436,6,60.0,4,0.26249487499999996,0.361,0.6959295868873596,0.9222008749999999,0.7931666666666667,0.6375249028205872,0.9222008749999999,0.6597059999999999,4,,0.9,120.0,0,ok,37.47854566574097,
N=6|dead_zone=0.2|link_quality=0.3|n_missions=4|regime=jittery|rrf=60.0,H0,4,3672402903,6,60.0,4,jittery,0.2,0.3,0.5,0.5,0.0,0.0,0.0,0.3333333333333333,0.3333333333333333,1.0,0.3333333333333333,0.3333333333333333,,,4,0,0,0.0,0.0,0.0,6,60.0,4,0.284476125,0.3571666666666667,0.6958532929420471,0.8569420625,0.8015,0.6630191802978516,0.8569420625,0.5724659375000001,5,,0.9,,,ok,10.012451171875,
N=6|dead_zone=0.2|link_quality=0.3|n_missions=4|regime=jittery|rrf=60.0,H1,4,3672402903,6,60.0,4,jittery,0.2,0.3,2.25,0.75,0.5,0.5,0.0,1.0,1.0,2.584962500721156,0.8333333333333334,0.7105263157894737,0.75,1.4285714285714286,3,4,0,3.5,3.0,8.2532217502594,6,60.0,4,0.284476125,0.3571666666666667,0.6958532929420471,0.91124925,0.8386666666666667,0.6521865129470825,0.91124925,0.6267731249999999,4,,0.9,120.0,0,ok,43.85957598686218,
N=6|dead_zone=0.2|link_quality=0.3|n_missions=4|regime=jittery|rrf=60.0,H0,5,2764601321,6,60.0,4,jittery,0.2,0.3,0.5,0.5,0.0,0.0,0.0,0.3333333333333333,0.3333333333333333,1.0,0.3333333333333333,0.3333333333333333,,,4,0,0,0.0,0.0,0.0,6,60.0,4,0.2734658125,0.357,0.6959004998207092,0.9132625000000001,0.723,0.665573239326477,0.9132625000000001,0.6397966875000001,5,,0.9,,,ok,9.15532398223877,
N=6|dead_zone=0.2|link_quality=0.3|n_missions=4|regime=jittery|rrf=60.0,H1,5,2764601321,6,60.0,4,jittery,0.2,0.3,1.75,1.0,0.75,0.0,0.0,1.0,1.0,2.584962500721156,0.6666666666666666,0.5444444444444444,1.0,3.0,4,4,0,2.0,2.0,6.392502307891846,6,60.0,4,0.2734658125,0.357,0.6959004998207092,0.936213875,0.8441666666666666,0.5929898023605347,0.936213875,0.6627480625,5,,0.9,120.0,0,ok,35.547781467437744,
N=6|dead_zone=0.2|link_quality=0.3|n_missions=4|regime=jittery|rrf=60.0,H0,6,3667795623,6,60.0,4,jittery,0.2,0.3,1.0,0.75,0.25,0.0,0.0,0.5,0.4444444444444444,1.5,0.5,0.4444444444444444,,,4,0,0,0.0,0.0,0.0,6,60.0,4,0.26024768750000005,0.3595,0.6959475874900818,0.912300375,0.8516666666666667,0.641933262348175,0.912300375,0.6520526875,5,,0.9,,,ok,11.895354509353638,
N=6|dead_zone=0.2|link_quality=0.3|n_missions=4|regime=jittery|rrf=60.0,H1,6,3667795623,6,60.0,4,jittery,0.2,0.3,1.5,0.75,0.5,0.75,0.25,1.0,0.9057971014492754,2.5124876891689536,0.5,0.42857142857142855,0.75,1.0,3,4,0,2.5,4.5,4.552878439426422,6,60.0,4,0.26024768750000005,0.3595,0.6959475874900818,0.9325330000000002,0.8463333333333334,0.6393031477928162,0.9325330000000002,0.6722853125000001,4,,0.9,120.0,0,ok,28.410060167312622,
N=6|dead_zone=0.2|link_quality=0.3|n_missions=4|regime=jittery|rrf=60.0,H0,7,929013478,6,60.0,4,jittery,0.2,0.3,0.25,0.25,0.0,0.0,0.0,0.16666666666666666,0.16666666666666666,0.0,0.16666666666666666,0.16666666666666666,,,4,0,0,0.0,0.0,0.0,6,60.0,4,0.26309943750000003,0.3571666666666667,0.6959373950958252,0.7624716875,0.7425,0.6706458926200867,0.7624716875,0.49937225,5,,0.9,,,ok,12.779918909072876,
N=6|dead_zone=0.2|link_quality=0.3|n_missions=4|regime=jittery|rrf=60.0,H1,7,929013478,6,60.0,4,jittery,0.2,0.3,1.0,0.75,0.25,0.0,0.0,1.0,0.98,2.569362807596701,0.5,0.4444444444444444,0.75,1.75,3,4,0,3.0,2.5,9.897862613201141,6,60.0,4,0.26309943750000003,0.3571666666666667,0.6959373950958252,0.9399801249999999,0.8695,0.6299837827682495,0.9399801249999999,0.6768806875,4,,0.9,120.0,0,ok,50.57494854927063,
N=6|dead_zone=0.2|link_quality=0.3|n_missions=4|regime=jittery|rrf=60.0,H0,8,3924986795,6,60.0,4,jittery,0.2,0.3,0.75,0.5,0.25,0.0,0.0,0.3333333333333333,0.3,0.9182958340544896,0.3333333333333333,0.3,,,4,0,0,0.0,0.0,0.0,6,60.0,4,0.258396875,0.35833333333333334,0.6959220170974731,0.792499625,0.7021666666666667,0.6636368036270142,0.792499625,0.53410275,5,,0.9,,,ok,9.754582405090332,
N=6|dead_zone=0.2|link_quality=0.3|n_missions=4|regime=jittery|rrf=60.0,H1,8,3924986795,6,60.0,4,jittery,0.2,0.3,1.5,1.0,0.5,0.5,0.0,1.0,0.9944903581267218,2.5810309627563695,0.6666666666666666,0.6,1.0,1.2666666666666666,4,4,0,3.75,5.0,9.826873540878296,6,60.0,4,0.258396875,0.35833333333333334,0.6959220170974731,0.9504030625000001,0.8546666666666667,0.620331346988678,0.9504030625000001,0.6920061875000001,5,,0.9,120.0,0,ok,49.596718549728394,
N=6|dead_zone=0.2|link_quality=0.3|n_missions=4|regime=jittery|rrf=60.0,H0,9,730444219,6,60.0,4,jittery,0.2,0.3,1.25,0.75,0.25,0.25,0.0,0.5,0.46296296296296297,1.5219280948873621,0.5,0.46296296296296297,,,4,0,0,0.0,0.0,0.0,6,60.0,4,0.2569555,0.3575,0.695949137210846,0.9074385625,0.7295,0.6439638733863831,0.9074385625,0.6504830625,5,,0.9,,,ok,13.141471147537231,
N=6|dead_zone=0.2|link_quality=0.3|n_missions=4|regime=jittery|rrf=60.0,H1,9,730444219,6,60.0,4,jittery,0.2,0.3,1.5,1.0,0.5,0.0,0.0,1.0,0.9768740031897927,2.568092578760857,0.6666666666666666,0.6,1.0,1.8888888888888888,4,4,0,2.25,3.0,6.382503986358643,6,60.0,4,0.2569555,0.3575,0.695949137210846,0.9066347499999999,0.8298333333333333,0.5832688212394714,0.9066347499999999,0.6496792499999999,5,,0.9,120.0,0,ok,36.70975852012634,
N=6|dead_zone=0.2|link_quality=0.3|n_missions=4|regime=jittery|rrf=60.0,H0,10,2204072595,6,60.0,4,jittery,0.2,0.3,0.5,0.5,0.0,0.0,0.0,0.3333333333333333,0.3333333333333333,1.0,0.3333333333333333,0.3333333333333333,,,4,0,0,0.0,0.0,0.0,6,60.0,4,0.26838431250000006,0.35833333333333334,0.695931613445282,0.7367653125,0.6668333333333333,0.6686278581619263,0.7367653125,0.46838099999999994,5,,0.9,,,ok,9.415118217468262,
N=6|dead_zone=0.2|link_quality=0.3|n_missions=4|regime=jittery|rrf=60.0,H1,10,2204072595,6,60.0,4,jittery,0.2,0.3,2.0,1.0,0.75,0.75,0.0,1.0,0.9803921568627451,2.5700813738380264,0.8333333333333334,0.7619047619047619,1.0,1.2666666666666666,4,4,0,3.75,4.75,9.194689333438873,6,60.0,4,0.26838431250000006,0.35833333333333334,0.695931613445282,0.9424195625,0.8655,0.5910399556159973,0.9424195625,0.67403525,5,,0.9,120.0,0,ok,46.89228963851929,
N=6|dead_zone=0.2|link_quality=0.3|n_missions=4|regime=jittery|rrf=60.0,H0,11,748054067,6,60.0,4,jittery,0.2,0.3,1.75,1.0,0.5,0.25,0.0,0.6666666666666666,0.6282051282051282,1.9502120649147465,0.6666666666666666,0.6282051282051282,,,4,0,0,0.0,0.0,0.0,6,60.0,4,0.26069393750000003,0.3575,0.6959758996963501,0.951191875,0.8891666666666667,0.5772578716278076,0.951191875,0.6904979375,5,,0.9,,,ok,15.302791357040405,
N=6|dead_zone=0.2|link_quality=0.3|n_missions=4|regime=jittery|rrf=60.0,H1,11,748054067,6,60.0,4,jittery,0.2,0.3,0.75,0.75,0.0,0.0,0.0,1.0,0.9473684210526315,2.5419822842863984,0.5,0.5,0.75,1.3076923076923077,3,4,0,3.25,3.75,9.82779312133789,6,60.0,4,0.26069393750000003,0.3575,0.6959758996963501,0.9182390625,0.808,0.6249077320098877,0.9182390625,0.657545125,4,,0.9,120.0,0,ok,50.31460165977478,
N=6|dead_zone=0.2|link_quality=0.3|n_missions=4|regime=jittery|rrf=60.0,H0,12,4284170487,6,60.0,4,jittery,0.2,0.3,0.75,0.75,0.0,0.0,0.0,0.3333333333333333,0.3,0.9182958340544896,0.3333333333333333,0.3,,,4,0,0,0.0,0.0,0.0,6,60.0,4,0.2695794375,0.36033333333333334,0.6959244608879089,0.913798375,0.8275,0.6400418877601624,0.913798375,0.6442189375,5,,0.9,,,ok,9.484047651290894,
N=6|dead_zone=0.2|link_quality=0.3|n_missions=4|regime=jittery|rrf=60.0,H1,12,4284170487,6,60.0,4,jittery,0.2,0.3,1.25,1.0,0.25,0.25,0.0,1.0,0.9259259259259259,2.5301249653149704,0.3333333333333333,0.32051282051282054,1.0,1.2,4,4,0,2.5,4.0,5.453350365161896,6,60.0,4,0.2695794375,0.36033333333333334,0.6959244608879089,0.9223079375000001,0.8073333333333333,0.5771759748458862,0.9223079375000001,0.6527285,5,,0.9,120.0,0,ok,31.781418561935425,
N=6|dead_zone=0.2|link_quality=0.3|n_missions=4|regime=jittery|rrf=60.0,H0,13,381052943,6,60.0,4,jittery,0.2,0.3,0.75,0.5,0.25,0.0,0.0,0.3333333333333333,0.3,0.9182958340544896,0.3333333333333333,0.3,,,4,0,0,0.0,0.0,0.0,6,60.0,4,0.250469375,0.3566666666666667,0.6960039138793945,0.8589853749999999,0.7683333333333333,0.6742315888404846,0.8589853749999999,0.608516,5,,0.9,,,ok,9.462687492370605,
N=6|dead_zone=0.2|link_quality=0.3|n_missions=4|regime=jittery|rrf=60.0,H1,13,381052943,6,60.0,4,jittery,0.2,0.3,1.5,1.0,0.5,1.0,0.0,1.0,0.9036144578313253,2.5058231002082847,0.6666666666666666,0.5,1.0,1.5,4,4,0,2.0,4.0,5.655212104320526,6,60.0,4,0.250469375,0.3566666666666667,0.6960039138793945,0.9540216250000001,0.7945,0.5575635433197021,0.9540216250000001,0.7035522500000001,5,,0.9,120.0,0,ok,32.6288640499115,
N=6|dead_zone=0.2|link_quality=0.3|n_missions=4|regime=jittery|rrf=60.0,H0,14,2821674926,6,60.0,4,jittery,0.2,0.3,0.5,0.5,0.0,0.0,0.0,0.3333333333333333,0.3333333333333333,1.0,0.3333333333333333,0.3333333333333333,,,4,0,0,0.0,0.0,0.0,6,60.0,4,0.27450687500000004,0.3575,0.6959043145179749,0.8799469375,0.8248333333333333,0.6650774478912354,0.8799469375,0.6054400624999999,5,,0.9,,,ok,9.964003086090088,
N=6|dead_zone=0.2|link_quality=0.3|n_missions=4|regime=jittery|rrf=60.0,H1,14,2821674926,6,60.0,4,jittery,0.2,0.3,1.0,0.75,0.25,0.0,0.0,1.0,0.9638783269961977,2.5576960545647154,0.3333333333333333,0.3333333333333333,0.75,1.4615384615384615,3,4,0,3.25,3.5,10.662423133850098,6,60.0,4,0.27450687500000004,0.3575,0.6959043145179749,0.8912319999999999,0.7871666666666667,0.6213858127593994,0.8912319999999999,0.6167251249999999,4,,0.9,120.0,0,ok,53.637410163879395,
N=6|dead_zone=0.2|link_quality=0.3|n_missions=4|regime=jittery|rrf=60.0,H0,15,3622488151,6,60.0,4,jittery,0.2,0.3,1.0,0.5,0.5,0.0,0.0,0.5,0.4444444444444444,1.5,0.5,0.4444444444444444,,,4,0,0,0.0,0.0,0.0,6,60.0,4,0.2857030625,0.36233333333333334,0.6958263516426086,0.870271875,0.7313333333333333,0.6677032709121704,0.870271875,0.5845688125,5,,0.9,,,ok,11.885159492492676,
N=6|dead_zone=0.2|link_quality=0.3|n_missions=4|regime=jittery|rrf=60.0,H1,15,3622488151,6,60.0,4,jittery,0.2,0.3,1.0,0.5,0.5,0.0,0.0,1.0,0.9407158836689038,2.5395226027180158,0.5,0.4444444444444444,0.5,1.6,2,4,0,2.5,2.0,6.9129385352134705,6,60.0,4,0.2857030625,0.36233333333333334,0.6958263516426086,0.9064285625,0.8133333333333334,0.6660127639770508,0.9064285625,0.6207255,3,,0.9,120.0,0,ok,37.742607831954956,
N=6|dead_zone=0.2|link_quality=0.3|n_missions=4|regime=jittery|rrf=60.0,H0,16,114518060,6,60.0,4,jittery,0.2,0.3,1.25,1.0,0.25,0.0,0.0,0.3333333333333333,0.32051282051282054,0.9709505944546686,0.3333333333333333,0.32051282051282054,,,4,0,0,0.0,0.0,0.0,6,60.0,4,0.2696218125,0.35683333333333334,0.6959390640258789,0.9365431875,0.879,0.5852658152580261,0.9365431875,0.666921375,5,,0.9,,,ok,10.655831098556519,
N=6|dead_zone=0.2|link_quality=0.3|n_missions=4|regime=jittery|rrf=60.0,H1,16,114518060,6,60.0,4,jittery,0.2,0.3,2.25,1.0,0.75,0.5,0.0,1.0,1.0,2.584962500721156,0.6666666666666666,0.6428571428571429,1.0,2.1818181818181817,4,4,0,2.75,2.75,7.896922290325165,6,60.0,4,0.2696218125,0.35683333333333334,0.6959390640258789,0.9531891875000001,0.857,0.5652763843536377,0.9531891875000001,0.6835673750000002,5,,0.9,120.0,0,ok,42.42968726158142,
N=6|dead_zone=0.2|link_quality=0.3|n_missions=4|regime=jittery|rrf=60.0,H0,17,517022915,6,60.0,4,jittery,0.2,0.3,1.0,0.75,0.25,0.0,0.0,0.5,0.4444444444444444,1.5,0.5,0.4444444444444444,,,4,0,0,0.0,0.0,0.0,6,60.0,4,0.2573641875,0.3575,0.6959485411643982,0.9099908124999999,0.7581666666666667,0.6338491439819336,0.9099908124999999,0.6526266249999999,5,,0.9,,,ok,12.46651554107666,
N=6|dead_zone=0.2|link_quality=0.3|n_missions=4|regime=jittery|rrf=60.0,H1,17,517022915,6,60.0,4,jittery,0.2,0.3,2.0,1.0,0.75,0.25,0.0,1.0,1.0,2.584962500721156,0.8333333333333334,0.7619047619047619,1.0,2.0,4,4,0,3.0,2.75,9.37952435016632,6,60.0,4,0.2573641875,0.3575,0.6959485411643982,0.9683854375,0.9056666666666666,0.5856245756149292,0.9683854375,0.7110212499999999,5,3,0.9,120.0,0,ok,48.423504114151,
N=6|dead_zone=0.2|link_quality=0.3|n_missions=4|regime=jittery|rrf=60.0,H0,18,3584543510,6,60.0,4,jittery,0.2,0.3,1.25,0.75,0.5,0.0,0.0,0.5,0.3787878787878788,1.3709505944546687,0.5,0.3787878787878788,,,4,0,0,0.0,0.0,0.0,6,60.0,4,0.261061125,0.3591666666666667,0.6959506869316101,0.8971511249999999,0.7835,0.626673698425293,0.8971511249999999,0.6360899999999999,5,,0.9,,,ok,11.930549621582031,
N=6|dead_zone=0.2|link_quality=0.3|n_missions=4|regime=jittery|rrf=60.0,H1,18,3584543510,6,60.0,4,jittery,0.2,0.3,2.5,0.75,0.75,0.75,0.0,1.0,0.9908256880733946,2.5782520862715406,1.0,0.8333333333333334,0.75,1.5,3,4,0,3.5,3.0,7.725161373615265,6,60.0,4,0.261061125,0.3591666666666667,0.6959506869316101,0.931908625,0.8516666666666667,0.6313255429267883,0.931908625,0.6708475,4,,0.9,120.0,0,ok,41.05808782577515,
N=6|dead_zone=0.2|link_quality=0.3|n_missions=4|regime=jittery|rrf=60.0,H0,19,578403063,6,60.0,4,jittery,0.2,0.3,0.75,0.75,0.0,0.0,0.0,0.3333333333333333,0.3,0.9182958340544896,0.3333333333333333,0.3,,,4,0,0,0.0,0.0,0.0,6,60.0,4,0.256320625,0.3561666666666667,0.6959835886955261,0.9207127499999999,0.7901666666666667,0.6443738341331482,0.9207127499999999,0.6643921249999998,5,,0.9,,,ok,10.05190134048462,
N=6|dead_zone=0.2|link_quality=0.3|n_missions=4|regime=jittery|rrf=60.0,H1,19,578403063,6,60.0,4,jittery,0.2,0.3,1.5,1.0,0.25,0.25,0.0,1.0,0.9003115264797508,2.495824228840344,0.5,0.5,1.0,1.3333333333333333,4,4,0,3.0,4.75,7.890153169631958,6,60.0,4,0.256320625,0.3561666666666667,0.6959835886955261,0.9511835625,0.8353333333333334,0.5940207242965698,0.9511835625,0.6948629374999999,5,,0.9,120.0,0,ok,42.171578884124756,
N=6|dead_zone=0.2|link_quality=0.5|n_missions=4|regime=jittery|rrf=60.0,H0,0,1125387818,6,60.0,4,jittery,0.2,0.5,1.25,0.75,0.5,0.0,0.0,0.6666666666666666,0.5952380952380952,1.9219280948873623,0.6666666666666666,0.5952380952380952,,,4,0,0,0.0,0.0,0.0,6,60.0,4,0.2561405625,0.35683333333333334,0.6959709525108337,0.9212560625,0.815,0.6509621739387512,0.9212560625,0.6651155,5,,0.9,,,ok,14.151276588439941,
N=6|dead_zone=0.2|link_quality=0.5|n_missions=4|regime=jittery|rrf=60.0,H1,0,1125387818,6,60.0,4,jittery,0.2,0.5,1.5,1.0,0.5,0.5,0.0,1.0,0.9496124031007752,2.5410778334035165,0.8333333333333334,0.75,1.0,2.4285714285714284,4,4,0,1.75,3.0,5.662766396999359,6,60.0,4,0.2561405625,0.35683333333333334,0.6959709525108337,0.9833818749999998,0.802,0.5682682394981384,0.9833818749999998,0.7272413124999999,5,,0.9,120.0,0,ok,32.87502074241638,
N=6|dead_zone=0.2|link_quality=0.5|n_missions=4|regime=jittery|rrf=60.0,H0,1,2549584357,6,60.0,4,jittery,0.2,0.5,1.75,1.0,0.75,0.0,0.0,0.6666666666666666,0.5444444444444444,1.8423709931771088,0.6666666666666666,0.5444444444444444,,,4,0,0,0.0,0.0,0.0,6,60.0,4,0.27515456250000003,0.35983333333333334,0.6959079504013062,0.9494326875,0.9045,0.5642905235290527,0.9494326875,0.674278125,5,4,0.9,,,ok,14.63074517250061,
N=6|dead_zone=0.2|link_quality=0.5|n_missions=4|regime=jittery|rrf=60.0,H1,1,2549584357,6,60.0,4,jittery,0.2,0.5,2.5,1.0,1.0,0.5,0.0,1.0,1.0,2.584962500721156,0.8333333333333334,0.7575757575757576,1.0,2.4,4,4,0,2.5,2.75,8.622500658035278,6,60.0,4,0.27515456250000003,0.35983333333333334,0.6959079504013062,0.9447732499999999,0.8776666666666667,0.5873435735702515,0.9447732499999999,0.6696186874999999,5,,0.9,120.0,0,ok,44.75274467468262,
N=6|dead_zone=0.2|link_quality=0.5|n_missions=4|regime=jittery|rrf=60.0,H0,2,3510487655,6,60.0,4,jittery,0.2,0.5,1.0,1.0,0.0,0.0,0.0,0.3333333333333333,0.3333333333333333,1.0,0.3333333333333333,0.3333333333333333,,,4,0,0,0.0,0.0,0.0,6,60.0,4,0.260760125,0.3561666666666667,0.6959506869316101,0.9269460000000002,0.7973333333333333,0.5714691281318665,0.9270292500000001,0.6661858750000001,5,,0.9,,,ok,10.564055442810059,
N=6|dead_zone=0.2|link_quality=0.5|n_missions=4|regime=jittery|rrf=60.0,H1,2,3510487655,6,60.0,4,jittery,0.2,0.5,2.0,1.0,1.0,0.0,0.0,1.0,0.9941176470588236,2.580689952806082,0.8333333333333334,0.6666666666666666,1.0,1.5833333333333333,4,4,0,3.0,3.5,9.20028406381607,6,60.0,4,0.260760125,0.3561666666666667,0.6959506869316101,0.9509099375000001,0.9,0.5754525065422058,0.9509099375000001,0.6901498125000001,5,4,0.9,120.0,0,ok,47.837533473968506,
N=6|dead_zone=0.2|link_quality=0.5|n_missions=4|regime=jittery|rrf=60.0,H0,3,2967462570,6,60.0,4,jittery,0.2,0.5,2.25,1.0,1.0,0.25,0.0,0.6666666666666666,0.6428571428571429,1.974937501201927,0.6666666666666666,0.6428571428571429,,,4,0,0,0.0,0.0,0.0,6,60.0,4,0.2578119375,0.357,0.6959769129753113,0.95545475,0.8436666666666667,0.5696526765823364,0.95545475,0.6976428125,5,,0.9,,,ok,15.318090915679932,
N=6|dead_zone=0.2|link_quality=0.5|n_missions=4|regime=jittery|rrf=60.0,H1,3,2967462570,6,60.0,4,jittery,0.2,0.5,1.75,0.75,0.5,0.25,0.0,1.0,0.9801864801864801,2.570439739002145,0.8333333333333334,0.6282051282051282,0.75,1.4,2,4,0,2.5,3.0,5.964998424053192,6,60.0,4,0.2578119375,0.357,0.6959769129753113,0.8482876875,0.5748333333333333,0.6719517111778259,0.8482876875,0.5904757500000001,3,,0.9,120.0,0,ok,34.20214486122131,
N=6|dead_zone=0.2|link_quality=0.5|n_missions=4|regime=jittery|rrf=60.0,H0,4,3254545573,6,60.0,4,jittery,0.2,0.5,0.75,0.5,0.25,0.0,0.0,0.5,0.5,1.584962500721156,0.5,0.5,,,4,0,0,0.0,0.0,0.0,6,60.0,4,0.257962375,0.3555,0.6959430575370789,0.8895816875,0.7951666666666667,0.664861261844635,0.8895816875,0.6316193125,5,,0.9,,,ok,17.69619083404541,
N=6|dead_zone=0.2|link_quality=0.5|n_missions=4|regime=jittery|rrf=60.0,H1,4,3254545573,6,60.0,4,jittery,0.2,0.5,1.5,0.5,0.5,0.5,0.0,1.0,0.9959349593495935,2.581896859914352,0.6666666666666666,0.6,0.5,1.4285714285714286,2,4,0,3.5,2.0,9.593843638896942,6,60.0,4,0.257962375,0.3555,0.6959430575370789,0.8738378124999999,0.7521666666666667,0.6609671711921692,0.8738378124999999,0.6158754375,3,,0.9,120.0,0,ok,48.734617948532104,
N=6|dead_zone=0.2|link_quality=0.5|n_missions=4|regime=jittery|rrf=60.0,H0,5,2669851898,6,60.0,4,jittery,0.2,0.5,1.75,0.75,0.75,0.25,0.0,0.8333333333333334,0.7424242424242424,2.2359263506290326,0.8333333333333334,0.7424242424242424,,,4,0,0,0.0,0.0,0.0,6,60.0,4,0.258039875,0.3556666666666667,0.6959676146507263,0.9059827500000001,0.8313333333333334,0.6392939686775208,0.9059827500000001,0.647942875,5,,0.9,,,ok,16.831100702285767,
N=6|dead_zone=0.2|link_quality=0.5|n_missions=4|regime=jittery|rrf=60.0,H1,5,2669851898,6,60.0,4,jittery,0.2,0.5,2.75,1.0,1.0,0.5,0.0,1.0,1.0,2.584962500721156,1.0,0.8768115942028986,1.0,2.4,4,4,0,2.5,2.75,7.11260712146759,6,60.0,4,0.258039875,0.3556666666666667,0.6959676146507263,0.9579293124999999,0.8243333333333334,0.5570393800735474,0.9579293124999999,0.6998894375,5,,0.9,120.0,0,ok,38.56792950630188,
N=6|dead_zone=0.2|link_quality=0.5|n_missions=4|regime=jittery|rrf=60.0,H0,6,252683462,6,60.0,4,jittery,0.2,0.5,1.25,0.75,0.5,0.0,0.0,0.6666666666666666,0.5952380952380952,1.9219280948873623,0.6666666666666666,0.5952380952380952,,,4,0,0,0.0,0.0,0.0,6,60.0,4,0.2685341875,0.357,0.6959136724472046,0.9427419375,0.8276666666666667,0.6430028676986694,0.9427419375,0.67420775,5,,0.9,,,ok,14.47368335723877,
N=6|dead_zone=0.2|link_quality=0.5|n_missions=4|regime=jittery|rrf=60.0,H1,6,252683462,6,60.0,4,jittery,0.2,0.5,1.25,1.0,0.25,0.25,0.0,1.0,0.9377289377289377,2.537101752714581,0.5,0.3787878787878788,1.0,1.1666666666666667,4,4,0,3.0,4.0,7.541775643825531,6,60.0,4,0.2685341875,0.357,0.6959136724472046,0.9181472500000001,0.8125,0.5646204948425293,0.9181472500000001,0.6496130625000001,5,,0.9,120.0,0,ok,40.413642168045044,
N=6|dead_zone=0.2|link_quality=0.5|n_missions=4|regime=jittery|rrf=60.0,H0,7,4290118643,6,60.0,4,jittery,0.2,0.5,1.25,0.75,0.25,0.25,0.0,0.6666666666666666,0.5952380952380952,1.9219280948873623,0.6666666666666666,0.5952380952380952,,,4,0,0,0.0,0.0,0.0,6,60.0,4,0.2593896875,0.35983333333333334,0.6959757208824158,0.9502582500000001,0.7973333333333333,0.6289782524108887,0.9502582500000001,0.6908685625000001,5,,0.9,,,ok,14.428222179412842,
N=6|dead_zone=0.2|link_quality=0.5|n_missions=4|regime=jittery|rrf=60.0,H1,7,4290118643,6,60.0,4,jittery,0.2,0.5,0.75,0.5,0.25,0.0,0.0,1.0,0.9918032786885246,2.578992712198113,0.3333333333333333,0.3,0.5,1.5,2,4,0,3.0,2.0,9.026409029960632,6,60.0,4,0.2593896875,0.35983333333333334,0.6959757208824158,0.8369050625,0.668,0.6746516823768616,0.8369050625,0.5775153749999999,3,,0.9,120.0,0,ok,46.25090312957764,
N=6|dead_zone=0.2|link_quality=0.5|n_missions=4|regime=jittery|rrf=60.0,H0,8,3730797270,6,60.0,4,jittery,0.2,0.5,1.5,1.0,0.25,0.25,0.0,0.6666666666666666,0.6,1.9182958340544896,0.6666666666666666,0.6,,,4,0,0,0.0,0.0,0.0,6,60.0,4,0.28749212500000004,0.3576666666666667,0.6958206295967102,0.9588888125,0.89,0.586792528629303,0.9588888125,0.6713966874999999,5,,0.9,,,ok,14.337495803833008,
N=6|dead_zone=0.2|link_quality=0.5|n_missions=4|regime=jittery|rrf=60.0,H1,8,3730797270,6,60.0,4,jittery,0.2,0.5,2.75,1.0,1.0,0.5,0.0,1.0,1.0,2.584962500721156,1.0,0.9603174603174603,1.0,2.0,4,4,0,3.0,3.0,8.60909241437912,6,60.0,4,0.28749212500000004,0.3576666666666667,0.6958206295967102,0.9479008124999999,0.8203333333333334,0.5726742148399353,0.9479008124999999,0.6604086874999999,5,,0.9,120.0,0,ok,44.46931600570679,
N=6|dead_zone=0.2|link_quality=0.5|n_missions=4|regime=jittery|rrf=60.0,H0,9,2691222638,6,60.0,4,jittery,0.2,0.5,2.5,1.0,0.75,0.5,0.0,0.6666666666666666,0.5952380952380952,1.9219280948873623,0.6666666666666666,0.5952380952380952,,,4,0,0,0.0,0.0,0.0,6,60.0,4,0.281604125,0.354,0.69586580991745,0.9400593125,0.8773333333333333,0.5610219836235046,0.9400593125,0.6584551875,5,,0.9,,,ok,15.445157527923584,
N=6|dead_zone=0.2|link_quality=0.5|n_missions=4|regime=jittery|rrf=60.0,H1,9,2691222638,6,60.0,4,jittery,0.2,0.5,2.0,1.0,0.75,0.25,0.0,1.0,0.9818181818181818,2.571541671821925,1.0,0.8888888888888888,1.0,2.0,4,4,0,2.25,3.0,6.35609757900238,6,60.0,4,0.281604125,0.354,0.69586580991745,0.95285425,0.795,0.5625218749046326,0.95285425,0.671250125,5,,0.9,120.0,0,ok,35.49906659126282,
N=6|dead_zone=0.2|link_quality=0.5|n_missions=4|regime=jittery|rrf=60.0,H0,10,3808161416,6,60.0,4,jittery,0.2,0.5,1.5,1.0,0.5,0.0,0.0,0.5,0.42857142857142855,1.4591479170272448,0.5,0.42857142857142855,,,4,0,0,0.0,0.0,0.0,6,60.0,4,0.27919931249999996,0.35483333333333333,0.695874035358429,0.9415481874999999,0.8733333333333333,0.5634082555770874,0.9415481874999999,0.662348875,5,,0.9,,,ok,12.355971813201904,
N=6|dead_zone=0.2|link_quality=0.5|n_missions=4|regime=jittery|rrf=60.0,H1,10,3808161416,6,60.0,4,jittery,0.2,0.5,2.0,1.0,0.75,0.25,0.0,1.0,1.0,2.584962500721156,0.8333333333333334,0.7619047619047619,1.0,2.0,4,4,0,3.0,3.0,8.699860095977783,6,60.0,4,0.27919931249999996,0.35483333333333333,0.695874035358429,0.9579900625000001,0.8841666666666667,0.5697379112243652,0.9579900625000001,0.6787907500000001,5,,0.9,120.0,0,ok,45.2844934463501,
N=6|dead_zone=0.2|link_quality=0.5|n_missions=4|regime=jittery|rrf=60.0,H0,11,804503072,6,60.0,4,jittery,0.2,0.5,0.5,0.5,0.0,0.0,0.0,0.3333333333333333,0.3333333333333333,1.0,0.3333333333333333,0.3333333333333333,,,4,0,0,0.0,0.0,0.0,6,60.0,4,0.279969125,0.36133333333333334,0.6958504319190979,0.8242308125,0.7483333333333333,0.6686084866523743,0.8242308125,0.5442616874999999,5,,0.9,,,ok,9.402890920639038,
N=6|dead_zone=0.2|link_quality=0.5|n_missions=4|regime=jittery|rrf=60.0,H1,11,804503072,6,60.0,4,jittery,0.2,0.5,1.25,1.0,0.25,0.25,0.0,1.0,0.9603174603174603,2.5555489577791533,0.6666666666666666,0.5952380952380952,1.0,1.3636363636363635,3,4,0,2.75,4.0,6.885080337524414,6,60.0,4,0.279969125,0.36133333333333334,0.6958504319190979,0.9211286249999999,0.797,0.6427828073501587,0.9211286249999999,0.6411594999999999,4,,0.9,120.0,0,ok,37.664692401885986,
N=6|dead_zone=0.2|link_quality=0.5|n_missions=4|regime=jittery|rrf=60.0,H0,12,4162853654,6,60.0,4,jittery,0.2,0.5,2.5,1.0,1.0,0.5,0.0,0.6666666666666666,0.5952380952380952,1.895461844238322,0.6666666666666666,0.5952380952380952,,,4,0,0,0.0,0.0,0.0,6,60.0,4,0.257098,0.3566666666666667,0.6959884166717529,0.95385425,0.7956666666666666,0.5596218705177307,0.95385425,0.69675625,5,,0.9,,,ok,15.319881200790405,
N=6|dead_zone=0.2|link_quality=0.5|n_missions=4|regime=jittery|rrf=60.0,H1,12,4162853654,6,60.0,4,jittery,0.2,0.5,1.5,1.0,0.25,0.25,0.0,1.0,0.9676145339652449,2.5597927486050476,0.8333333333333334,0.75,1.0,1.7,4,4,0,2.5,4.0,7.157551050186157,6,60.0,4,0.257098,0.3566666666666667,0.6959884166717529,0.9594637500000001,0.7936666666666666,0.5590001344680786,0.9594637500000001,0.70236575,5,,0.9,120.0,0,ok,38.77323842048645,
N=6|dead_zone=0.2|link_quality=0.5|n_missions=4|regime=jittery|rrf=60.0,H0,13,1922365360,6,60.0,4,jittery,0.2,0.5,2.0,1.0,0.5,0.25,0.0,0.8333333333333334,0.7619047619047619,2.25,0.8333333333333334,0.7619047619047619,,,4,0,0,0.0,0.0,0.0,6,60.0,4,0.27307975,0.3556666666666667,0.6959109902381897,0.9647526250000001,0.7913333333333333,0.554715096950531,0.9647526250000001,0.6916728750000001,5,,0.9,,,ok,17.57141137123108,
N=6|dead_zone=0.2|link_quality=0.5|n_missions=4|regime=jittery|rrf=60.0,H1,13,1922365360,6,60.0,4,jittery,0.2,0.5,1.0,0.75,0.25,0.25,0.0,1.0,0.953514739229025,2.5478527723796076,0.6666666666666666,0.6666666666666666,0.75,1.3333333333333333,3,4,0,3.0,3.75,8.515106439590454,6,60.0,4,0.27307975,0.3556666666666667,0.6959109902381897,0.89829,0.8378333333333333,0.6264733672142029,0.89829,0.6252102500000001,4,,0.9,120.0,0,ok,44.827197790145874,
N=6|dead_zone=0.2|link_quality=0.5|n_missions=4|regime=jittery|rrf=60.0,H0,14,1628692899,6,60.0,4,jittery,0.2,0.5,1.5,1.0,0.5,0.0,0.0,0.3333333333333333,0.3,0.9182958340544896,0.3333333333333333,0.3,,,4,0,0,0.0,0.0,0.0,6,60.0,4,0.2666968125,0.35983333333333334,0.6959230303764343,0.9481043750000001,0.9013333333333333,0.5610863566398621,0.9481043750000001,0.6814075625000001,5,4,0.9,,,ok,10.468217372894287,
N=6|dead_zone=0.2|link_quality=0.5|n_missions=4|regime=jittery|rrf=60.0,H1,14,1628692899,6,60.0,4,jittery,0.2,0.5,1.0,1.0,0.0,0.0,0.0,1.0,0.9152380952380952,2.51653078086117,0.16666666666666666,0.16666666666666666,1.0,1.0833333333333333,4,4,0,3.0,5.0,7.7215763330459595,6,60.0,4,0.2666968125,0.35983333333333334,0.6959230303764343,0.9286203749999999,0.9115,0.5961142778396606,0.9286203749999999,0.6619235625,5,4,0.9,120.0,0,ok,41.179447174072266,
N=6|dead_zone=0.2|link_quality=0.5|n_missions=4|regime=jittery|rrf=60.0,H0,15,1543566816,6,60.0,4,jittery,0.2,0.5,1.75,0.75,0.75,0.25,0.0,0.6666666666666666,0.5444444444444444,1.8423709931771088,0.6666666666666666,0.5444444444444444,,,4,0,0,0.0,0.0,0.0,6,60.0,4,0.27859500000000004,0.35383333333333333,0.6958684921264648,0.924634,0.8473333333333334,0.649137020111084,0.924634,0.6460389999999999,5,,0.9,,,ok,14.825896263122559,
N=6|dead_zone=0.2|link_quality=0.5|n_missions=4|regime=jittery|rrf=60.0,H1,15,1543566816,6,60.0,4,jittery,0.2,0.5,2.5,1.0,1.0,1.0,0.0,1.0,0.94750656167979,2.5370772562283324,0.6666666666666666,0.5952380952380952,1.0,1.6666666666666667,4,4,0,3.0,4.0,7.144367933273315,6,60.0,4,0.27859500000000004,0.35383333333333333,0.6958684921264648,0.9415404375,0.8646666666666667,0.5904036164283752,0.9415404375,0.6629454375,5,,0.9,120.0,0,ok,38.925769329071045,
N=6|dead_zone=0.2|link_quality=0.5|n_missions=4|regime=jittery|rrf=60.0,H0,16,1620327829,6,60.0,4,jittery,0.2,0.5,1.25,0.75,0.5,0.0,0.0,0.5,0.46296296296296297,1.5219280948873621,0.5,0.46296296296296297,,,4,0,0,0.0,0.0,0.0,6,60.0,4,0.27557562500000005,0.35933333333333334,0.6958796977996826,0.941953,0.844,0.6388078331947327,0.941953,0.6663773749999999,5,,0.9,,,ok,13.782144784927368,
N=6|dead_zone=0.2|link_quality=0.5|n_missions=4|regime=jittery|rrf=60.0,H1,16,1620327829,6,60.0,4,jittery,0.2,0.5,1.5,1.0,0.25,0.25,0.0,1.0,0.9818181818181818,2.571541671821925,0.6666666666666666,0.5,1.0,1.8,4,4,0,2.5,2.75,6.366638958454132,6,60.0,4,0.27557562500000005,0.35933333333333334,0.6958796977996826,0.9635068125,0.8605,0.5487019419670105,0.9635068125,0.6879311875,5,,0.9,120.0,0,ok,37.21644902229309,
N=6|dead_zone=0.2|link_quality=0.5|n_missions=4|regime=jittery|rrf=60.0,H0,17,3505550941,6,60.0,4,jittery,0.2,0.5,0.5,0.5,0.0,0.0,0.0,0.3333333333333333,0.3333333333333333,1.0,0.3333333333333333,0.3333333333333333,,,4,0,0,0.0,0.0,0.0,6,60.0,4,0.2686355624999999,0.3565,0.6958836317062378,0.8641840000000001,0.8003333333333333,0.6663711667060852,0.8641840000000001,0.5955484375000002,5,,0.9,,,ok,9.58539867401123,
N=6|dead_zone=0.2|link_quality=0.5|n_missions=4|regime=jittery|rrf=60.0,H1,17,3505550941,6,60.0,4,jittery,0.2,0.5,1.0,0.75,0.25,0.0,0.0,1.0,0.9768740031897927,2.5666948891817953,0.6666666666666666,0.6666666666666666,0.75,1.5833333333333333,3,4,0,3.0,3.0,9.97579139471054,6,60.0,4,0.2686355624999999,0.3565,0.6958836317062378,0.9589554375,0.7901666666666667,0.6391474008560181,0.9589554375,0.6903198750000001,4,,0.9,120.0,0,ok,50.04468750953674,
N=6|dead_zone=0.2|link_quality=0.5|n_missions=4|regime=jittery|rrf=60.0,H0,18,1879225268,6,60.0,4,jittery,0.2,0.5,0.75,0.5,0.25,0.0,0.0,0.3333333333333333,0.3,0.9182958340544896,0.3333333333333333,0.3,,,4,0,0,0.0,0.0,0.0,6,60.0,4,0.2646870625,0.3586666666666667,0.6959184408187866,0.910522625,0.757,0.6625590324401855,0.910522625,0.6458355625000001,5,,0.9,,,ok,9.859256505966187,
N=6|dead_zone=0.2|link_quality=0.5|n_missions=4|regime=jittery|rrf=60.0,H1,18,1879225268,6,60.0,4,jittery,0.2,0.5,1.0,1.0,0.0,0.0,0.0,1.0,0.9473684210526315,2.5419822842863984,0.3333333333333333,0.26666666666666666,1.0,1.6363636363636365,4,4,0,2.75,3.5,7.1411741971969604,6,60.0,4,0.2646870625,0.3586666666666667,0.6959184408187866,0.9547625624999999,0.885,0.5875382423400879,0.9547625624999999,0.6900754999999998,5,,0.9,120.0,0,ok,38.95344519615173,
N=6|dead_zone=0.2|link_quality=0.5|n_missions=4|regime=jittery|rrf=60.0,H0,19,1863372093,6,60.0,4,jittery,0.2,0.5,0.5,0.5,0.0,0.0,0.0,0.3333333333333333,0.3333333333333333,1.0,0.3333333333333333,0.3333333333333333,,,4,0,0,0.0,0.0,0.0,6,60.0,4,0.280192875,0.3561666666666667,0.6958943605422974,0.8408242500000002,0.7441666666666666,0.665460467338562,0.8408242500000002,0.5606313750000002,5,,0.9,,,ok,9.594939231872559,
N=6|dead_zone=0.2|link_quality=0.5|n_missions=4|regime=jittery|rrf=60.0,H1,19,1863372093,6,60.0,4,jittery,0.2,0.5,1.75,1.0,0.5,0.25,0.0,1.0,0.978319783197832,2.5683164932728872,0.8333333333333334,0.7424242424242424,1.0,2.0,4,4,0,2.5,3.0,7.691454350948334,6,60.0,4,0.280192875,0.3561666666666667,0.6958943605422974,0.9458380624999999,0.8276666666666667,0.5833393335342407,0.9458380624999999,0.6656451874999999,5,,0.9,120.0,0,ok,41.19909071922302,
N=6|dead_zone=0.2|link_quality=0.7|n_missions=4|regime=jittery|rrf=60.0,H0,0,2292977861,6,60.0,4,jittery,0.2,0.7,1.25,0.75,0.5,0.0,0.0,0.6666666666666666,0.5952380952380952,1.9219280948873623,0.6666666666666666,0.5952380952380952,,,4,0,0,0.0,0.0,0.0,6,60.0,4,0.2537946875,0.356,0.6960034370422363,0.9110450625000001,0.8896666666666667,0.6317912936210632,0.9110450625000001,0.657250375,5,,0.9,,,ok,14.461894989013672,
N=6|dead_zone=0.2|link_quality=0.7|n_missions=4|regime=jittery|rrf=60.0,H1,0,2292977861,6,60.0,4,jittery,0.2,0.7,1.25,1.0,0.25,0.0,0.0,1.0,1.0,2.584962500721156,0.5,0.46296296296296297,1.0,2.0,4,4,0,3.0,3.0,9.416162610054016,6,60.0,4,0.2537946875,0.356,0.6960034370422363,0.97207725,0.7886666666666666,0.5611097812652588,0.97207725,0.7182825625,5,,0.9,120.0,0,ok,48.32031846046448,
N=6|dead_zone=0.2|link_quality=0.7|n_missions=4|regime=jittery|rrf=60.0,H0,1,88875009,6,60.0,4,jittery,0.2,0.7,2.25,1.0,0.5,0.25,0.0,0.8333333333333334,0.7105263157894737,2.197159723424149,0.8333333333333334,0.7105263157894737,,,4,0,0,0.0,0.0,0.0,6,60.0,4,0.2559814375,0.3561666666666667,0.6959878206253052,0.9633403125000001,0.9098333333333334,0.5841134786605835,0.9633403125000001,0.707358875,5,4,0.9,,,ok,25.935249090194702,
N=6|dead_zone=0.2|link_quality=0.7|n_missions=4|regime=jittery|rrf=60.0,H1,1,88875009,6,60.0,4,jittery,0.2,0.7,2.75,1.0,0.75,0.5,0.0,1.0,1.0,2.584962500721156,0.8333333333333334,0.7469135802469136,1.0,2.4,3,4,0,2.5,2.5,6.288054406642914,6,60.0,4,0.2559814375,0.3561666666666667,0.6959878206253052,0.89347775,0.7891666666666667,0.6390816569328308,0.89347775,0.6374963124999999,4,,0.9,120.0,0,ok,36.4848690032959,
N=6|dead_zone=0.2|link_quality=0.7|n_missions=4|regime=jittery|rrf=60.0,H0,2,3750655976,6,60.0,4,jittery,0.2,0.7,1.25,0.75,0.5,0.0,0.0,0.5,0.46296296296296297,1.5219280948873621,0.5,0.46296296296296297,,,4,0,0,0.0,0.0,0.0,6,60.0,4,0.278595625,0.35483333333333333,0.6959072351455688,0.9061695,0.8078333333333333,0.6334534287452698,0.9061695,0.627573875,5,,0.9,,,ok,13.494407653808594,
N=6|dead_zone=0.2|link_quality=0.7|n_missions=4|regime=jittery|rrf=60.0,H1,2,3750655976,6,60.0,4,jittery,0.2,0.7,1.5,0.75,0.5,0.25,0.0,1.0,0.9863123993558777,2.574994719337605,0.8333333333333334,0.75,0.75,1.4285714285714286,3,4,0,3.5,3.0,9.089146673679352,6,60.0,4,0.278595625,0.35483333333333333,0.6959072351455688,0.9271946875,0.8048333333333333,0.6118577122688293,0.9271946875,0.6485990625,4,,0.9,120.0,0,ok,47.811055421829224,
N=6|dead_zone=0.2|link_quality=0.7|n_missions=4|regime=jittery|rrf=60.0,H0,3,877390609,6,60.0,4,jittery,0.2,0.7,3.0,1.0,1.0,1.0,0.0,0.8333333333333334,0.75,2.2295739585136225,0.8333333333333334,0.75,,,4,0,0,0.0,0.0,0.0,6,60.0,4,0.2516136875,0.359,0.6959902048110962,0.960024125,0.8688333333333333,0.5748088955879211,0.960024125,0.7084104375,5,,0.9,,,ok,18.709959745407104,
N=6|dead_zone=0.2|link_quality=0.7|n_missions=4|regime=jittery|rrf=60.0,H1,3,877390609,6,60.0,4,jittery,0.2,0.7,1.25,0.75,0.5,0.5,0.0,1.0,0.9258188824662813,2.525901556843535,0.5,0.46296296296296297,0.75,1.2307692307692308,3,4,0,3.25,3.75,9.155958712100983,6,60.0,4,0.2516136875,0.359,0.6959902048110962,0.9226373750000001,0.7865,0.6315053105354309,0.9226373750000001,0.6710236875000001,4,,0.9,120.0,0,ok,46.99159240722656,
N=6|dead_zone=0.2|link_quality=0.7|n_missions=4|regime=jittery|rrf=60.0,H0,4,1153953262,6,60.0,4,jittery,0.2,0.7,2.5,1.0,1.0,0.5,0.0,0.6666666666666666,0.5555555555555556,1.8464393446710154,0.6666666666666666,0.5555555555555556,,,4,0,0,0.0,0.0,0.0,6,60.0,4,0.2789740625,0.35633333333333334,0.695881187915802,0.939532625,0.7935,0.5847796201705933,0.939532625,0.6605585625,5,,0.9,,,ok,15.96722149848938,
N=6|dead_zone=0.2|link_quality=0.7|n_missions=4|regime=jittery|rrf=60.0,H1,4,1153953262,6,60.0,4,jittery,0.2,0.7,2.5,1.0,0.75,0.5,0.0,1.0,0.9712643678160919,2.5608529298361935,0.8333333333333334,0.6944444444444444,1.0,1.75,4,4,0,3.0,4.0,7.860556662082672,6,60.0,4,0.2789740625,0.35633333333333334,0.695881187915802,0.9503540625,0.8543333333333333,0.5560550689697266,0.9503540625,0.67138,5,,0.9,120.0,0,ok,41.63709902763367,
N=6|dead_zone=0.2|link_quality=0.7|n_missions=4|regime=jittery|rrf=60.0,H0,5,162897169,6,60.0,4,jittery,0.2,0.7,2.0,1.0,1.0,0.0,0.0,0.8333333333333334,0.7619047619047619,2.25,0.8333333333333334,0.7619047619047619,,,4,0,0,0.0,0.0,0.0,6,60.0,4,0.270531625,0.3555,0.6959048509597778,0.9543675,0.8411666666666666,0.5544964671134949,0.9543675,0.683835875,5,2,0.9,,,ok,17.72187614440918,
N=6|dead_zone=0.2|link_quality=0.7|n_missions=4|regime=jittery|rrf=60.0,H1,5,162897169,6,60.0,4,jittery,0.2,0.7,1.75,1.0,0.75,0.0,0.0,1.0,0.9876543209876543,2.5752515262260385,0.5,0.4803921568627451,1.0,2.2,3,4,0,2.5,3.0,6.305877089500427,6,60.0,4,0.270531625,0.3555,0.6959048509597778,0.899742125,0.8223333333333334,0.6398622393608093,0.899742125,0.6292104999999999,4,,0.9,120.0,0,ok,35.549179553985596,
N=6|dead_zone=0.2|link_quality=0.7|n_missions=4|regime=jittery|rrf=60.0,H0,6,621639508,6,60.0,4,jittery,0.2,0.7,2.5,1.0,0.75,0.5,0.0,0.8333333333333334,0.7575757575757576,2.2464393446710154,0.8333333333333334,0.7575757575757576,,,4,0,0,0.0,0.0,0.0,6,60.0,4,0.2808125,0.358,0.695855975151062,0.9429658125,0.8853333333333333,0.565575897693634,0.9429658125,0.6621533125,5,,0.9,,,ok,17.830658435821533,
N=6|dead_zone=0.2|link_quality=0.7|n_missions=4|regime=jittery|rrf=60.0,H1,6,621639508,6,60.0,4,jittery,0.2,0.7,2.0,1.0,1.0,0.0,0.0,1.0,0.9950248756218906,2.581290899230692,0.8333333333333334,0.7619047619047619,1.0,2.0,4,4,0,2.75,3.0,7.8713091015815735,6,60.0,4,0.2808125,0.358,0.695855975151062,0.924105625,0.7595,0.5644939541816711,0.924105625,0.643293125,5,,0.9,120.0,0,ok,42.26257801055908,
N=6|dead_zone=0.2|link_quality=0.7|n_missions=4|regime=jittery|rrf=60.0,H0,7,984548389,6,60.0,4,jittery,0.2,0.7,2.0,0.75,0.75,0.5,0.0,0.6666666666666666,0.5925925925925926,1.9056390622295665,0.6666666666666666,0.5925925925925926,,,4,0,0,0.0,0.0,0.0,6,60.0,4,0.28598656250000004,0.3565,0.6958166360855103,0.894325125,0.8731666666666666,0.6493229866027832,0.894325125,0.6083385625,5,,0.9,,,ok,15.394978523254395,
N=6|dead_zone=0.2|link_quality=0.7|n_missions=4|regime=jittery|rrf=60.0,H1,7,984548389,6,60.0,4,jittery,0.2,0.7,1.5,1.0,0.5,0.5,0.0,1.0,0.9307692307692308,2.530622805321796,0.6666666666666666,0.5,1.0,1.5,4,4,0,2.5,4.0,5.627139925956726,6,60.0,4,0.28598656250000004,0.3565,0.6958166360855103,0.947577375,0.7971666666666667,0.5712143778800964,0.947577375,0.6615908125000001,5,,0.9,120.0,0,ok,33.13548564910889,
N=6|dead_zone=0.2|link_quality=0.7|n_missions=4|regime=jittery|rrf=60.0,H0,8,2097425949,6,60.0,4,jittery,0.2,0.7,1.5,0.75,0.5,0.25,0.0,0.6666666666666666,0.6,1.9182958340544896,0.6666666666666666,0.6,,,4,0,0,0.0,0.0,0.0,6,60.0,4,0.27534624999999996,0.35983333333333334,0.6959099769592285,0.9280781875,0.8675,0.6443164348602295,0.9280781875,0.6527319375,5,,0.9,,,ok,14.796816110610962,
N=6|dead_zone=0.2|link_quality=0.7|n_missions=4|regime=jittery|rrf=60.0,H1,8,2097425949,6,60.0,4,jittery,0.2,0.7,0.75,0.5,0.25,0.25,0.0,1.0,0.96,2.5545851693377997,0.3333333333333333,0.3,0.5,1.0909090909090908,2,4,0,2.75,2.5,8.217136204242706,6,60.0,4,0.27534624999999996,0.35983333333333334,0.6959099769592285,0.8690848125,0.8301666666666667,0.6585701704025269,0.8690848125,0.5937385625,3,,0.9,120.0,0,ok,43.17896485328674,
N=6|dead_zone=0.2|link_quality=0.7|n_missions=4|regime=jittery|rrf=60.0,H0,9,372048703,6,60.0,4,jittery,0.2,0.7,2.75,1.0,1.0,0.25,0.0,0.8333333333333334,0.7469135802469136,2.2312702546075758,0.8333333333333334,0.7469135802469136,,,4,0,0,0.0,0.0,0.0,6,60.0,4,0.2845273125000001,0.3596666666666667,0.6958492994308472,0.9438521875000001,0.7871666666666667,0.5921346545219421,0.9438521875000001,0.659324875,5,,0.9,,,ok,18.12154746055603,
N=6|dead_zone=0.2|link_quality=0.7|n_missions=4|regime=jittery|rrf=60.0,H1,9,372048703,6,60.0,4,jittery,0.2,0.7,1.25,1.0,0.25,0.25,0.0,1.0,0.9496124031007752,2.5410778334035165,0.5,0.46296296296296297,1.0,1.5454545454545454,4,4,0,2.75,4.0,7.120890498161316,6,60.0,4,0.2845273125000001,0.3596666666666667,0.6958492994308472,0.9333440625,0.7958333333333333,0.5767610669136047,0.9333440625,0.6488167499999999,5,,0.9,120.0,0,ok,38.80210256576538,
N=6|dead_zone=0.2|link_quality=0.7|n_missions=4|regime=jittery|rrf=60.0,H0,10,2899818832,6,60.0,4,jittery,0.2,0.7,2.25,1.0,0.75,0.25,0.0,0.6666666666666666,0.5869565217391305,1.8910611120726526,0.6666666666666666,0.5869565217391305,,,4,0,0,0.0,0.0,0.0,6,60.0,4,0.2608491875,0.3565,0.6959551572799683,0.9691054375,0.8135,0.57430499792099,0.9691054375,0.70825625,5,,0.9,,,ok,15.465158224105835,
N=6|dead_zone=0.2|link_quality=0.7|n_missions=4|regime=jittery|rrf=60.0,H1,10,2899818832,6,60.0,4,jittery,0.2,0.7,1.75,0.75,0.75,0.25,0.0,1.0,0.9918032786885246,2.578992712198113,0.6666666666666666,0.5444444444444444,0.75,1.6363636363636365,3,4,0,2.75,3.0,8.309154152870178,6,60.0,4,0.2608491875,0.3565,0.6959551572799683,0.92754875,0.734,0.6368072628974915,0.92754875,0.6666995625000001,4,,0.9,120.0,0,ok,43.50649452209473,
N=6|dead_zone=0.2|link_quality=0.7|n_missions=4|regime=jittery|rrf=60.0,H0,11,4084312118,6,60.0,4,jittery,0.2,0.7,2.0,1.0,1.0,0.0,0.0,0.8333333333333334,0.6666666666666666,2.1556390622295662,0.8333333333333334,0.6666666666666666,,,4,0,0,0.0,0.0,0.0,6,60.0,4,0.2536408125,0.36033333333333334,0.6959702372550964,0.9666250000000001,0.7906666666666666,0.5551388263702393,0.9666250000000001,0.7129841875,5,,0.9,,,ok,17.4308180809021,
N=6|dead_zone=0.2|link_quality=0.7|n_missions=4|regime=jittery|rrf=60.0,H1,11,4084312118,6,60.0,4,jittery,0.2,0.7,2.0,1.0,0.5,0.5,0.0,1.0,1.0,2.584962500721156,0.6666666666666666,0.5925925925925926,1.0,2.0,4,4,0,3.0,3.0,8.663901627063751,6,60.0,4,0.2536408125,0.36033333333333334,0.6959702372550964,0.95259675,0.7953333333333333,0.591879665851593,0.95259675,0.6989559375000001,5,,0.9,120.0,0,ok,45.012678146362305,
N=6|dead_zone=0.2|link_quality=0.7|n_missions=4|regime=jittery|rrf=60.0,H0,12,3544990965,6,60.0,4,jittery,0.2,0.7,2.5,1.0,0.75,0.5,0.0,0.6666666666666666,0.5555555555555556,1.8464393446710154,0.6666666666666666,0.5555555555555556,,,4,0,0,0.0,0.0,0.0,6,60.0,4,0.2949881875,0.3605,0.69577556848526,0.94175975,0.7901666666666667,0.5867351293563843,0.94175975,0.6467715625,5,,0.9,,,ok,15.805655479431152,
N=6|dead_zone=0.2|link_quality=0.7|n_missions=4|regime=jittery|rrf=60.0,H1,12,3544990965,6,60.0,4,jittery,0.2,0.7,1.75,1.0,0.75,0.0,0.0,1.0,0.9712643678160919,2.5608529298361935,0.8333333333333334,0.7424242424242424,1.0,2.3333333333333335,4,4,0,2.25,3.0,7.162629663944244,6,60.0,4,0.2949881875,0.3605,0.69577556848526,0.9705306250000001,0.7958333333333333,0.5794524550437927,0.9705306250000001,0.6755424375000001,5,,0.9,120.0,0,ok,38.92765522003174,
N=6|dead_zone=0.2|link_quality=0.7|n_missions=4|regime=jittery|rrf=60.0,H0,13,1753576128,6,60.0,4,jittery,0.2,0.7,2.0,0.75,0.75,0.5,0.0,0.6666666666666666,0.5333333333333333,1.811278124459133,0.6666666666666666,0.5333333333333333,,,4,0,0,0.0,0.0,0.0,6,60.0,4,0.2542135,0.3565,0.6959711313247681,0.9405368749999999,0.8795,0.6259422302246094,0.9405368749999999,0.686323375,5,,0.9,,,ok,15.631805419921875,
N=6|dead_zone=0.2|link_quality=0.7|n_missions=4|regime=jittery|rrf=60.0,H1,13,1753576128,6,60.0,4,jittery,0.2,0.7,2.0,1.0,0.75,0.25,0.0,1.0,0.9627720504009164,2.555826019172307,0.6666666666666666,0.5925925925925926,1.0,1.4285714285714286,4,4,0,3.5,4.0,9.133179724216461,6,60.0,4,0.2542135,0.3565,0.6959711313247681,0.944021625,0.7815,0.5705394148826599,0.944021625,0.689808125,5,,0.9,120.0,0,ok,46.98715782165527,
N=6|dead_zone=0.2|link_quality=0.7|n_missions=4|regime=jittery|rrf=60.0,H0,14,1478423953,6,60.0,4,jittery,0.2,0.7,2.5,0.75,0.75,0.75,0.0,0.8333333333333334,0.6944444444444444,2.170950594454669,0.8333333333333334,0.6944444444444444,,,4,0,0,0.0,0.0,0.0,6,60.0,4,0.2921040625,0.35683333333333334,0.6957849264144897,0.898995875,0.859,0.6423328518867493,0.898995875,0.6068918125,5,,0.9,,,ok,18.076546907424927,
N=6|dead_zone=0.2|link_quality=0.7|n_missions=4|regime=jittery|rrf=60.0,H1,14,1478423953,6,60.0,4,jittery,0.2,0.7,1.25,1.0,0.25,0.0,0.0,1.0,0.9876543209876543,2.5752515262260385,0.5,0.3787878787878788,1.0,2.2,4,4,0,2.5,3.0,7.9115206599235535,6,60.0,4,0.2921040625,0.35683333333333334,0.6957849264144897,0.9618884375000001,0.9363333333333334,0.5869373083114624,0.9618884375000001,0.6697843750000001,5,4,0.9,120.0,0,ok,41.985597133636475,
N=6|dead_zone=0.2|link_quality=0.7|n_missions=4|regime=jittery|rrf=60.0,H0,15,1886600293,6,60.0,4,jittery,0.2,0.7,2.0,1.0,0.75,0.25,0.0,0.6666666666666666,0.48484848484848486,1.75,0.6666666666666666,0.48484848484848486,,,4,0,0,0.0,0.0,0.0,6,60.0,4,0.2641828125,0.35433333333333333,0.6959213614463806,0.9437576875,0.7778333333333334,0.6010658144950867,0.9437576875,0.679574875,5,,0.9,,,ok,15.688074350357056,
N=6|dead_zone=0.2|link_quality=0.7|n_missions=4|regime=jittery|rrf=60.0,H1,15,1886600293,6,60.0,4,jittery,0.2,0.7,2.75,1.0,0.75,0.5,0.0,1.0,0.9950248756218906,2.5812908992306927,1.0,0.7469135802469136,1.0,1.4666666666666666,4,4,0,3.75,4.0,8.653785645961761,6,60.0,4,0.2641828125,0.35433333333333333,0.6959213614463806,0.9442781875,0.9088333333333334,0.577544093132019,0.9442781875,0.6800953750000001,5,4,0.9,120.0,0,ok,44.842111587524414,
N=6|dead_zone=0.2|link_quality=0.7|n_missions=4|regime=jittery|rrf=60.0,H0,16,2983319799,6,60.0,4,jittery,0.2,0.7,2.25,0.75,0.75,0.75,0.0,0.6666666666666666,0.5869565217391305,1.8910611120726526,0.6666666666666666,0.5869565217391305,,,4,0,0,0.0,0.0,0.0,6,60.0,4,0.2543665625,0.3585,0.6959823966026306,0.9102179374999999,0.86,0.6510967016220093,0.9102179374999999,0.6558513749999999,5,,0.9,,,ok,16.38650107383728,
N=6|dead_zone=0.2|link_quality=0.7|n_missions=4|regime=jittery|rrf=60.0,H1,16,2983319799,6,60.0,4,jittery,0.2,0.7,2.75,1.0,1.0,0.75,0.0,1.0,0.9863813229571985,2.5744957240833592,1.0,0.8768115942028986,1.0,2.1,3,4,0,2.5,3.0,7.657308399677277,6,60.0,4,0.2543665625,0.3585,0.6959823966026306,0.9431785625,0.868,0.6295662522315979,0.9431785625,0.688812,4,,0.9,120.0,0,ok,41.26779127120972,
N=6|dead_zone=0.2|link_quality=0.7|n_missions=4|regime=jittery|rrf=60.0,H0,17,556839258,6,60.0,4,jittery,0.2,0.7,1.75,1.0,0.75,0.0,0.0,0.6666666666666666,0.5444444444444444,1.8423709931771084,0.6666666666666666,0.5444444444444444,,,4,0,0,0.0,0.0,0.0,6,60.0,4,0.260079375,0.358,0.6959485411643982,0.9434912499999999,0.7946666666666666,0.6070380806922913,0.9434912499999999,0.6834118749999999,5,,0.9,,,ok,24.65728998184204,
N=6|dead_zone=0.2|link_quality=0.7|n_missions=4|regime=jittery|rrf=60.0,H1,17,556839258,6,60.0,4,jittery,0.2,0.7,0.75,0.75,0.0,0.0,0.0,1.0,0.9029850746268657,2.499727350514103,0.3333333333333333,0.3,0.75,1.3636363636363635,3,4,0,2.75,3.0,8.368810832500458,6,60.0,4,0.260079375,0.358,0.6959485411643982,0.8587239375,0.7913333333333333,0.6517916917800903,0.8611090625000001,0.5986445625,4,,0.9,120.0,0,ok,45.1799795627594,
N=6|dead_zone=0.2|link_quality=0.7|n_missions=4|regime=jittery|rrf=60.0,H0,18,163098764,6,60.0,4,jittery,0.2,0.7,2.5,1.0,1.0,0.5,0.0,0.6666666666666666,0.6410256410256411,1.9709505944546688,0.6666666666666666,0.6410256410256411,,,4,0,0,0.0,0.0,0.0,6,60.0,4,0.26914762499999995,0.3621666666666667,0.6958906054496765,0.9429695625000001,0.8508333333333333,0.5904290676116943,0.9429695625000001,0.6738219375000001,5,,0.9,,,ok,16.44152569770813,
N=6|dead_zone=0.2|link_quality=0.7|n_missions=4|regime=jittery|rrf=60.0,H1,18,163098764,6,60.0,4,jittery,0.2,0.7,2.0,1.0,0.75,0.25,0.0,1.0,1.0,2.584962500721156,0.8333333333333334,0.7619047619047619,1.0,2.0,4,4,0,3.0,3.0,9.401001036167145,6,60.0,4,0.26914762499999995,0.3621666666666667,0.6958906054496765,0.93716275,0.85,0.5683590769767761,0.93716275,0.6680151250000002,5,,0.9,120.0,0,ok,48.07485342025757,
N=6|dead_zone=0.2|link_quality=0.7|n_missions=4|regime=jittery|rrf=60.0,H0,19,667120907,6,60.0,4,jittery,0.2,0.7,1.75,0.75,0.75,0.25,0.0,0.8333333333333334,0.7424242424242424,2.2359263506290326,0.8333333333333334,0.7424242424242424,,,4,0,0,0.0,0.0,0.0,6,60.0,4,0.2620181875,0.3601666666666667,0.6959212422370911,0.9179380000000001,0.8536666666666667,0.6437233090400696,0.9179380000000001,0.6559198125000001,5,,0.9,,,ok,18.10810875892639,
N=6|dead_zone=0.2|link_quality=0.7|n_missions=4|regime=jittery|rrf=60.0,H1,19,667120907,6,60.0,4,jittery,0.2,0.7,1.5,0.75,0.5,0.25,0.0,1.0,0.9444444444444444,2.54146008131956,0.8333333333333334,0.75,0.75,1.7272727272727273,3,4,0,2.75,2.75,9.22544777393341,6,60.0,4,0.2620181875,0.3601666666666667,0.6959212422370911,0.9088101875,0.8236666666666667,0.6441211700439453,0.9088101875,0.646792,4,,0.9,120.0,0,ok,47.879711866378784,
N=6|dead_zone=0.4|link_quality=0.3|n_missions=4|regime=jittery|rrf=60.0,H0,0,3753595226,6,60.0,4,jittery,0.4,0.3,0.75,0.5,0.25,0.0,0.0,0.3333333333333333,0.3,0.9182958340544896,0.3333333333333333,0.3,,,4,0,0,0.0,0.0,0.0,6,60.0,4,0.2536359375,0.3561666666666667,0.6959889531135559,0.868829375,0.7186666666666667,0.6685308218002319,0.868829375,0.6151934375,5,,0.9,,,ok,11.341973304748535,
N=6|dead_zone=0.4|link_quality=0.3|n_missions=4|regime=jittery|rrf=60.0,H1,0,3753595226,6,60.0,4,jittery,0.4,0.3,2.0,0.75,0.75,0.5,0.0,1.0,0.9959349593495935,2.5818968599143517,0.6666666666666666,0.5925925925925926,0.75,2.1,3,4,0,2.5,2.25,8.47789716720581,6,60.0,4,0.2536359375,0.3561666666666667,0.6959889531135559,0.9203793125,0.8226666666666667,0.641800045967102,0.9203793125,0.666743375,4,,0.9,120.0,0,ok,45.55985379219055,
N=6|dead_zone=0.4|link_quality=0.3|n_missions=4|regime=jittery|rrf=60.0,H0,1,1896068534,6,60.0,4,jittery,0.4,0.3,0.75,0.5,0.25,0.0,0.0,0.5,0.5,1.584962500721156,0.5,0.5,,,4,0,0,0.0,0.0,0.0,6,60.0,4,0.2539984375,0.356,0.6959640979766846,0.8521653125,0.7216666666666667,0.6647392511367798,0.8521653125,0.598166875,5,,0.9,,,ok,12.296533584594727,
N=6|dead_zone=0.4|link_quality=0.3|n_missions=4|regime=jittery|rrf=60.0,H1,1,1896068534,6,60.0,4,jittery,0.4,0.3,2.0,1.0,0.75,0.25,0.0,1.0,0.9704301075268817,2.560671912866221,0.5,0.48484848484848486,1.0,1.6666666666666667,4,4,0,3.0,4.0,8.633373379707336,6,60.0,4,0.2539984375,0.356,0.6959640979766846,0.95644,0.8898333333333334,0.5708723664283752,0.95644,0.7024415625,5,,0.9,120.0,0,ok,45.09821939468384,
N=6|dead_zone=0.4|link_quality=0.3|n_missions=4|regime=jittery|rrf=60.0,H0,2,1680729271,6,60.0,4,jittery,0.4,0.3,0.0,0.0,0.0,0.0,0.0,0.0,1.0,0.0,0.0,1.0,,,4,0,0,0.0,0.0,0.0,6,60.0,4,0.2515695,0.35483333333333333,0.6960079669952393,0.2515695,0.35483333333333333,0.6960079669952393,0.2515695,0.0,5,,0.9,,,ok,5.414620876312256,
N=6|dead_zone=0.4|link_quality=0.3|n_missions=4|regime=jittery|rrf=60.0,H1,2,1680729271,6,60.0,4,jittery,0.4,0.3,2.0,0.75,0.75,0.75,0.0,1.0,0.9603174603174603,2.5503407095463886,0.6666666666666666,0.5925925925925926,0.75,1.7272727272727273,2,4,0,2.75,3.0,7.470545291900635,6,60.0,4,0.2515695,0.35483333333333333,0.6960079669952393,0.8752823750000001,0.8306666666666667,0.6754299402236938,0.8752823750000001,0.623712875,3,,0.9,120.0,0,ok,40.48066973686218,
N=6|dead_zone=0.4|link_quality=0.3|n_missions=4|regime=jittery|rrf=60.0,H0,3,1476298190,6,60.0,4,jittery,0.4,0.3,1.75,1.0,0.5,0.25,0.0,0.6666666666666666,0.5444444444444444,1.8423709931771084,0.6666666666666666,0.5444444444444444,,,4,0,0,0.0,0.0,0.0,6,60.0,4,0.25659950000000004,0.35633333333333334,0.6959789991378784,0.96769925,0.8833333333333333,0.5725075006484985,0.96769925,0.71109975,5,,0.9,,,ok,16.655524492263794,
N=6|dead_zone=0.4|link_quality=0.3|n_missions=4|regime=jittery|rrf=60.0,H1,3,1476298190,6,60.0,4,jittery,0.4,0.3,1.25,1.0,0.25,0.25,0.0,1.0,0.9307692307692308,2.530622805321796,0.5,0.46296296296296297,1.0,1.5,4,4,0,2.5,4.0,6.9857505559921265,6,60.0,4,0.25659950000000004,0.35633333333333334,0.6959789991378784,0.9558055000000001,0.814,0.5833512544631958,0.9615328125,0.699206,5,,0.9,120.0,0,ok,39.384998083114624,
N=6|dead_zone=0.4|link_quality=0.3|n_missions=4|regime=jittery|rrf=60.0,H0,4,639645282,6,60.0,4,jittery,0.4,0.3,0.5,0.5,0.0,0.0,0.0,0.3333333333333333,0.3333333333333333,1.0,0.3333333333333333,0.3333333333333333,,,4,0,0,0.0,0.0,0.0,6,60.0,4,0.2460425625,0.35633333333333334,0.6960237622261047,0.8999596874999999,0.786,0.659643292427063,0.8999596874999999,0.6539171249999999,5,,0.9,,,ok,10.041228771209717,
N=6|dead_zone=0.4|link_quality=0.3|n_missions=4|regime=jittery|rrf=60.0,H1,4,639645282,6,60.0,4,jittery,0.4,0.3,1.5,1.0,0.5,0.0,0.0,1.0,0.9712643678160919,2.560852929836193,0.5,0.5,1.0,1.6153846153846154,4,4,0,3.25,3.75,9.410819113254547,6,60.0,4,0.2460425625,0.35633333333333334,0.6960237622261047,0.9124489375,0.781,0.5739745497703552,0.9124489375,0.666406375,5,,0.9,120.0,0,ok,48.148380279541016,
N=6|dead_zone=0.4|link_quality=0.3|n_missions=4|regime=jittery|rrf=60.0,H0,5,271603714,6,60.0,4,jittery,0.4,0.3,0.75,0.75,0.0,0.0,0.0,0.3333333333333333,0.3,0.9182958340544896,0.3333333333333333,0.3,,,4,0,0,0.0,0.0,0.0,6,60.0,4,0.2613041875,0.3565,0.695954442024231,0.8849775,0.7603333333333333,0.643776535987854,0.8849775,0.6236733125,5,,0.9,,,ok,10.376617193222046,
N=6|dead_zone=0.4|link_quality=0.3|n_missions=4|regime=jittery|rrf=60.0,H1,5,271603714,6,60.0,4,jittery,0.4,0.3,2.5,1.0,0.75,0.5,0.0,1.0,0.9958847736625515,2.5820239409642762,1.0,0.8333333333333334,1.0,1.6428571428571428,4,4,0,3.5,3.75,9.214095890522003,6,60.0,4,0.2613041875,0.3565,0.695954442024231,0.9489345625,0.8706666666666667,0.57747483253479,0.9489345625,0.6876303749999999,5,,0.9,120.0,0,ok,47.55700755119324,
N=6|dead_zone=0.4|link_quality=0.3|n_missions=4|regime=jittery|rrf=60.0,H0,6,735936602,6,60.0,4,jittery,0.4,0.3,1.5,0.75,0.5,0.25,0.0,0.6666666666666666,0.6,1.9182958340544896,0.6666666666666666,0.6,,,4,0,0,0.0,0.0,0.0,6,60.0,4,0.258664375,0.3605,0.6959760785102844,0.9488907499999999,0.8988333333333334,0.6417688131332397,0.9488907499999999,0.690226375,5,,0.9,,,ok,15.562137126922607,
N=6|dead_zone=0.4|link_quality=0.3|n_missions=4|regime=jittery|rrf=60.0,H1,6,735936602,6,60.0,4,jittery,0.4,0.3,1.75,1.0,0.5,0.25,0.0,1.0,0.9712643678160919,2.5638902832874373,1.0,0.9074074074074074,1.0,1.5833333333333333,4,4,0,3.0,4.0,7.8786680698394775,6,60.0,4,0.258664375,0.3605,0.6959760785102844,0.9525420625000001,0.8078333333333333,0.5914751887321472,0.9525420625000001,0.6938776875000001,5,,0.9,120.0,0,ok,42.293835401535034,
N=6|dead_zone=0.4|link_quality=0.3|n_missions=4|regime=jittery|rrf=60.0,H0,7,4126980074,6,60.0,4,jittery,0.4,0.3,0.75,0.75,0.0,0.0,0.0,0.3333333333333333,0.3,0.9182958340544896,0.3333333333333333,0.3,,,4,0,0,0.0,0.0,0.0,6,60.0,4,0.2601854375,0.3576666666666667,0.6959705948829651,0.9322885000000001,0.8583333333333333,0.6406729221343994,0.9322885000000001,0.6721030625000001,5,,0.9,,,ok,11.217477798461914,
N=6|dead_zone=0.4|link_quality=0.3|n_missions=4|regime=jittery|rrf=60.0,H1,7,4126980074,6,60.0,4,jittery,0.4,0.3,1.5,0.75,0.75,0.0,0.0,1.0,0.9603174603174603,2.5540665597407552,0.6666666666666666,0.5,0.75,1.3846153846153846,3,4,0,3.25,3.0,8.904016733169556,6,60.0,4,0.2601854375,0.3576666666666667,0.6959705948829651,0.9387016875,0.8395,0.6440081596374512,0.9387016875,0.67851625,4,,0.9,120.0,0,ok,47.085134983062744,
N=6|dead_zone=0.4|link_quality=0.3|n_missions=4|regime=jittery|rrf=60.0,H0,8,1920926220,6,60.0,4,jittery,0.4,0.3,0.5,0.5,0.0,0.0,0.0,0.16666666666666666,0.16666666666666666,0.0,0.16666666666666666,0.16666666666666666,,,4,0,0,0.0,0.0,0.0,6,60.0,4,0.2725381875,0.3565,0.6958916783332825,0.9293593125000001,0.8413333333333334,0.6702879071235657,0.9293593125000001,0.6568211250000002,5,,0.9,,,ok,8.066592693328857,
N=6|dead_zone=0.4|link_quality=0.3|n_missions=4|regime=jittery|rrf=60.0,H1,8,1920926220,6,60.0,4,jittery,0.4,0.3,1.0,1.0,0.0,1.0,0.0,1.0,0.8927813163481954,2.4985884300389443,0.5,0.4444444444444444,1.0,1.2222222222222223,2,4,0,2.25,5.0,5.488068044185638,6,60.0,4,0.2725381875,0.3565,0.6958916783332825,0.9072986875,0.7683333333333333,0.6605090498924255,0.9072986875,0.6347605000000001,3,,0.9,120.0,0,ok,32.63890767097473,
N=6|dead_zone=0.4|link_quality=0.3|n_missions=4|regime=jittery|rrf=60.0,H0,9,167682513,6,60.0,4,jittery,0.4,0.3,0.5,0.5,0.0,0.0,0.0,0.3333333333333333,0.3333333333333333,1.0,0.3333333333333333,0.3333333333333333,,,4,0,0,0.0,0.0,0.0,6,60.0,4,0.2625396875,0.36033333333333334,0.6959545612335205,0.7395296249999999,0.712,0.6611055731773376,0.7395296249999999,0.47698993749999985,5,,0.9,,,ok,10.210787773132324,
N=6|dead_zone=0.4|link_quality=0.3|n_missions=4|regime=jittery|rrf=60.0,H1,9,167682513,6,60.0,4,jittery,0.4,0.3,2.25,0.75,0.75,0.75,0.0,1.0,0.9282560706401766,2.518378531956389,0.8333333333333334,0.7105263157894737,0.75,1.5454545454545454,3,4,0,2.75,3.0,6.796155035495758,6,60.0,4,0.2625396875,0.36033333333333334,0.6959545612335205,0.92818025,0.8361666666666666,0.6390560865402222,0.92818025,0.6656405625,4,,0.9,120.0,0,ok,37.890400886535645,
N=6|dead_zone=0.4|link_quality=0.3|n_missions=4|regime=jittery|rrf=60.0,H0,10,4117651404,6,60.0,4,jittery,0.4,0.3,1.25,1.0,0.25,0.0,0.0,0.5,0.46296296296296297,1.5219280948873621,0.5,0.46296296296296297,,,4,0,0,0.0,0.0,0.0,6,60.0,4,0.26518862499999996,0.3596666666666667,0.6959508657455444,0.9354594374999999,0.8111666666666667,0.5808190703392029,0.9354594374999999,0.6702708125,5,,0.9,,,ok,13.802078008651733,
N=6|dead_zone=0.4|link_quality=0.3|n_missions=4|regime=jittery|rrf=60.0,H1,10,4117651404,6,60.0,4,jittery,0.4,0.3,1.0,0.75,0.25,0.0,0.0,1.0,0.9607843137254902,2.5566567074628233,0.5,0.4444444444444444,0.75,1.6,3,4,0,2.5,2.25,7.549841344356537,6,60.0,4,0.26518862499999996,0.3596666666666667,0.6959508657455444,0.8665585625,0.7598333333333334,0.6490944027900696,0.8665585625,0.6013699375,4,,0.9,120.0,0,ok,41.776660442352295,
N=6|dead_zone=0.4|link_quality=0.3|n_missions=4|regime=jittery|rrf=60.0,H0,11,3398301431,6,60.0,4,jittery,0.4,0.3,0.25,0.25,0.0,0.0,0.0,0.16666666666666666,0.16666666666666666,0.0,0.16666666666666666,0.16666666666666666,,,4,0,0,0.0,0.0,0.0,6,60.0,4,0.283218625,0.3556666666666667,0.695833683013916,0.730425875,0.6556666666666666,0.6781671643257141,0.730425875,0.44720725,5,,0.9,,,ok,8.61182427406311,
N=6|dead_zone=0.4|link_quality=0.3|n_missions=4|regime=jittery|rrf=60.0,H1,11,3398301431,6,60.0,4,jittery,0.4,0.3,2.0,1.0,0.75,0.25,0.0,1.0,0.978319783197832,2.5683164932728872,1.0,0.8888888888888888,1.0,2.0,4,4,0,2.5,3.0,7.735153079032898,6,60.0,4,0.283218625,0.3556666666666667,0.695833683013916,0.9475229375,0.9068333333333334,0.5721842646598816,0.9475229375,0.6643043125000001,5,4,0.9,120.0,0,ok,42.42711663246155,
N=6|dead_zone=0.4|link_quality=0.3|n_missions=4|regime=jittery|rrf=60.0,H0,12,3631430053,6,60.0,4,jittery,0.4,0.3,0.75,0.5,0.25,0.0,0.0,0.3333333333333333,0.3,0.9182958340544896,0.3333333333333333,0.3,,,4,0,0,0.0,0.0,0.0,6,60.0,4,0.2610621875,0.35683333333333334,0.6959190964698792,0.833844,0.7271666666666666,0.6675747632980347,0.833844,0.5727818125,5,,0.9,,,ok,10.539733409881592,
N=6|dead_zone=0.4|link_quality=0.3|n_missions=4|regime=jittery|rrf=60.0,H1,12,3631430053,6,60.0,4,jittery,0.4,0.3,0.75,0.5,0.25,0.0,0.0,1.0,0.981081081081081,2.571672260071259,0.5,0.5,0.5,1.3333333333333333,2,4,0,3.0,2.0,9.726253628730774,6,60.0,4,0.2610621875,0.35683333333333334,0.6959190964698792,0.8811287499999999,0.756,0.6742818355560303,0.8811287499999999,0.6200665624999999,3,,0.9,120.0,0,ok,49.40899443626404,
N=6|dead_zone=0.4|link_quality=0.3|n_missions=4|regime=jittery|rrf=60.0,H0,13,339328397,6,60.0,4,jittery,0.4,0.3,0.5,0.5,0.0,0.0,0.0,0.3333333333333333,0.3333333333333333,1.0,0.3333333333333333,0.3333333333333333,,,4,0,0,0.0,0.0,0.0,6,60.0,4,0.2708839375,0.3565,0.6959108114242554,0.8915448125,0.8236666666666667,0.6703976988792419,0.8915448125,0.620660875,5,,0.9,,,ok,10.973796844482422,
N=6|dead_zone=0.4|link_quality=0.3|n_missions=4|regime=jittery|rrf=60.0,H1,13,339328397,6,60.0,4,jittery,0.4,0.3,1.0,1.0,0.0,0.0,0.0,1.0,0.9259259259259259,2.53012496531497,0.5,0.4444444444444444,1.0,1.3333333333333333,4,4,0,2.25,3.0,6.200726807117462,6,60.0,4,0.2708839375,0.3565,0.6959108114242554,0.9410248125,0.833,0.6027175188064575,0.9410248125,0.670140875,5,,0.9,120.0,0,ok,36.25182223320007,
N=6|dead_zone=0.4|link_quality=0.3|n_missions=4|regime=jittery|rrf=60.0,H0,14,2053311178,6,60.0,4,jittery,0.4,0.3,0.25,0.25,0.0,0.0,0.0,0.16666666666666666,0.16666666666666666,0.0,0.16666666666666666,0.16666666666666666,,,4,0,0,0.0,0.0,0.0,6,60.0,4,0.2552105,0.35783333333333334,0.6959718465805054,0.7443730000000002,0.7173333333333334,0.6727254390716553,0.7443730000000002,0.48916250000000017,5,,0.9,,,ok,9.126025438308716,
N=6|dead_zone=0.4|link_quality=0.3|n_missions=4|regime=jittery|rrf=60.0,H1,14,2053311178,6,60.0,4,jittery,0.4,0.3,1.75,1.0,0.5,0.25,0.0,1.0,0.9876543209876543,2.5752515262260385,0.6666666666666666,0.6282051282051282,1.0,2.2,4,4,0,2.5,3.0,7.135072231292725,6,60.0,4,0.2552105,0.35783333333333334,0.6959718465805054,0.9212890000000001,0.8071666666666667,0.5706179141998291,0.9212890000000001,0.6660785000000001,5,,0.9,120.0,0,ok,40.314162254333496,
N=6|dead_zone=0.4|link_quality=0.3|n_missions=4|regime=jittery|rrf=60.0,H0,15,4257253500,6,60.0,4,jittery,0.4,0.3,0.75,0.5,0.25,0.0,0.0,0.5,0.5,1.584962500721156,0.5,0.5,,,4,0,0,0.0,0.0,0.0,6,60.0,4,0.265001,0.35633333333333334,0.6959393620491028,0.9018118125,0.7628333333333334,0.6724053025245667,0.9018118125,0.6368108125,5,,0.9,,,ok,13.672660827636719,
N=6|dead_zone=0.4|link_quality=0.3|n_missions=4|regime=jittery|rrf=60.0,H1,15,4257253500,6,60.0,4,jittery,0.4,0.3,1.5,1.0,0.25,0.25,0.0,1.0,0.9391304347826087,2.531856507158613,0.6666666666666666,0.6,1.0,1.8,3,4,0,2.5,4.0,7.7938408851623535,6,60.0,4,0.265001,0.35633333333333334,0.6959393620491028,0.8909006875000001,0.7516666666666667,0.6216825246810913,0.8909006875000001,0.6258996875,4,,0.9,120.0,0,ok,42.819415807724,
N=6|dead_zone=0.4|link_quality=0.3|n_missions=4|regime=jittery|rrf=60.0,H0,16,2083683783,6,60.0,4,jittery,0.4,0.3,0.5,0.5,0.0,0.0,0.0,0.3333333333333333,0.3333333333333333,1.0,0.3333333333333333,0.3333333333333333,,,4,0,0,0.0,0.0,0.0,6,60.0,4,0.274008,0.35733333333333334,0.6959039568901062,0.8157760000000001,0.72,0.6663569808006287,0.8157760000000001,0.541768,5,,0.9,,,ok,11.4461088180542,
N=6|dead_zone=0.4|link_quality=0.3|n_missions=4|regime=jittery|rrf=60.0,H1,16,2083683783,6,60.0,4,jittery,0.4,0.3,2.75,0.75,0.75,0.5,0.0,1.0,0.9696969696969697,2.5612781244591325,1.0,0.8768115942028986,0.75,2.0,3,4,0,2.25,2.25,5.849905371665955,6,60.0,4,0.274008,0.35733333333333334,0.6959039568901062,0.8968417500000001,0.7988333333333333,0.6450890302658081,0.8968417500000001,0.6228337500000001,4,,0.9,120.0,0,ok,35.07792377471924,
N=6|dead_zone=0.4|link_quality=0.3|n_missions=4|regime=jittery|rrf=60.0,H0,17,2944623914,6,60.0,4,jittery,0.4,0.3,0.5,0.5,0.0,0.0,0.0,0.16666666666666666,0.16666666666666666,0.0,0.16666666666666666,0.16666666666666666,,,4,0,0,0.0,0.0,0.0,6,60.0,4,0.264145125,0.3591666666666667,0.6959481835365295,0.7539429375,0.7916666666666666,0.6723349690437317,0.7539429375,0.4897978125,5,,0.9,,,ok,8.089416980743408,
N=6|dead_zone=0.4|link_quality=0.3|n_missions=4|regime=jittery|rrf=60.0,H1,17,2944623914,6,60.0,4,jittery,0.4,0.3,1.5,0.75,0.25,0.25,0.0,1.0,0.9918032786885246,2.578992712198113,0.8333333333333334,0.75,0.75,1.8,3,4,0,2.5,2.25,7.536786615848541,6,60.0,4,0.264145125,0.3591666666666667,0.6959481835365295,0.930659875,0.8553333333333333,0.6435940265655518,0.930659875,0.66651475,4,,0.9,120.0,0,ok,40.92844843864441,
N=6|dead_zone=0.4|link_quality=0.3|n_missions=4|regime=jittery|rrf=60.0,H0,18,1863405,6,60.0,4,jittery,0.4,0.3,0.75,0.75,0.0,0.0,0.0,0.5,0.5,1.584962500721156,0.5,0.5,,,4,0,0,0.0,0.0,0.0,6,60.0,4,0.2591795625,0.3605,0.6959758996963501,0.9293410625,0.6718333333333333,0.631147563457489,0.9293410625,0.6701615000000001,5,,0.9,,,ok,13.856291055679321,
N=6|dead_zone=0.4|link_quality=0.3|n_missions=4|regime=jittery|rrf=60.0,H1,18,1863405,6,60.0,4,jittery,0.4,0.3,1.75,0.75,0.75,0.75,0.0,1.0,0.9696969696969697,2.5612781244591325,0.6666666666666666,0.5444444444444444,0.75,1.7,3,4,0,2.5,3.0,6.215390205383301,6,60.0,4,0.2591795625,0.3605,0.6959758996963501,0.932085625,0.8331666666666667,0.6197806000709534,0.932085625,0.6729060625000001,4,,0.9,120.0,0,ok,36.60986042022705,
N=6|dead_zone=0.4|link_quality=0.3|n_missions=4|regime=jittery|rrf=60.0,H0,19,1123706994,6,60.0,4,jittery,0.4,0.3,1.25,1.0,0.25,0.0,0.0,0.3333333333333333,0.32051282051282054,0.9709505944546686,0.3333333333333333,0.32051282051282054,,,4,0,0,0.0,0.0,0.0,6,60.0,4,0.2493936875,0.35383333333333333,0.6959793567657471,0.9684013124999999,0.915,0.5781481266021729,0.9684013124999999,0.7190076249999999,5,4,0.9,,,ok,12.263319492340088,
N=6|dead_zone=0.4|link_quality=0.3|n_missions=4|regime=jittery|rrf=60.0,H1,19,1123706994,6,60.0,4,jittery,0.4,0.3,2.0,1.0,0.75,0.25,0.0,1.0,0.972972972972973,2.5648312573723095,0.6666666666666666,0.48484848484848486,1.0,1.2857142857142858,4,4,0,3.5,4.0,7.730954051017761,6,60.0,4,0.2493936875,0.35383333333333333,0.6959793567657471,0.9468555625,0.7346666666666667,0.6080906987190247,0.9468555625,0.697461875,5,,0.9,120.0,0,ok,42.62753486633301,
N=6|dead_zone=0.4|link_quality=0.5|n_missions=4|regime=jittery|rrf=60.0,H0,0,2544675704,6,60.0,4,jittery,0.4,0.5,0.75,0.5,0.25,0.0,0.0,0.3333333333333333,0.3,0.9182958340544896,0.3333333333333333,0.3,,,4,0,0,0.0,0.0,0.0,6,60.0,4,0.26616399999999996,0.35933333333333334,0.6959033012390137,0.8798346250000001,0.8221666666666667,0.6738256812095642,0.8798346250000001,0.6136706250000001,5,,0.9,,,ok,10.822232484817505,
N=6|dead_zone=0.4|link_quality=0.5|n_missions=4|regime=jittery|rrf=60.0,H1,0,2544675704,6,60.0,4,jittery,0.4,0.5,0.75,0.75,0.0,0.0,0.0,1.0,0.994824016563147,2.581358330499424,0.5,0.5,0.75,1.5,3,4,0,3.0,3.0,8.992940783500671,6,60.0,4,0.26616399999999996,0.35933333333333334,0.6959033012390137,0.8804003749999999,0.7841666666666667,0.646211564540863,0.8804003749999999,0.614236375,4,,0.9,120.0,0,ok,46.86312222480774,
N=6|dead_zone=0.4|link_quality=0.5|n_missions=4|regime=jittery|rrf=60.0,H0,1,1047897470,6,60.0,4,jittery,0.4,0.5,1.5,1.0,0.5,0.0,0.0,0.5,0.5,1.584962500721156,0.5,0.5,,,4,0,0,0.0,0.0,0.0,6,60.0,4,0.26132875,0.35983333333333334,0.6959125995635986,0.9346203124999999,0.8553333333333333,0.602413535118103,0.9346203124999999,0.6732915624999999,5,,0.9,,,ok,13.685858488082886,
N=6|dead_zone=0.4|link_quality=0.5|n_missions=4|regime=jittery|rrf=60.0,H1,1,1047897470,6,60.0,4,jittery,0.4,0.5,1.0,0.75,0.25,0.25,0.0,1.0,0.9615384615384616,2.553445297804259,0.3333333333333333,0.26666666666666666,0.75,1.5454545454545454,3,4,0,2.75,3.25,7.569778919219971,6,60.0,4,0.26132875,0.35983333333333334,0.6959125995635986,0.9165428125,0.8256666666666667,0.6471979022026062,0.9165428125,0.6552140625,4,,0.9,120.0,0,ok,41.237743616104126,
N=6|dead_zone=0.4|link_quality=0.5|n_missions=4|regime=jittery|rrf=60.0,H0,2,2768330049,6,60.0,4,jittery,0.4,0.5,0.25,0.25,0.0,0.0,0.0,0.16666666666666666,0.16666666666666666,0.0,0.16666666666666666,0.16666666666666666,,,4,0,0,0.0,0.0,0.0,6,60.0,4,0.27922025,0.3541666666666667,0.6958653330802917,0.7025851875,0.6241666666666666,0.6811661124229431,0.7025851875,0.4233649375,5,,0.9,,,ok,7.957169055938721,
N=6|dead_zone=0.4|link_quality=0.5|n_missions=4|regime=jittery|rrf=60.0,H1,2,2768330049,6,60.0,4,jittery,0.4,0.5,1.75,1.0,0.75,0.75,0.0,1.0,0.9003115264797508,2.495824228840344,0.6666666666666666,0.6282051282051282,1.0,1.3333333333333333,3,4,0,3.0,5.0,7.632690966129303,6,60.0,4,0.27922025,0.3541666666666667,0.6958653330802917,0.8296134375,0.7138333333333333,0.6646353602409363,0.8296134375,0.5503931875000001,4,,0.9,120.0,0,ok,41.32758903503418,
N=6|dead_zone=0.4|link_quality=0.5|n_missions=4|regime=jittery|rrf=60.0,H0,3,959927020,6,60.0,4,jittery,0.4,0.5,1.0,1.0,0.0,0.0,0.0,0.3333333333333333,0.26666666666666666,0.8112781244591328,0.3333333333333333,0.26666666666666666,,,4,0,0,0.0,0.0,0.0,6,60.0,4,0.25684806250000003,0.3545,0.6959741115570068,0.9543271874999999,0.8001666666666667,0.5987655520439148,0.9543271874999999,0.6974791249999999,5,,0.9,,,ok,11.028432369232178,
N=6|dead_zone=0.4|link_quality=0.5|n_missions=4|regime=jittery|rrf=60.0,H1,3,959927020,6,60.0,4,jittery,0.4,0.5,0.75,0.75,0.0,0.0,0.0,1.0,0.9588014981273408,2.549886625190374,0.5,0.5,0.75,1.7272727272727273,3,4,0,2.75,3.0,7.730135560035706,6,60.0,4,0.25684806250000003,0.3545,0.6959741115570068,0.9623714375,0.9353333333333333,0.6217015981674194,0.9623714375,0.705523375,4,3,0.9,120.0,0,ok,41.774274587631226,
N=6|dead_zone=0.4|link_quality=0.5|n_missions=4|regime=jittery|rrf=60.0,H0,4,3214064870,6,60.0,4,jittery,0.4,0.5,1.5,0.75,0.5,0.25,0.0,0.5,0.5,1.584962500721156,0.5,0.5,,,4,0,0,0.0,0.0,0.0,6,60.0,4,0.261634125,0.357,0.6959341764450073,0.9255094999999999,0.8398333333333333,0.6469348073005676,0.9255094999999999,0.6638753749999999,5,,0.9,,,ok,13.634541273117065,
N=6|dead_zone=0.4|link_quality=0.5|n_missions=4|regime=jittery|rrf=60.0,H1,4,3214064870,6,60.0,4,jittery,0.4,0.5,2.0,1.0,1.0,0.0,0.0,1.0,0.9792560801144492,2.569358519239484,0.6666666666666666,0.48484848484848486,1.0,1.4615384615384615,4,4,0,3.25,3.75,8.438012778759003,6,60.0,4,0.261634125,0.357,0.6959341764450073,0.9731251874999999,0.8735,0.5845898985862732,0.9731251874999999,0.7114910624999999,5,,0.9,120.0,0,ok,44.37854552268982,
N=6|dead_zone=0.4|link_quality=0.5|n_missions=4|regime=jittery|rrf=60.0,H0,5,3768096270,6,60.0,4,jittery,0.4,0.5,1.5,1.0,0.5,0.0,0.0,0.5,0.42857142857142855,1.4591479170272448,0.5,0.42857142857142855,,,4,0,0,0.0,0.0,0.0,6,60.0,4,0.26125112500000003,0.3576666666666667,0.6959161758422852,0.9475155,0.8348333333333333,0.578382134437561,0.9475155,0.6862643749999999,5,,0.9,,,ok,14.210021257400513,
N=6|dead_zone=0.4|link_quality=0.5|n_missions=4|regime=jittery|rrf=60.0,H1,5,3768096270,6,60.0,4,jittery,0.4,0.5,1.5,1.0,0.5,0.0,0.0,1.0,0.9473684210526315,2.5419822842863984,0.6666666666666666,0.5,1.0,2.0,4,4,0,2.25,3.0,7.731194794178009,6,60.0,4,0.26125112500000003,0.3576666666666667,0.6959161758422852,0.9287044999999999,0.7928333333333333,0.6063656210899353,0.9287044999999999,0.6674533749999999,5,,0.9,120.0,0,ok,41.83545970916748,
N=6|dead_zone=0.4|link_quality=0.5|n_missions=4|regime=jittery|rrf=60.0,H0,6,44498162,6,60.0,4,jittery,0.4,0.5,1.0,0.75,0.25,0.0,0.0,0.5,0.4444444444444444,1.5,0.5,0.4444444444444444,,,4,0,0,0.0,0.0,0.0,6,60.0,4,0.25220968749999995,0.35833333333333334,0.6959929466247559,0.9345638125,0.8338333333333333,0.6249058246612549,0.9345638125,0.682354125,5,,0.9,,,ok,15.11559534072876,
N=6|dead_zone=0.4|link_quality=0.5|n_missions=4|regime=jittery|rrf=60.0,H1,6,44498162,6,60.0,4,jittery,0.4,0.5,2.0,1.0,0.75,0.25,0.0,1.0,1.0,2.584962500721156,0.8333333333333334,0.7619047619047619,1.0,2.0,4,4,0,3.0,3.0,7.897252380847931,6,60.0,4,0.25220968749999995,0.35833333333333334,0.6959929466247559,0.9335568750000001,0.86,0.5971589088439941,0.9335568750000001,0.6813471875000001,5,,0.9,120.0,0,ok,44.24182963371277,
N=6|dead_zone=0.4|link_quality=0.5|n_missions=4|regime=jittery|rrf=60.0,H0,7,1089721701,6,60.0,4,jittery,0.4,0.5,1.25,0.75,0.5,0.0,0.0,0.5,0.46296296296296297,1.5219280948873621,0.5,0.46296296296296297,,,4,0,0,0.0,0.0,0.0,6,60.0,4,0.2759474375,0.35633333333333334,0.6959259510040283,0.9379031250000001,0.7976666666666666,0.6402672529220581,0.9379031250000001,0.6619556875000001,5,,0.9,,,ok,13.615580558776855,
N=6|dead_zone=0.4|link_quality=0.5|n_missions=4|regime=jittery|rrf=60.0,H1,7,1089721701,6,60.0,4,jittery,0.4,0.5,0.75,0.75,0.0,0.0,0.0,1.0,0.8666666666666667,2.468166640552333,0.3333333333333333,0.3,0.75,1.75,3,4,0,2.0,2.25,5.475006818771362,6,60.0,4,0.2759474375,0.35633333333333334,0.6959259510040283,0.9083331875,0.7908333333333334,0.617063581943512,0.9083331875,0.6323857500000001,4,,0.9,120.0,0,ok,33.05342411994934,
N=6|dead_zone=0.4|link_quality=0.5|n_missions=4|regime=jittery|rrf=60.0,H0,8,852568211,6,60.0,4,jittery,0.4,0.5,1.0,0.75,0.25,0.0,0.0,0.3333333333333333,0.3333333333333333,1.0,0.3333333333333333,0.3333333333333333,,,4,0,0,0.0,0.0,0.0,6,60.0,4,0.27447993750000005,0.3515,0.6959113478660583,0.9128085,0.7288333333333333,0.6435170769691467,0.9128085,0.6383285624999999,5,,0.9,,,ok,20.79526376724243,
N=6|dead_zone=0.4|link_quality=0.5|n_missions=4|regime=jittery|rrf=60.0,H1,8,852568211,6,60.0,4,jittery,0.4,0.5,1.75,1.0,0.75,1.0,0.0,1.0,0.8620689655172413,2.4662533999518486,0.5,0.3888888888888889,1.0,1.5,3,4,0,2.0,5.0,5.375417172908783,6,60.0,4,0.27447993750000005,0.3515,0.6959113478660583,0.9256748125,0.8043333333333333,0.6356140971183777,0.9256748125,0.6511948750000001,4,,0.9,120.0,0,ok,32.81067943572998,
N=6|dead_zone=0.4|link_quality=0.5|n_missions=4|regime=jittery|rrf=60.0,H0,9,2755116970,6,60.0,4,jittery,0.4,0.5,0.5,0.5,0.0,0.0,0.0,0.3333333333333333,0.3333333333333333,1.0,0.3333333333333333,0.3333333333333333,,,4,0,0,0.0,0.0,0.0,6,60.0,4,0.26195825,0.3551666666666667,0.6959208846092224,0.8642311249999999,0.75,0.6649705171585083,0.8642311249999999,0.6022728749999999,5,,0.9,,,ok,10.980936288833618,
N=6|dead_zone=0.4|link_quality=0.5|n_missions=4|regime=jittery|rrf=60.0,H1,9,2755116970,6,60.0,4,jittery,0.4,0.5,1.0,0.75,0.25,0.25,0.0,1.0,0.9496124031007752,2.5410778334035165,0.3333333333333333,0.3333333333333333,0.75,1.6666666666666667,3,4,0,3.0,3.0,9.97950679063797,6,60.0,4,0.26195825,0.3551666666666667,0.6959208846092224,0.9479676875,0.7983333333333333,0.6428785920143127,0.9479676875,0.6860094375000001,4,,0.9,120.0,0,ok,51.23141694068909,
N=6|dead_zone=0.4|link_quality=0.5|n_missions=4|regime=jittery|rrf=60.0,H0,10,1196297180,6,60.0,4,jittery,0.4,0.5,0.75,0.75,0.0,0.0,0.0,0.3333333333333333,0.3,0.9182958340544896,0.3333333333333333,0.3,,,4,0,0,0.0,0.0,0.0,6,60.0,4,0.25212362499999996,0.35833333333333334,0.6959930062294006,0.9040683749999999,0.7976666666666666,0.6330684423446655,0.9040683749999999,0.65194475,5,,0.9,,,ok,12.07187271118164,
N=6|dead_zone=0.4|link_quality=0.5|n_missions=4|regime=jittery|rrf=60.0,H1,10,1196297180,6,60.0,4,jittery,0.4,0.5,3.0,1.0,1.0,1.0,0.0,1.0,0.9704301075268817,2.560671912866221,1.0,0.75,1.0,1.6666666666666667,4,4,0,3.0,4.0,6.965757310390472,6,60.0,4,0.25212362499999996,0.35833333333333334,0.6959930062294006,0.9587005625,0.8906666666666667,0.5647278428077698,0.9587005625,0.7065769375000001,5,3,0.9,120.0,0,ok,39.997650384902954,
N=6|dead_zone=0.4|link_quality=0.5|n_missions=4|regime=jittery|rrf=60.0,H0,11,155452644,6,60.0,4,jittery,0.4,0.5,1.0,0.75,0.25,0.0,0.0,0.5,0.4444444444444444,1.5,0.5,0.4444444444444444,,,4,0,0,0.0,0.0,0.0,6,60.0,4,0.24898312500000003,0.3526666666666667,0.695993185043335,0.8894924375000001,0.7971666666666667,0.6416168808937073,0.8894924375000001,0.6405093125000001,5,,0.9,,,ok,13.43347692489624,
N=6|dead_zone=0.4|link_quality=0.5|n_missions=4|regime=jittery|rrf=60.0,H1,11,155452644,6,60.0,4,jittery,0.4,0.5,1.5,0.75,0.5,0.25,0.0,1.0,0.9696969696969697,2.5612781244591325,0.6666666666666666,0.6,0.75,1.8,3,4,0,2.5,3.0,7.744980156421661,6,60.0,4,0.24898312500000003,0.3526666666666667,0.695993185043335,0.9051710625,0.7243333333333334,0.6394534707069397,0.9051710625,0.6561879374999999,4,,0.9,120.0,0,ok,42.12655544281006,
N=6|dead_zone=0.4|link_quality=0.5|n_missions=4|regime=jittery|rrf=60.0,H0,12,2965768413,6,60.0,4,jittery,0.4,0.5,1.75,1.0,0.5,0.25,0.0,0.6666666666666666,0.6282051282051282,1.9502120649147465,0.6666666666666666,0.6282051282051282,,,4,0,0,0.0,0.0,0.0,6,60.0,4,0.272618,0.35633333333333334,0.6958786845207214,0.9613136250000001,0.8815,0.586617648601532,0.9613136250000001,0.688695625,5,,0.9,,,ok,16.5995090007782,
N=6|dead_zone=0.4|link_quality=0.5|n_missions=4|regime=jittery|rrf=60.0,H1,12,2965768413,6,60.0,4,jittery,0.4,0.5,2.0,1.0,0.75,0.25,0.0,1.0,0.9970344009489917,2.5827423149511795,0.6666666666666666,0.5925925925925926,1.0,2.090909090909091,4,4,0,2.75,3.0,9.409949958324432,6,60.0,4,0.272618,0.35633333333333334,0.6958786845207214,0.9534017499999999,0.8208333333333333,0.5800055265426636,0.9534017499999999,0.6807837499999999,5,,0.9,120.0,0,ok,48.93338704109192,
N=6|dead_zone=0.4|link_quality=0.5|n_missions=4|regime=jittery|rrf=60.0,H0,13,2746135771,6,60.0,4,jittery,0.4,0.5,1.5,1.0,0.5,0.0,0.0,0.6666666666666666,0.6,1.9182958340544896,0.6666666666666666,0.6,,,4,0,0,0.0,0.0,0.0,6,60.0,4,0.2791208125,0.357,0.6958795785903931,0.9096408124999998,0.8318333333333333,0.5823231339454651,0.9096408124999998,0.6305199999999999,5,,0.9,,,ok,15.728257179260254,
N=6|dead_zone=0.4|link_quality=0.5|n_missions=4|regime=jittery|rrf=60.0,H1,13,2746135771,6,60.0,4,jittery,0.4,0.5,1.5,0.75,0.75,0.0,0.0,1.0,1.0,2.584962500721156,0.8333333333333334,0.75,0.75,1.5,3,4,0,3.0,3.0,8.128158688545227,6,60.0,4,0.2791208125,0.357,0.6958795785903931,0.9205141874999999,0.8735,0.6377376914024353,0.9205141874999999,0.6413933749999999,4,,0.9,120.0,0,ok,43.204939126968384,
N=6|dead_zone=0.4|link_quality=0.5|n_missions=4|regime=jittery|rrf=60.0,H0,14,2309662305,6,60.0,4,jittery,0.4,0.5,0.5,0.5,0.0,0.0,0.0,0.16666666666666666,0.16666666666666666,0.0,0.16666666666666666,0.16666666666666666,,,4,0,0,0.0,0.0,0.0,6,60.0,4,0.2781938125,0.3581666666666667,0.6958943009376526,0.84934775,0.6858333333333333,0.6650644540786743,0.84934775,0.5711539374999999,5,,0.9,,,ok,8.45646047592163,
N=6|dead_zone=0.4|link_quality=0.5|n_missions=4|regime=jittery|rrf=60.0,H1,14,2309662305,6,60.0,4,jittery,0.4,0.5,1.5,1.0,0.5,0.0,0.0,1.0,1.0,2.584962500721156,0.5,0.42857142857142855,1.0,2.0,4,4,0,3.0,3.0,9.396528601646423,6,60.0,4,0.2781938125,0.3581666666666667,0.6958943009376526,0.9576275625000001,0.8316666666666667,0.5650311708450317,0.9576275625000001,0.6794337500000001,5,,0.9,120.0,0,ok,48.46504187583923,
N=6|dead_zone=0.4|link_quality=0.5|n_missions=4|regime=jittery|rrf=60.0,H0,15,2103591158,6,60.0,4,jittery,0.4,0.5,1.5,0.75,0.5,0.25,0.0,0.6666666666666666,0.6,1.9182958340544893,0.6666666666666666,0.6,,,4,0,0,0.0,0.0,0.0,6,60.0,4,0.2454684375,0.35733333333333334,0.6960239410400391,0.92548125,0.8285,0.6453565359115601,0.92548125,0.6800128125,5,,0.9,,,ok,15.717698812484741,
N=6|dead_zone=0.4|link_quality=0.5|n_missions=4|regime=jittery|rrf=60.0,H1,15,2103591158,6,60.0,4,jittery,0.4,0.5,2.75,1.0,1.0,1.0,0.0,1.0,0.9704301075268817,2.560671912866221,0.8333333333333334,0.7469135802469136,1.0,1.6666666666666667,4,4,0,3.0,3.75,6.949304163455963,6,60.0,4,0.2454684375,0.35733333333333334,0.6960239410400391,0.9546895,0.9078333333333334,0.5754189491271973,0.9546895,0.7092210624999999,5,4,0.9,120.0,0,ok,38.588690996170044,
N=6|dead_zone=0.4|link_quality=0.5|n_missions=4|regime=jittery|rrf=60.0,H0,16,3243895672,6,60.0,4,jittery,0.4,0.5,1.25,0.75,0.5,0.0,0.0,0.5,0.3787878787878788,1.3709505944546687,0.5,0.3787878787878788,,,4,0,0,0.0,0.0,0.0,6,60.0,4,0.29580062500000004,0.35683333333333334,0.6958116292953491,0.9285600625,0.8853333333333333,0.6267259120941162,0.9285600625,0.6327594375,5,,0.9,,,ok,13.394943714141846,
N=6|dead_zone=0.4|link_quality=0.5|n_missions=4|regime=jittery|rrf=60.0,H1,16,3243895672,6,60.0,4,jittery,0.4,0.5,1.75,1.0,0.75,0.75,0.0,1.0,0.9408602150537635,2.534175692826769,0.8333333333333334,0.6282051282051282,1.0,1.8888888888888888,4,4,0,2.25,4.0,6.418005049228668,6,60.0,4,0.29580062500000004,0.35683333333333334,0.6958116292953491,0.9517359375,0.9191666666666667,0.5587371587753296,0.9517359375,0.6559353124999999,5,4,0.9,120.0,0,ok,36.668707847595215,
N=6|dead_zone=0.4|link_quality=0.5|n_missions=4|regime=jittery|rrf=60.0,H0,17,260076146,6,60.0,4,jittery,0.4,0.5,0.5,0.5,0.0,0.0,0.0,0.3333333333333333,0.3333333333333333,1.0,0.3333333333333333,0.3333333333333333,,,4,0,0,0.0,0.0,0.0,6,60.0,4,0.275798875,0.3576666666666667,0.6958874464035034,0.8372331875,0.7398333333333333,0.6770285367965698,0.8372331875,0.5614343125,5,,0.9,,,ok,10.606841325759888,
N=6|dead_zone=0.4|link_quality=0.5|n_missions=4|regime=jittery|rrf=60.0,H1,17,260076146,6,60.0,4,jittery,0.4,0.5,0.75,0.5,0.25,0.25,0.0,1.0,0.92018779342723,2.520244207153756,0.3333333333333333,0.3,0.5,1.4,2,4,0,2.5,2.0,7.637766182422638,6,60.0,4,0.275798875,0.3576666666666667,0.6958874464035034,0.727630625,0.7648333333333334,0.6701525449752808,0.727630625,0.45183175,3,,0.9,120.0,0,ok,41.52906250953674,
N=6|dead_zone=0.4|link_quality=0.5|n_missions=4|regime=jittery|rrf=60.0,H0,18,1209378078,6,60.0,4,jittery,0.4,0.5,1.0,0.75,0.25,0.0,0.0,0.5,0.4444444444444444,1.5,0.5,0.4444444444444444,,,4,0,0,0.0,0.0,0.0,6,60.0,4,0.25021668750000003,0.359,0.6959874629974365,0.9363403125,0.8286666666666667,0.5923401713371277,0.9363403125,0.686123625,5,,0.9,,,ok,13.412150382995605,
N=6|dead_zone=0.4|link_quality=0.5|n_missions=4|regime=jittery|rrf=60.0,H1,18,1209378078,6,60.0,4,jittery,0.4,0.5,2.5,1.0,1.0,0.5,0.0,1.0,1.0,2.584962500721156,1.0,0.8333333333333334,1.0,2.0,4,4,0,3.0,3.0,9.374667584896088,6,60.0,4,0.25021668750000003,0.359,0.6959874629974365,0.9483785624999999,0.7941666666666667,0.5619085431098938,0.9483785624999999,0.6981618749999998,5,,0.9,120.0,0,ok,48.22749209403992,
N=6|dead_zone=0.4|link_quality=0.5|n_missions=4|regime=jittery|rrf=60.0,H0,19,469940108,6,60.0,4,jittery,0.4,0.5,1.75,0.75,0.5,0.25,0.0,0.6666666666666666,0.5444444444444444,1.8423709931771084,0.6666666666666666,0.5444444444444444,,,4,0,0,0.0,0.0,0.0,6,60.0,4,0.25858175,0.3541666666666667,0.6959366202354431,0.896541,0.8223333333333334,0.6410548686981201,0.896541,0.63795925,5,,0.9,,,ok,17.095345973968506,
N=6|dead_zone=0.4|link_quality=0.5|n_missions=4|regime=jittery|rrf=60.0,H1,19,469940108,6,60.0,4,jittery,0.4,0.5,2.0,1.0,0.5,0.25,0.0,1.0,0.9792560801144492,2.5693585192394837,0.6666666666666666,0.5925925925925926,1.0,1.3571428571428572,4,4,0,3.5,3.75,7.133035898208618,6,60.0,4,0.25858175,0.3541666666666667,0.6959366202354431,0.9476233125000001,0.89,0.5540408492088318,0.9476233125000001,0.6890415625000001,5,,0.9,120.0,0,ok,40.25714612007141,
N=6|dead_zone=0.4|link_quality=0.7|n_missions=4|regime=jittery|rrf=60.0,H0,0,1128892093,6,60.0,4,jittery,0.4,0.7,1.5,0.75,0.5,0.25,0.0,0.6666666666666666,0.6,1.9182958340544893,0.6666666666666666,0.6,,,4,0,0,0.0,0.0,0.0,6,60.0,4,0.264405,0.3565,0.6959340572357178,0.9327953125,0.877,0.6432763338088989,0.9327953125,0.6683903125,5,,0.9,,,ok,16.853707313537598,
N=6|dead_zone=0.4|link_quality=0.7|n_missions=4|regime=jittery|rrf=60.0,H1,0,1128892093,6,60.0,4,jittery,0.4,0.7,2.75,1.0,0.75,0.5,0.0,1.0,0.9970344009489917,2.5827423149511795,1.0,0.8768115942028986,1.0,2.090909090909091,4,4,0,2.75,3.0,6.3874728083610535,6,60.0,4,0.264405,0.3565,0.6959340572357178,0.9545486249999999,0.8758333333333334,0.57234787940979,0.9545486249999999,0.6901436249999999,5,,0.9,120.0,0,ok,37.31477403640747,
N=6|dead_zone=0.4|link_quality=0.7|n_missions=4|regime=jittery|rrf=60.0,H0,1,1527141901,6,60.0,4,jittery,0.4,0.7,1.25,0.75,0.25,0.25,0.0,0.5,0.3787878787878788,1.3709505944546687,0.5,0.3787878787878788,,,4,0,0,0.0,0.0,0.0,6,60.0,4,0.26142975,0.36133333333333334,0.6959266066551208,0.9171943749999999,0.8296666666666667,0.6384581327438354,0.9171943749999999,0.6557646249999999,5,,0.9,,,ok,13.739952087402344,
N=6|dead_zone=0.4|link_quality=0.7|n_missions=4|regime=jittery|rrf=60.0,H1,1,1527141901,6,60.0,4,jittery,0.4,0.7,1.5,1.0,0.5,0.0,0.0,1.0,1.0,2.584962500721156,0.5,0.5,1.0,2.0,4,4,0,3.0,2.75,9.387693166732788,6,60.0,4,0.26142975,0.36133333333333334,0.6959266066551208,0.952169875,0.881,0.5704739093780518,0.952169875,0.690740125,5,,0.9,120.0,0,ok,48.58858323097229,
N=6|dead_zone=0.4|link_quality=0.7|n_missions=4|regime=jittery|rrf=60.0,H0,2,541356775,6,60.0,4,jittery,0.4,0.7,1.75,1.0,0.5,0.25,0.0,0.5,0.4803921568627451,1.5566567074628228,0.5,0.4803921568627451,,,4,0,0,0.0,0.0,0.0,6,60.0,4,0.25660112500000004,0.3565,0.6959701180458069,0.9433395625000001,0.9195,0.5896275639533997,0.9433395625000001,0.6867384375000001,5,4,0.9,,,ok,15.32991647720337,
N=6|dead_zone=0.4|link_quality=0.7|n_missions=4|regime=jittery|rrf=60.0,H1,2,541356775,6,60.0,4,jittery,0.4,0.7,0.75,0.5,0.25,0.0,0.0,1.0,0.9230769230769231,2.5272925846688996,0.5,0.5,0.5,1.2,2,4,0,2.5,2.0,7.474197506904602,6,60.0,4,0.25660112500000004,0.3565,0.6959701180458069,0.8512806875,0.7746666666666666,0.6671942472457886,0.8512806875,0.5946795624999999,3,,0.9,120.0,0,ok,41.97168302536011,
N=6|dead_zone=0.4|link_quality=0.7|n_missions=4|regime=jittery|rrf=60.0,H0,3,1487571060,6,60.0,4,jittery,0.4,0.7,1.5,1.0,0.5,0.0,0.0,0.5,0.5,1.584962500721156,0.5,0.5,,,4,0,0,0.0,0.0,0.0,6,60.0,4,0.26924187499999996,0.3565,0.6958821415901184,0.968250375,0.7925,0.5853491425514221,0.968250375,0.6990085,5,,0.9,,,ok,15.12512993812561,
N=6|dead_zone=0.4|link_quality=0.7|n_missions=4|regime=jittery|rrf=60.0,H1,3,1487571060,6,60.0,4,jittery,0.4,0.7,1.5,0.75,0.5,0.25,0.0,1.0,0.9922480620155039,2.579434002924965,0.6666666666666666,0.6,0.75,1.3333333333333333,3,4,0,3.0,3.25,7.291529953479767,6,60.0,4,0.26924187499999996,0.3565,0.6958821415901184,0.8829670624999999,0.8393333333333334,0.6395758390426636,0.8829670624999999,0.6137251874999999,4,,0.9,120.0,0,ok,41.16087865829468,
N=6|dead_zone=0.4|link_quality=0.7|n_missions=4|regime=jittery|rrf=60.0,H0,4,2414982670,6,60.0,4,jittery,0.4,0.7,1.75,1.0,0.5,0.25,0.0,0.5,0.4803921568627451,1.5566567074628228,0.5,0.4803921568627451,,,4,0,0,0.0,0.0,0.0,6,60.0,4,0.273255375,0.3621666666666667,0.6958684921264648,0.947020375,0.7873333333333333,0.5692061185836792,0.947020375,0.673765,5,,0.9,,,ok,15.46893572807312,
N=6|dead_zone=0.4|link_quality=0.7|n_missions=4|regime=jittery|rrf=60.0,H1,4,2414982670,6,60.0,4,jittery,0.4,0.7,1.5,1.0,0.5,0.0,0.0,1.0,0.966183574879227,2.55887184844536,0.6666666666666666,0.6,1.0,1.6666666666666667,4,4,0,3.0,3.5,9.384628891944885,6,60.0,4,0.273255375,0.3621666666666667,0.6958684921264648,0.9332986875000001,0.8088333333333333,0.5912336111068726,0.9332986875000001,0.6600433125,5,,0.9,120.0,0,ok,49.90489196777344,
N=6|dead_zone=0.4|link_quality=0.7|n_missions=4|regime=jittery|rrf=60.0,H0,5,3087830648,6,60.0,4,jittery,0.4,0.7,0.75,0.75,0.0,0.0,0.0,0.3333333333333333,0.3,0.9182958340544896,0.3333333333333333,0.3,,,4,0,0,0.0,0.0,0.0,6,60.0,4,0.259957625,0.35433333333333333,0.6959567070007324,0.90651675,0.7966666666666666,0.6468185782432556,0.90651675,0.646559125,5,,0.9,,,ok,12.226016759872437,
N=6|dead_zone=0.4|link_quality=0.7|n_missions=4|regime=jittery|rrf=60.0,H1,5,3087830648,6,60.0,4,jittery,0.4,0.7,2.5,1.0,0.75,0.75,0.0,1.0,0.9970344009489917,2.5827423149511795,0.8333333333333334,0.7575757575757576,1.0,2.090909090909091,4,4,0,2.75,3.0,7.884184539318085,6,60.0,4,0.259957625,0.35433333333333333,0.6959567070007324,0.9478251875000001,0.869,0.5775067806243896,0.9478251875000001,0.6878675625000001,5,,0.9,120.0,0,ok,43.72374606132507,
N=6|dead_zone=0.4|link_quality=0.7|n_missions=4|regime=jittery|rrf=60.0,H0,6,2144415600,6,60.0,4,jittery,0.4,0.7,2.5,1.0,0.75,0.5,0.0,0.6666666666666666,0.5555555555555556,1.8464393446710154,0.6666666666666666,0.5555555555555556,,,4,0,0,0.0,0.0,0.0,6,60.0,4,0.2708914375,0.3581666666666667,0.6959335207939148,0.96356225,0.7871666666666667,0.5724596381187439,0.96356225,0.6926708125,5,,0.9,,,ok,18.374349117279053,
N=6|dead_zone=0.4|link_quality=0.7|n_missions=4|regime=jittery|rrf=60.0,H1,6,2144415600,6,60.0,4,jittery,0.4,0.7,1.5,0.75,0.5,0.25,0.0,1.0,0.9918032786885246,2.578992712198113,0.6666666666666666,0.6,0.75,1.4545454545454546,3,4,0,2.75,3.0,7.666855335235596,6,60.0,4,0.2708914375,0.3581666666666667,0.6959335207939148,0.9143339375,0.8555,0.6549025774002075,0.9143339375,0.6434425,4,,0.9,120.0,0,ok,42.575313091278076,
N=6|dead_zone=0.4|link_quality=0.7|n_missions=4|regime=jittery|rrf=60.0,H0,7,1092156728,6,60.0,4,jittery,0.4,0.7,1.5,1.0,0.5,0.0,0.0,0.5,0.3333333333333333,1.2516291673878228,0.5,0.3333333333333333,,,4,0,0,0.0,0.0,0.0,6,60.0,4,0.24748850000000003,0.35683333333333334,0.6960057020187378,0.914856,0.8661666666666666,0.5824418067932129,0.9236173125,0.6673675,5,,0.9,,,ok,15.473499774932861,
N=6|dead_zone=0.4|link_quality=0.7|n_missions=4|regime=jittery|rrf=60.0,H1,7,1092156728,6,60.0,4,jittery,0.4,0.7,1.5,1.0,0.5,0.0,0.0,1.0,0.9877344877344877,2.5758875711364073,0.8333333333333334,0.75,1.0,1.7272727272727273,4,4,0,2.75,3.5,8.451642453670502,6,60.0,4,0.24748850000000003,0.35683333333333334,0.6960057020187378,0.962206875,0.8766666666666667,0.5829503536224365,0.962206875,0.714718375,5,,0.9,120.0,0,ok,45.89527249336243,
N=6|dead_zone=0.4|link_quality=0.7|n_missions=4|regime=jittery|rrf=60.0,H0,8,2900608483,6,60.0,4,jittery,0.4,0.7,1.5,1.0,0.25,0.25,0.0,0.5,0.42857142857142855,1.4591479170272448,0.5,0.42857142857142855,,,4,0,0,0.0,0.0,0.0,6,60.0,4,0.242844,0.3536666666666667,0.6960428357124329,0.9269848125000001,0.8056666666666666,0.5635356903076172,0.9269848125000001,0.6841408125000001,5,,0.9,,,ok,15.434285879135132,
N=6|dead_zone=0.4|link_quality=0.7|n_missions=4|regime=jittery|rrf=60.0,H1,8,2900608483,6,60.0,4,jittery,0.4,0.7,2.0,0.75,0.5,0.5,0.0,1.0,0.9863123993558777,2.5749947193376044,0.6666666666666666,0.5925925925925926,0.75,1.2142857142857142,3,4,0,3.5,3.75,7.513494551181793,6,60.0,4,0.242844,0.3536666666666667,0.6960428357124329,0.9159903749999999,0.7106666666666667,0.6589741706848145,0.9159903749999999,0.673146375,4,,0.9,120.0,0,ok,42.18759846687317,
N=6|dead_zone=0.4|link_quality=0.7|n_missions=4|regime=jittery|rrf=60.0,H0,9,208517945,6,60.0,4,jittery,0.4,0.7,2.5,1.0,1.0,0.5,0.0,0.5,0.49019607843137253,1.5709505944546684,0.5,0.49019607843137253,,,4,0,0,0.0,0.0,0.0,6,60.0,4,0.26714143749999997,0.35433333333333333,0.6959041357040405,0.9643440000000001,0.8478333333333333,0.610360860824585,0.9643440000000001,0.6972025625000001,5,,0.9,,,ok,15.568892002105713,
N=6|dead_zone=0.4|link_quality=0.7|n_missions=4|regime=jittery|rrf=60.0,H1,9,208517945,6,60.0,4,jittery,0.4,0.7,2.0,1.0,0.75,0.25,0.0,1.0,0.9473684210526315,2.5419822842863984,0.6666666666666666,0.6666666666666666,1.0,2.0,4,4,0,2.25,3.0,6.2237619161605835,6,60.0,4,0.26714143749999997,0.35433333333333333,0.6959041357040405,0.9512388125,0.8011666666666667,0.5961000323295593,0.9512388125,0.684097375,5,,0.9,120.0,0,ok,36.097854137420654,
N=6|dead_zone=0.4|link_quality=0.7|n_missions=4|regime=jittery|rrf=60.0,H0,10,3906329856,6,60.0,4,jittery,0.4,0.7,1.75,1.0,0.75,0.0,0.0,0.6666666666666666,0.5444444444444444,1.8423709931771086,0.6666666666666666,0.5444444444444444,,,4,0,0,0.0,0.0,0.0,6,60.0,4,0.253653,0.356,0.6959596276283264,0.96534175,0.9113333333333333,0.5572634935379028,0.96534175,0.71168875,5,4,0.9,,,ok,16.51040267944336,
N=6|dead_zone=0.4|link_quality=0.7|n_missions=4|regime=jittery|rrf=60.0,H1,10,3906329856,6,60.0,4,jittery,0.4,0.7,3.25,1.0,1.0,0.75,0.0,1.0,1.0,2.584962500721156,0.8333333333333334,0.7612612612612613,1.0,2.0,4,4,0,3.0,3.0,7.70970892906189,6,60.0,4,0.253653,0.356,0.6959596276283264,0.9508015000000001,0.8935,0.5925828814506531,0.9508015000000001,0.6971485000000001,5,,0.9,120.0,0,ok,42.05197739601135,
N=6|dead_zone=0.4|link_quality=0.7|n_missions=4|regime=jittery|rrf=60.0,H0,11,2125778856,6,60.0,4,jittery,0.4,0.7,2.5,1.0,1.0,0.25,0.0,0.6666666666666666,0.5952380952380952,1.9219280948873623,0.6666666666666666,0.5952380952380952,,,4,0,0,0.0,0.0,0.0,6,60.0,4,0.2651466875,0.3556666666666667,0.695961594581604,0.9346344375,0.841,0.5890404582023621,0.9346344375,0.66948775,5,,0.9,,,ok,18.91494870185852,
N=6|dead_zone=0.4|link_quality=0.7|n_missions=4|regime=jittery|rrf=60.0,H1,11,2125778856,6,60.0,4,jittery,0.4,0.7,3.0,1.0,1.0,0.75,0.0,1.0,1.0,2.584962500721156,1.0,0.9230769230769231,1.0,2.0,4,4,0,3.0,3.0,7.8732616901397705,6,60.0,4,0.2651466875,0.3556666666666667,0.695961594581604,0.9562288125,0.807,0.5733303427696228,0.9562288125,0.6910821250000001,5,,0.9,120.0,0,ok,43.782901763916016,
N=6|dead_zone=0.4|link_quality=0.7|n_missions=4|regime=jittery|rrf=60.0,H0,12,1810427823,6,60.0,4,jittery,0.4,0.7,1.25,1.0,0.25,0.0,0.0,0.5,0.3787878787878788,1.3709505944546687,0.5,0.3787878787878788,,,4,0,0,0.0,0.0,0.0,6,60.0,4,0.2594374375,0.35433333333333333,0.6959319114685059,0.975087375,0.8205,0.5760679244995117,0.975087375,0.7156499375,5,,0.9,,,ok,15.140172719955444,
N=6|dead_zone=0.4|link_quality=0.7|n_missions=4|regime=jittery|rrf=60.0,H1,12,1810427823,6,60.0,4,jittery,0.4,0.7,2.0,0.75,0.75,0.25,0.0,1.0,0.9707070707070707,2.562616778534694,1.0,0.8888888888888888,0.75,1.4545454545454546,3,4,0,2.75,3.0,7.192785143852234,6,60.0,4,0.2594374375,0.35433333333333333,0.6959319114685059,0.9074478124999998,0.7896666666666666,0.6324173808097839,0.9074478124999998,0.6480103749999999,4,,0.9,120.0,0,ok,41.07644248008728,
N=6|dead_zone=0.4|link_quality=0.7|n_missions=4|regime=jittery|rrf=60.0,H0,13,3191640227,6,60.0,4,jittery,0.4,0.7,2.5,1.0,1.0,0.5,0.0,0.5,0.49019607843137253,1.5709505944546684,0.5,0.49019607843137253,,,4,0,0,0.0,0.0,0.0,6,60.0,4,0.25382024999999997,0.35733333333333334,0.6959887742996216,0.9260925,0.8353333333333334,0.5888331532478333,0.9260925,0.67227225,5,,0.9,,,ok,16.624119520187378,
N=6|dead_zone=0.4|link_quality=0.7|n_missions=4|regime=jittery|rrf=60.0,H1,13,3191640227,6,60.0,4,jittery,0.4,0.7,1.75,1.0,0.75,0.0,0.0,1.0,0.972972972972973,2.564831257372309,0.8333333333333334,0.7424242424242424,1.0,1.8,4,4,0,2.5,2.75,7.862767934799194,6,60.0,4,0.25382024999999997,0.35733333333333334,0.6959887742996216,0.949344,0.7858333333333334,0.5946604609489441,0.949344,0.69552375,5,,0.9,120.0,0,ok,43.88375473022461,
N=6|dead_zone=0.4|link_quality=0.7|n_missions=4|regime=jittery|rrf=60.0,H0,14,2635476402,6,60.0,4,jittery,0.4,0.7,2.75,1.0,1.0,0.75,0.0,0.5,0.491869918699187,1.5726236638951638,0.5,0.491869918699187,,,4,0,0,0.0,0.0,0.0,6,60.0,4,0.2535636875,0.3565,0.6959728002548218,0.9401758125,0.799,0.5921809673309326,0.9401758125,0.686612125,5,,0.9,,,ok,15.937078714370728,
N=6|dead_zone=0.4|link_quality=0.7|n_missions=4|regime=jittery|rrf=60.0,H1,14,2635476402,6,60.0,4,jittery,0.4,0.7,1.75,1.0,0.75,0.75,0.0,1.0,0.94750656167979,2.537077256228333,0.6666666666666666,0.6282051282051282,1.0,1.6666666666666667,4,4,0,3.0,3.75,8.43700259923935,6,60.0,4,0.2535636875,0.3565,0.6959728002548218,0.9519755,0.8033333333333333,0.5772542953491211,0.9519755,0.6984118125,5,,0.9,120.0,0,ok,44.974578619003296,
N=6|dead_zone=0.4|link_quality=0.7|n_missions=4|regime=jittery|rrf=60.0,H0,15,2119636226,6,60.0,4,jittery,0.4,0.7,1.5,1.0,0.5,0.0,0.0,0.3333333333333333,0.3,0.9182958340544896,0.3333333333333333,0.3,,,4,0,0,0.0,0.0,0.0,6,60.0,4,0.25410431250000004,0.35683333333333334,0.6959701180458069,0.9530409375,0.8538333333333333,0.5753797888755798,0.9530409375,0.698936625,5,,0.9,,,ok,13.563142776489258,
N=6|dead_zone=0.4|link_quality=0.7|n_missions=4|regime=jittery|rrf=60.0,H1,15,2119636226,6,60.0,4,jittery,0.4,0.7,1.5,1.0,0.5,0.0,0.0,1.0,0.9473684210526315,2.5419822842863984,0.6666666666666666,0.5,1.0,2.0,4,4,0,2.25,3.0,7.121462404727936,6,60.0,4,0.25410431250000004,0.35683333333333334,0.6959701180458069,0.956425,0.8008333333333333,0.5497929453849792,0.956425,0.7023206874999999,5,,0.9,120.0,0,ok,41.04500913619995,
N=6|dead_zone=0.4|link_quality=0.7|n_missions=4|regime=jittery|rrf=60.0,H0,16,2322421914,6,60.0,4,jittery,0.4,0.7,1.75,1.0,0.5,0.25,0.0,0.5,0.4803921568627451,1.5566567074628228,0.5,0.4803921568627451,,,4,0,0,0.0,0.0,0.0,6,60.0,4,0.2799405625,0.3596666666666667,0.6958796977996826,0.945519,0.8436666666666667,0.5774009227752686,0.945519,0.6655784375,5,,0.9,,,ok,16.185713291168213,
N=6|dead_zone=0.4|link_quality=0.7|n_missions=4|regime=jittery|rrf=60.0,H1,16,2322421914,6,60.0,4,jittery,0.4,0.7,1.75,1.0,0.75,0.0,0.0,1.0,0.9863387978142076,2.5746737280146283,0.8333333333333334,0.7424242424242424,1.0,1.5384615384615385,4,4,0,3.25,4.0,9.246939897537231,6,60.0,4,0.2799405625,0.3596666666666667,0.6958796977996826,0.969107,0.8233333333333334,0.5750150084495544,0.969107,0.6891664375000001,5,,0.9,120.0,0,ok,49.382097005844116,
N=6|dead_zone=0.4|link_quality=0.7|n_missions=4|regime=jittery|rrf=60.0,H0,17,1599998843,6,60.0,4,jittery,0.4,0.7,0.75,0.25,0.25,0.25,0.0,0.5,0.5,1.584962500721156,0.5,0.5,,,4,0,0,0.0,0.0,0.0,6,60.0,4,0.27077162499999996,0.35983333333333334,0.6959146857261658,0.730794875,0.6981666666666667,0.6774368286132812,0.730794875,0.46002325,5,,0.9,,,ok,14.941541194915771,
N=6|dead_zone=0.4|link_quality=0.7|n_missions=4|regime=jittery|rrf=60.0,H1,17,1599998843,6,60.0,4,jittery,0.4,0.7,2.0,1.0,0.75,0.25,0.0,1.0,0.9863813229571985,2.5744957240833597,0.8333333333333334,0.6666666666666666,1.0,1.9090909090909092,4,4,0,2.75,3.75,7.891032934188843,6,60.0,4,0.27077162499999996,0.35983333333333334,0.6959146857261658,0.979099375,0.7906666666666666,0.5643002986907959,0.979099375,0.70832775,5,,0.9,120.0,0,ok,44.037564516067505,
N=6|dead_zone=0.4|link_quality=0.7|n_missions=4|regime=jittery|rrf=60.0,H0,18,3308969476,6,60.0,4,jittery,0.4,0.7,1.75,1.0,0.75,0.0,0.0,0.5,0.4803921568627451,1.5566567074628228,0.5,0.4803921568627451,,,4,0,0,0.0,0.0,0.0,6,60.0,4,0.256500375,0.3545,0.6959745287895203,0.948105375,0.9023333333333333,0.5651260614395142,0.948105375,0.691605,5,4,0.9,,,ok,26.909324169158936,
N=6|dead_zone=0.4|link_quality=0.7|n_missions=4|regime=jittery|rrf=60.0,H1,18,3308969476,6,60.0,4,jittery,0.4,0.7,0.75,0.5,0.25,0.0,0.0,1.0,0.9751243781094527,2.5670314951575843,0.3333333333333333,0.3,0.5,1.3636363636363635,2,4,0,2.75,2.0,8.04711776971817,6,60.0,4,0.256500375,0.3545,0.6959745287895203,0.8463842500000001,0.7203333333333334,0.6621642112731934,0.8463842500000001,0.5898838750000001,3,,0.9,120.0,0,ok,43.98778939247131,
N=6|dead_zone=0.4|link_quality=0.7|n_missions=4|regime=jittery|rrf=60.0,H0,19,2334662154,6,60.0,4,jittery,0.4,0.7,1.5,0.75,0.5,0.25,0.0,0.6666666666666666,0.6,1.9182958340544896,0.6666666666666666,0.6,,,4,0,0,0.0,0.0,0.0,6,60.0,4,0.2802435,0.35733333333333334,0.6958756446838379,0.919492875,0.8353333333333334,0.625159740447998,0.919492875,0.639249375,5,,0.9,,,ok,18.6552095413208,
N=6|dead_zone=0.4|link_quality=0.7|n_missions=4|regime=jittery|rrf=60.0,H1,19,2334662154,6,60.0,4,jittery,0.4,0.7,1.25,1.0,0.25,0.0,0.0,1.0,0.9307692307692308,2.530622805321796,0.5,0.46296296296296297,1.0,1.6666666666666667,3,4,0,2.25,3.0,6.106183469295502,6,60.0,4,0.2802435,0.35733333333333334,0.6958756446838379,0.90749975,0.7626666666666667,0.6447226405143738,0.90749975,0.6272562500000001,4,,0.9,120.0,0,ok,37.297362327575684,
N=6|dead_zone=0.6|link_quality=0.3|n_missions=4|regime=jittery|rrf=60.0,H0,0,1173281749,6,60.0,4,jittery,0.6,0.3,0.25,0.25,0.0,0.0,0.0,0.16666666666666666,0.16666666666666666,0.0,0.16666666666666666,0.16666666666666666,,,4,0,0,0.0,0.0,0.0,6,60.0,4,0.2788798125,0.358,0.6958652138710022,0.68634475,0.7383333333333333,0.6766073107719421,0.68634475,0.40746493749999996,5,,0.9,,,ok,9.110203266143799,
N=6|dead_zone=0.6|link_quality=0.3|n_missions=4|regime=jittery|rrf=60.0,H1,0,1173281749,6,60.0,4,jittery,0.6,0.3,1.0,0.75,0.25,0.0,0.0,1.0,0.9818181818181818,2.571541671821925,0.6666666666666666,0.6666666666666666,0.75,1.5384615384615385,3,4,0,3.25,3.0,10.710281312465668,6,60.0,4,0.2788798125,0.358,0.6958652138710022,0.9315873125,0.8713333333333333,0.6132033467292786,0.9315873125,0.6527075,4,,0.9,120.0,0,ok,54.77112054824829,
N=6|dead_zone=0.6|link_quality=0.3|n_missions=4|regime=jittery|rrf=60.0,H0,1,3892657365,6,60.0,4,jittery,0.6,0.3,0.25,0.25,0.0,0.0,0.0,0.16666666666666666,0.16666666666666666,0.0,0.16666666666666666,0.16666666666666666,,,4,0,0,0.0,0.0,0.0,6,60.0,4,0.28617693749999995,0.359,0.6958235502243042,0.5992093125,0.712,0.6802923083305359,0.5992093125,0.31303237500000003,5,,0.9,,,ok,10.183693408966064,
N=6|dead_zone=0.6|link_quality=0.3|n_missions=4|regime=jittery|rrf=60.0,H1,1,3892657365,6,60.0,4,jittery,0.6,0.3,2.0,1.0,0.75,0.25,0.0,1.0,0.9876543209876543,2.5752515262260385,1.0,0.8888888888888888,1.0,2.2,4,4,0,2.5,3.0,7.695996940135956,6,60.0,4,0.28617693749999995,0.359,0.6958235502243042,0.9537105625000001,0.8636666666666667,0.5652695894241333,0.9537105625000001,0.6675336250000001,5,,0.9,120.0,0,ok,43.87711954116821,
N=6|dead_zone=0.6|link_quality=0.3|n_missions=4|regime=jittery|rrf=60.0,H0,2,3152167126,6,60.0,4,jittery,0.6,0.3,0.75,0.75,0.0,0.0,0.0,0.16666666666666666,0.16666666666666666,0.0,0.16666666666666666,0.16666666666666666,,,4,0,0,0.0,0.0,0.0,6,60.0,4,0.2516219375,0.35783333333333334,0.6959739327430725,0.8998338124999999,0.8063333333333333,0.6320655345916748,0.8998338124999999,0.6482118749999999,5,,0.9,,,ok,9.576532363891602,
N=6|dead_zone=0.6|link_quality=0.3|n_missions=4|regime=jittery|rrf=60.0,H1,2,3152167126,6,60.0,4,jittery,0.6,0.3,1.75,1.0,0.5,0.25,0.0,1.0,0.9958847736625515,2.5820239409642762,0.6666666666666666,0.6282051282051282,1.0,1.7142857142857142,4,4,0,3.5,3.5,10.156605899333954,6,60.0,4,0.2516219375,0.35783333333333334,0.6959739327430725,0.9222264375,0.8743333333333333,0.5796087980270386,0.9222264375,0.6706045,5,,0.9,120.0,0,ok,52.51192331314087,
N=6|dead_zone=0.6|link_quality=0.3|n_missions=4|regime=jittery|rrf=60.0,H0,3,2071695979,6,60.0,4,jittery,0.6,0.3,0.0,0.0,0.0,0.0,0.0,0.0,1.0,0.0,0.0,1.0,,,4,0,0,0.0,0.0,0.0,6,60.0,4,0.25340793749999996,0.3555,0.6960065364837646,0.25340793749999996,0.3555,0.6960065364837646,0.25340793749999996,0.0,5,,0.9,,,ok,6.3206140995025635,
N=6|dead_zone=0.6|link_quality=0.3|n_missions=4|regime=jittery|rrf=60.0,H1,3,2071695979,6,60.0,4,jittery,0.6,0.3,1.5,1.0,0.5,0.0,0.0,1.0,0.9307692307692308,2.530622805321796,0.5,0.42857142857142855,1.0,1.6666666666666667,4,4,0,2.25,3.0,7.133926868438721,6,60.0,4,0.25340793749999996,0.3555,0.6960065364837646,0.9549601875,0.8046666666666666,0.5532898306846619,0.9549601875,0.70155225,5,,0.9,120.0,0,ok,40.157570600509644,
N=6|dead_zone=0.6|link_quality=0.3|n_missions=4|regime=jittery|rrf=60.0,H0,4,7996620,6,60.0,4,jittery,0.6,0.3,0.0,0.0,0.0,0.0,0.0,0.0,1.0,0.0,0.0,1.0,,,4,0,0,0.0,0.0,0.0,6,60.0,4,0.24369231249999998,0.35633333333333334,0.6960293054580688,0.24369231249999998,0.35633333333333334,0.6960293054580688,0.24369231249999998,0.0,5,,0.9,,,ok,7.472311735153198,
N=6|dead_zone=0.6|link_quality=0.3|n_missions=4|regime=jittery|rrf=60.0,H1,4,7996620,6,60.0,4,jittery,0.6,0.3,1.75,0.75,0.75,0.25,0.0,1.0,0.9877344877344877,2.5758875711364073,1.0,0.9074074074074074,0.75,1.5714285714285714,3,4,0,3.5,3.0,8.996081054210663,6,60.0,4,0.24369231249999998,0.35633333333333334,0.6960293054580688,0.9255236250000001,0.9136666666666666,0.6402060985565186,0.9255236250000001,0.6818313125000001,4,3,0.9,120.0,0,ok,48.602779150009155,
N=6|dead_zone=0.6|link_quality=0.3|n_missions=4|regime=jittery|rrf=60.0,H0,5,2776913965,6,60.0,4,jittery,0.6,0.3,0.25,0.25,0.0,0.0,0.0,0.16666666666666666,0.16666666666666666,0.0,0.16666666666666666,0.16666666666666666,,,4,0,0,0.0,0.0,0.0,6,60.0,4,0.28648625,0.3596666666666667,0.6958501935005188,0.8228075625000001,0.7373333333333333,0.6685599088668823,0.8228075625000001,0.5363213125000001,5,,0.9,,,ok,9.088618755340576,
N=6|dead_zone=0.6|link_quality=0.3|n_missions=4|regime=jittery|rrf=60.0,H1,5,2776913965,6,60.0,4,jittery,0.6,0.3,2.25,1.0,0.5,0.5,0.0,1.0,0.9473684210526315,2.5385669216082283,0.6666666666666666,0.6428571428571429,1.0,1.6363636363636365,4,4,0,2.75,4.0,6.948148131370544,6,60.0,4,0.28648625,0.3596666666666667,0.6958501935005188,0.9392418125000002,0.8978333333333334,0.5658046007156372,0.9392418125000002,0.6527555625000001,5,,0.9,120.0,0,ok,39.43412733078003,
N=6|dead_zone=0.6|link_quality=0.3|n_missions=4|regime=jittery|rrf=60.0,H0,6,3526121579,6,60.0,4,jittery,0.6,0.3,0.25,0.25,0.0,0.0,0.0,0.16666666666666666,0.16666666666666666,0.0,0.16666666666666666,0.16666666666666666,,,4,0,0,0.0,0.0,0.0,6,60.0,4,0.26476475,0.35833333333333334,0.6959822773933411,0.7466054999999999,0.5888333333333333,0.6798402667045593,0.7466054999999999,0.48184074999999993,5,,0.9,,,ok,8.844512224197388,
N=6|dead_zone=0.6|link_quality=0.3|n_missions=4|regime=jittery|rrf=60.0,H1,6,3526121579,6,60.0,4,jittery,0.6,0.3,2.5,1.0,0.75,0.75,0.0,1.0,0.9950248756218906,2.581290899230692,0.8333333333333334,0.6410256410256411,1.0,1.6923076923076923,4,4,0,3.25,3.75,7.680586278438568,6,60.0,4,0.26476475,0.35833333333333334,0.6959822773933411,0.934262,0.8788333333333334,0.5915684700012207,0.934262,0.66949725,5,,0.9,120.0,0,ok,42.16298222541809,
N=6|dead_zone=0.6|link_quality=0.3|n_missions=4|regime=jittery|rrf=60.0,H0,7,906703350,6,60.0,4,jittery,0.6,0.3,0.25,0.25,0.0,0.0,0.0,0.16666666666666666,0.16666666666666666,0.0,0.16666666666666666,0.16666666666666666,,,4,0,0,0.0,0.0,0.0,6,60.0,4,0.2900404375,0.3605,0.6957900524139404,0.6899926875,0.682,0.6763964295387268,0.6899926875,0.39995224999999995,5,,0.9,,,ok,10.22007942199707,
N=6|dead_zone=0.6|link_quality=0.3|n_missions=4|regime=jittery|rrf=60.0,H1,7,906703350,6,60.0,4,jittery,0.6,0.3,1.5,0.75,0.5,0.25,0.0,1.0,0.9863387978142076,2.5746737280146283,0.6666666666666666,0.6,0.75,1.5714285714285714,3,4,0,3.5,3.0,10.03303861618042,6,60.0,4,0.2900404375,0.3605,0.6957900524139404,0.908118375,0.8246666666666667,0.6114239692687988,0.908118375,0.6180779375000001,4,,0.9,120.0,0,ok,52.986682653427124,
N=6|dead_zone=0.6|link_quality=0.3|n_missions=4|regime=jittery|rrf=60.0,H0,8,3476985428,6,60.0,4,jittery,0.6,0.3,0.5,0.5,0.0,0.0,0.0,0.3333333333333333,0.3333333333333333,1.0,0.3333333333333333,0.3333333333333333,,,4,0,0,0.0,0.0,0.0,6,60.0,4,0.27660212500000003,0.35883333333333334,0.6958862543106079,0.8618561874999999,0.764,0.6576961874961853,0.8618561874999999,0.5852540624999999,5,,0.9,,,ok,11.594878911972046,
N=6|dead_zone=0.6|link_quality=0.3|n_missions=4|regime=jittery|rrf=60.0,H1,8,3476985428,6,60.0,4,jittery,0.6,0.3,2.5,1.0,1.0,0.5,0.0,1.0,1.0,2.584962500721156,0.8333333333333334,0.6410256410256411,1.0,2.4,4,4,0,2.5,2.25,8.615463256835938,6,60.0,4,0.27660212500000003,0.35883333333333334,0.6958862543106079,0.9472497500000001,0.7926666666666666,0.56056809425354,0.9472497500000001,0.6706476250000001,5,,0.9,120.0,0,ok,46.16780495643616,
N=6|dead_zone=0.6|link_quality=0.3|n_missions=4|regime=jittery|rrf=60.0,H0,9,2787912474,6,60.0,4,jittery,0.6,0.3,0.0,0.0,0.0,0.0,0.0,0.0,1.0,0.0,0.0,1.0,,,4,0,0,0.0,0.0,0.0,6,60.0,4,0.2529481875,0.35733333333333334,0.6959747672080994,0.2529481875,0.35733333333333334,0.6959747672080994,0.2529481875,0.0,5,,0.9,,,ok,6.897401571273804,
N=6|dead_zone=0.6|link_quality=0.3|n_missions=4|regime=jittery|rrf=60.0,H1,9,2787912474,6,60.0,4,jittery,0.6,0.3,2.25,1.0,0.75,0.5,0.0,1.0,1.0,2.584962500721156,0.8333333333333334,0.7941176470588235,1.0,2.0,4,4,0,3.0,3.0,8.631121218204498,6,60.0,4,0.2529481875,0.35733333333333334,0.6959747672080994,0.9240726875,0.7928333333333333,0.5457395315170288,0.9240726875,0.6711245000000001,5,,0.9,120.0,0,ok,46.565093994140625,
N=6|dead_zone=0.6|link_quality=0.3|n_missions=4|regime=jittery|rrf=60.0,H0,10,1775330577,6,60.0,4,jittery,0.6,0.3,0.0,0.0,0.0,0.0,0.0,0.0,1.0,0.0,0.0,1.0,,,4,0,0,0.0,0.0,0.0,6,60.0,4,0.27888525,0.35383333333333333,0.6959041357040405,0.27888525,0.35383333333333333,0.6959041357040405,0.27888525,0.0,5,,0.9,,,ok,7.801750183105469,
N=6|dead_zone=0.6|link_quality=0.3|n_missions=4|regime=jittery|rrf=60.0,H1,10,1775330577,6,60.0,4,jittery,0.6,0.3,0.75,0.75,0.0,0.75,0.0,1.0,0.8888888888888888,2.5,0.5,0.5,0.75,1.0,3,4,0,2.25,3.75,6.080068111419678,6,60.0,4,0.27888525,0.35383333333333333,0.6959041357040405,0.9325294375,0.8475,0.6398892402648926,0.9325294375,0.6536441875,4,,0.9,120.0,0,ok,37.09427762031555,
N=6|dead_zone=0.6|link_quality=0.3|n_missions=4|regime=jittery|rrf=60.0,H0,11,2736291209,6,60.0,4,jittery,0.6,0.3,0.0,0.0,0.0,0.0,0.0,0.0,1.0,0.0,0.0,1.0,,,4,0,0,0.0,0.0,0.0,6,60.0,4,0.25833,0.361,0.6959334015846252,0.25833,0.361,0.6959334015846252,0.25833,0.0,5,,0.9,,,ok,6.2795398235321045,
N=6|dead_zone=0.6|link_quality=0.3|n_missions=4|regime=jittery|rrf=60.0,H1,11,2736291209,6,60.0,4,jittery,0.6,0.3,1.75,0.75,0.5,0.5,0.0,1.0,0.9868421052631579,2.575279365539379,0.8333333333333334,0.7424242424242424,0.75,1.4166666666666667,3,4,0,3.0,3.5,8.196951150894165,6,60.0,4,0.25833,0.361,0.6959334015846252,0.9285036249999999,0.8506666666666667,0.6290737986564636,0.9285036249999999,0.6701736249999999,4,,0.9,120.0,0,ok,44.3717041015625,
N=6|dead_zone=0.6|link_quality=0.3|n_missions=4|regime=jittery|rrf=60.0,H0,12,1227584359,6,60.0,4,jittery,0.6,0.3,0.25,0.25,0.0,0.0,0.0,0.16666666666666666,0.16666666666666666,0.0,0.16666666666666666,0.16666666666666666,,,4,0,0,0.0,0.0,0.0,6,60.0,4,0.270697875,0.355,0.6959155201911926,0.6743079999999999,0.6693333333333333,0.6771668195724487,0.6743079999999999,0.40361012499999993,5,,0.9,,,ok,9.238139390945435,
N=6|dead_zone=0.6|link_quality=0.3|n_missions=4|regime=jittery|rrf=60.0,H1,12,1227584359,6,60.0,4,jittery,0.6,0.3,2.5,1.0,0.75,0.5,0.0,1.0,0.9712643678160919,2.560852929836193,1.0,0.8333333333333334,1.0,1.75,4,4,0,3.0,3.5,8.637278079986572,6,60.0,4,0.270697875,0.355,0.6959155201911926,0.9415414375,0.8156666666666667,0.5792998671531677,0.9415414375,0.6708435625,5,,0.9,120.0,0,ok,46.40086054801941,
N=6|dead_zone=0.6|link_quality=0.3|n_missions=4|regime=jittery|rrf=60.0,H0,13,1702696061,6,60.0,4,jittery,0.6,0.3,0.5,0.5,0.0,0.0,0.0,0.3333333333333333,0.3333333333333333,1.0,0.3333333333333333,0.3333333333333333,,,4,0,0,0.0,0.0,0.0,6,60.0,4,0.270910125,0.3575,0.6959163546562195,0.7710679374999999,0.6666666666666666,0.6696970462799072,0.7710679374999999,0.5001578124999999,5,,0.9,,,ok,12.582785367965698,
N=6|dead_zone=0.6|link_quality=0.3|n_missions=4|regime=jittery|rrf=60.0,H1,13,1702696061,6,60.0,4,jittery,0.6,0.3,2.5,1.0,0.75,0.5,0.0,1.0,0.9970344009489917,2.5827423149511795,1.0,0.8333333333333334,1.0,2.090909090909091,4,4,0,2.75,3.0,7.747607350349426,6,60.0,4,0.270910125,0.3575,0.6959163546562195,0.9204078125,0.8103333333333333,0.583911120891571,0.9204078125,0.6494976875,5,,0.9,120.0,0,ok,43.545775175094604,
N=6|dead_zone=0.6|link_quality=0.3|n_missions=4|regime=jittery|rrf=60.0,H0,14,3816464957,6,60.0,4,jittery,0.6,0.3,0.0,0.0,0.0,0.0,0.0,0.0,1.0,0.0,0.0,1.0,,,4,0,0,0.0,0.0,0.0,6,60.0,4,0.28056824999999996,0.3586666666666667,0.6958600282669067,0.28056824999999996,0.3586666666666667,0.6958600282669067,0.28056824999999996,0.0,5,,0.9,,,ok,6.82218074798584,
N=6|dead_zone=0.6|link_quality=0.3|n_missions=4|regime=jittery|rrf=60.0,H1,14,3816464957,6,60.0,4,jittery,0.6,0.3,2.25,1.0,0.75,0.5,0.0,1.0,0.9876543209876543,2.5752515262260385,1.0,0.9,1.0,2.2,4,4,0,2.5,3.0,7.871827781200409,6,60.0,4,0.28056824999999996,0.3586666666666667,0.6958600282669067,0.9374544375,0.877,0.5896353125572205,0.9374544375,0.6568861875,5,,0.9,120.0,0,ok,43.31124782562256,
N=6|dead_zone=0.6|link_quality=0.3|n_missions=4|regime=jittery|rrf=60.0,H0,15,2064782192,6,60.0,4,jittery,0.6,0.3,0.25,0.25,0.0,0.0,0.0,0.16666666666666666,0.16666666666666666,0.0,0.16666666666666666,0.16666666666666666,,,4,0,0,0.0,0.0,0.0,6,60.0,4,0.2477755625,0.35633333333333334,0.6960263848304749,0.8495445625000001,0.738,0.6678930521011353,0.8495445625000001,0.6017690000000001,5,,0.9,,,ok,8.996445417404175,
N=6|dead_zone=0.6|link_quality=0.3|n_missions=4|regime=jittery|rrf=60.0,H1,15,2064782192,6,60.0,4,jittery,0.6,0.3,1.5,0.75,0.5,0.5,0.0,1.0,0.9868421052631579,2.575279365539379,0.8333333333333334,0.75,0.75,1.7,3,4,0,2.5,2.5,7.70915549993515,6,60.0,4,0.2477755625,0.35633333333333334,0.6960263848304749,0.8956706875,0.7985,0.6332166194915771,0.8956706875,0.647895125,4,,0.9,120.0,0,ok,42.41684317588806,
N=6|dead_zone=0.6|link_quality=0.3|n_missions=4|regime=jittery|rrf=60.0,H0,16,1964863345,6,60.0,4,jittery,0.6,0.3,0.5,0.25,0.25,0.0,0.0,0.3333333333333333,0.3333333333333333,1.0,0.3333333333333333,0.3333333333333333,,,4,0,0,0.0,0.0,0.0,6,60.0,4,0.27164081250000005,0.3596666666666667,0.6958699822425842,0.7196972500000001,0.6636666666666666,0.6758631467819214,0.7196972500000001,0.4480564375,5,,0.9,,,ok,11.619515895843506,
N=6|dead_zone=0.6|link_quality=0.3|n_missions=4|regime=jittery|rrf=60.0,H1,16,1964863345,6,60.0,4,jittery,0.6,0.3,1.75,0.75,0.75,0.25,0.0,1.0,0.9959349593495935,2.5818968599143517,0.6666666666666666,0.5444444444444444,0.75,2.1,2,4,0,2.5,2.25,7.653565585613251,6,60.0,4,0.27164081250000005,0.3596666666666667,0.6958699822425842,0.873062625,0.744,0.6611821055412292,0.873062625,0.6014218124999999,3,,0.9,120.0,0,ok,42.321752071380615,
N=6|dead_zone=0.6|link_quality=0.3|n_missions=4|regime=jittery|rrf=60.0,H0,17,966681794,6,60.0,4,jittery,0.6,0.3,0.25,0.25,0.0,0.0,0.0,0.16666666666666666,0.16666666666666666,0.0,0.16666666666666666,0.16666666666666666,,,4,0,0,0.0,0.0,0.0,6,60.0,4,0.2542328125,0.35533333333333333,0.695946216583252,0.714892875,0.6795,0.6832472085952759,0.714892875,0.46066006249999997,5,,0.9,,,ok,9.97055196762085,
N=6|dead_zone=0.6|link_quality=0.3|n_missions=4|regime=jittery|rrf=60.0,H1,17,966681794,6,60.0,4,jittery,0.6,0.3,1.75,0.75,0.5,0.5,0.0,1.0,0.9282560706401766,2.52526580575707,0.5,0.4803921568627451,0.75,1.3636363636363635,3,4,0,2.75,3.75,7.357435941696167,6,60.0,4,0.2542328125,0.35533333333333333,0.695946216583252,0.8983753125000001,0.7645,0.6496944427490234,0.8983753125000001,0.6441425000000001,4,,0.9,120.0,0,ok,41.983654737472534,
N=6|dead_zone=0.6|link_quality=0.3|n_missions=4|regime=jittery|rrf=60.0,H0,18,665997437,6,60.0,4,jittery,0.6,0.3,0.0,0.0,0.0,0.0,0.0,0.0,1.0,0.0,0.0,1.0,,,4,0,0,0.0,0.0,0.0,6,60.0,4,0.25140275,0.35983333333333334,0.695992648601532,0.25140275,0.35983333333333334,0.695992648601532,0.25140275,0.0,5,,0.9,,,ok,6.5080084800720215,
N=6|dead_zone=0.6|link_quality=0.3|n_missions=4|regime=jittery|rrf=60.0,H1,18,665997437,6,60.0,4,jittery,0.6,0.3,1.0,0.75,0.25,0.25,0.0,1.0,0.9274809160305344,2.532072226941116,0.5,0.4444444444444444,0.75,1.2857142857142858,3,4,0,1.75,3.0,4.608789622783661,6,60.0,4,0.25140275,0.35983333333333334,0.695992648601532,0.9336239375000001,0.842,0.6298137307167053,0.9336239375000001,0.6822211875,4,,0.9,120.0,0,ok,30.13188147544861,
N=6|dead_zone=0.6|link_quality=0.3|n_missions=4|regime=jittery|rrf=60.0,H0,19,12710563,6,60.0,4,jittery,0.6,0.3,0.5,0.5,0.0,0.0,0.0,0.16666666666666666,0.16666666666666666,0.0,0.16666666666666666,0.16666666666666666,,,4,0,0,0.0,0.0,0.0,6,60.0,4,0.27168575000000006,0.35633333333333334,0.6959039568901062,0.8918949999999999,0.6658333333333334,0.6666555404663086,0.8918949999999999,0.6202092499999998,5,,0.9,,,ok,9.283806085586548,
N=6|dead_zone=0.6|link_quality=0.3|n_missions=4|regime=jittery|rrf=60.0,H1,19,12710563,6,60.0,4,jittery,0.6,0.3,0.75,0.75,0.0,0.75,0.0,1.0,0.870600414078675,2.4760014634164067,0.3333333333333333,0.3,0.75,1.0,3,4,0,2.75,4.5,7.620090305805206,6,60.0,4,0.27168575000000006,0.35633333333333334,0.6959039568901062,0.9007674375,0.7885,0.6302518844604492,0.9007674375,0.6290816874999999,4,,0.9,120.0,0,ok,41.94798183441162,
N=6|dead_zone=0.6|link_quality=0.5|n_missions=4|regime=jittery|rrf=60.0,H0,0,3953143663,6,60.0,4,jittery,0.6,0.5,0.25,0.25,0.0,0.0,0.0,0.16666666666666666,0.16666666666666666,0.0,0.16666666666666666,0.16666666666666666,,,4,0,0,0.0,0.0,0.0,6,60.0,4,0.24952618749999997,0.3526666666666667,0.6959915161132812,0.8222065624999999,0.7725,0.6680676937103271,0.8222065624999999,0.5726803749999999,5,,0.9,,,ok,9.101083517074585,
N=6|dead_zone=0.6|link_quality=0.5|n_missions=4|regime=jittery|rrf=60.0,H1,0,3953143663,6,60.0,4,jittery,0.6,0.5,2.0,1.0,0.75,0.25,0.0,1.0,0.9830409356725146,2.572654212730668,0.8333333333333334,0.6666666666666666,1.0,1.2666666666666666,4,4,0,3.75,4.75,9.243749618530273,6,60.0,4,0.24952618749999997,0.3526666666666667,0.6959915161132812,0.9484559999999999,0.8436666666666667,0.5703871846199036,0.9484559999999999,0.6989298124999999,5,,0.9,120.0,0,ok,48.58026695251465,
N=6|dead_zone=0.6|link_quality=0.5|n_missions=4|regime=jittery|rrf=60.0,H0,1,999081842,6,60.0,4,jittery,0.6,0.5,0.25,0.25,0.0,0.0,0.0,0.16666666666666666,0.16666666666666666,0.0,0.16666666666666666,0.16666666666666666,,,4,0,0,0.0,0.0,0.0,6,60.0,4,0.26366643749999996,0.359,0.6959460973739624,0.6946220000000001,0.7186666666666667,0.6808220744132996,0.6946220000000001,0.4309555625000001,5,,0.9,,,ok,8.6267249584198,
N=6|dead_zone=0.6|link_quality=0.5|n_missions=4|regime=jittery|rrf=60.0,H1,1,999081842,6,60.0,4,jittery,0.6,0.5,1.25,1.0,0.25,1.0,0.0,1.0,0.870600414078675,2.4760014634164063,0.3333333333333333,0.24509803921568626,1.0,1.0,4,4,0,2.75,4.0,6.197224795818329,6,60.0,4,0.26366643749999996,0.359,0.6959460973739624,0.9417421875,0.9061666666666667,0.5595802068710327,0.9417421875,0.6780757500000001,5,4,0.9,120.0,0,ok,36.130088329315186,
N=6|dead_zone=0.6|link_quality=0.5|n_missions=4|regime=jittery|rrf=60.0,H0,2,1695084382,6,60.0,4,jittery,0.6,0.5,0.5,0.5,0.0,0.0,0.0,0.3333333333333333,0.3333333333333333,1.0,0.3333333333333333,0.3333333333333333,,,4,0,0,0.0,0.0,0.0,6,60.0,4,0.27215649999999997,0.35533333333333333,0.6958763003349304,0.8650084375,0.791,0.6671913266181946,0.8650084375,0.5928519375000001,5,,0.9,,,ok,11.123144149780273,
N=6|dead_zone=0.6|link_quality=0.5|n_missions=4|regime=jittery|rrf=60.0,H1,2,1695084382,6,60.0,4,jittery,0.6,0.5,1.75,0.75,0.5,0.25,0.0,1.0,0.9829931972789115,2.5713194582610837,0.8333333333333334,0.7424242424242424,0.75,2.2,3,4,0,2.5,2.25,7.71414715051651,6,60.0,4,0.27215649999999997,0.35533333333333333,0.6958763003349304,0.923189,0.8868333333333334,0.6319608688354492,0.923189,0.6510325000000001,4,,0.9,120.0,0,ok,41.966731786727905,
N=6|dead_zone=0.6|link_quality=0.5|n_missions=4|regime=jittery|rrf=60.0,H0,3,1700165113,6,60.0,4,jittery,0.6,0.5,1.0,1.0,0.0,0.0,0.0,0.3333333333333333,0.3333333333333333,1.0,0.3333333333333333,0.3333333333333333,,,4,0,0,0.0,0.0,0.0,6,60.0,4,0.2577108125,0.35383333333333333,0.6959399580955505,0.9731340625,0.929,0.5638079643249512,0.9731340625,0.71542325,5,3,0.9,,,ok,13.303053140640259,
N=6|dead_zone=0.6|link_quality=0.5|n_missions=4|regime=jittery|rrf=60.0,H1,3,1700165113,6,60.0,4,jittery,0.6,0.5,2.0,1.0,0.5,0.25,0.0,1.0,0.9970344009489917,2.5827423149511795,1.0,0.8888888888888888,1.0,1.6428571428571428,4,4,0,3.5,3.5,9.209973394870758,6,60.0,4,0.2577108125,0.35383333333333333,0.6959399580955505,0.9391236875,0.8591666666666666,0.5751094818115234,0.9391236875,0.6814128749999999,5,,0.9,120.0,0,ok,49.31638503074646,
N=6|dead_zone=0.6|link_quality=0.5|n_missions=4|regime=jittery|rrf=60.0,H0,4,2044159653,6,60.0,4,jittery,0.6,0.5,0.5,0.5,0.0,0.0,0.0,0.16666666666666666,0.16666666666666666,0.0,0.16666666666666666,0.16666666666666666,,,4,0,0,0.0,0.0,0.0,6,60.0,4,0.26550025,0.3565,0.6959371566772461,0.7819789375,0.681,0.6746679544448853,0.7819789375,0.5164786875,5,,0.9,,,ok,9.416040897369385,
N=6|dead_zone=0.6|link_quality=0.5|n_missions=4|regime=jittery|rrf=60.0,H1,4,2044159653,6,60.0,4,jittery,0.6,0.5,1.5,0.75,0.5,0.25,0.0,1.0,0.981081081081081,2.5701898620328607,0.5,0.5,0.75,1.4166666666666667,3,4,0,3.0,3.25,8.446469962596893,6,60.0,4,0.26550025,0.3565,0.6959371566772461,0.8848321874999999,0.8065,0.6339868307113647,0.8848321874999999,0.6193319374999999,4,,0.9,120.0,0,ok,45.2221360206604,
N=6|dead_zone=0.6|link_quality=0.5|n_missions=4|regime=jittery|rrf=60.0,H0,5,2195781749,6,60.0,4,jittery,0.6,0.5,0.75,0.75,0.0,0.0,0.0,0.3333333333333333,0.3,0.9182958340544896,0.3333333333333333,0.3,,,4,0,0,0.0,0.0,0.0,6,60.0,4,0.27189437499999997,0.35633333333333334,0.6958802342414856,0.926546125,0.8216666666666667,0.623293399810791,0.926546125,0.65465175,5,,0.9,,,ok,11.804878950119019,
N=6|dead_zone=0.6|link_quality=0.5|n_missions=4|regime=jittery|rrf=60.0,H1,5,2195781749,6,60.0,4,jittery,0.6,0.5,2.25,0.75,0.75,0.5,0.0,1.0,0.9863123993558777,2.5749947193376044,0.8333333333333334,0.7941176470588235,0.75,1.5833333333333333,3,4,0,3.0,2.75,7.531300783157349,6,60.0,4,0.27189437499999997,0.35633333333333334,0.6958802342414856,0.9230860625,0.818,0.6378612518310547,0.9230860625,0.6511916875000001,4,,0.9,120.0,0,ok,41.59786820411682,
N=6|dead_zone=0.6|link_quality=0.5|n_missions=4|regime=jittery|rrf=60.0,H0,6,1562487150,6,60.0,4,jittery,0.6,0.5,0.5,0.5,0.0,0.0,0.0,0.16666666666666666,0.16666666666666666,0.0,0.16666666666666666,0.16666666666666666,,,4,0,0,0.0,0.0,0.0,6,60.0,4,0.28833593750000003,0.3595,0.6958167552947998,0.8575847500000001,0.6726666666666666,0.6618313193321228,0.8575847500000001,0.5692488125000001,5,,0.9,,,ok,9.260909795761108,
N=6|dead_zone=0.6|link_quality=0.5|n_missions=4|regime=jittery|rrf=60.0,H1,6,1562487150,6,60.0,4,jittery,0.6,0.5,1.0,0.75,0.25,0.25,0.0,1.0,0.92018779342723,2.5202442071537563,0.3333333333333333,0.3333333333333333,0.75,1.4,2,4,0,2.5,3.75,7.640691637992859,6,60.0,4,0.28833593750000003,0.3595,0.6958167552947998,0.872836625,0.8071666666666667,0.669365406036377,0.872836625,0.5845006875000001,3,,0.9,120.0,0,ok,42.421149015426636,
N=6|dead_zone=0.6|link_quality=0.5|n_missions=4|regime=jittery|rrf=60.0,H0,7,2299158509,6,60.0,4,jittery,0.6,0.5,0.75,0.75,0.0,0.0,0.0,0.16666666666666666,0.16666666666666666,0.0,0.16666666666666666,0.16666666666666666,,,4,0,0,0.0,0.0,0.0,6,60.0,4,0.2701050625,0.3596666666666667,0.6959013938903809,0.9038424375,0.8335,0.6462492942810059,0.9038424375,0.633737375,5,,0.9,,,ok,10.330753087997437,
N=6|dead_zone=0.6|link_quality=0.5|n_missions=4|regime=jittery|rrf=60.0,H1,7,2299158509,6,60.0,4,jittery,0.6,0.5,2.25,1.0,1.0,0.25,0.0,1.0,0.978319783197832,2.5683164932728872,0.6666666666666666,0.54,1.0,1.6666666666666667,4,4,0,3.0,3.5,7.687763154506683,6,60.0,4,0.2701050625,0.3596666666666667,0.6959013938903809,0.9705726875,0.8098333333333333,0.5868480801582336,0.9705726875,0.700467625,5,,0.9,120.0,0,ok,43.28853940963745,
N=6|dead_zone=0.6|link_quality=0.5|n_missions=4|regime=jittery|rrf=60.0,H0,8,350521117,6,60.0,4,jittery,0.6,0.5,0.5,0.5,0.0,0.0,0.0,0.16666666666666666,0.16666666666666666,0.0,0.16666666666666666,0.16666666666666666,,,4,0,0,0.0,0.0,0.0,6,60.0,4,0.2521123125,0.3586666666666667,0.695968508720398,0.8734093125,0.7631666666666667,0.6650218367576599,0.8734093125,0.621297,5,,0.9,,,ok,9.102439403533936,
N=6|dead_zone=0.6|link_quality=0.5|n_missions=4|regime=jittery|rrf=60.0,H1,8,350521117,6,60.0,4,jittery,0.6,0.5,2.0,1.0,1.0,1.0,0.0,1.0,0.9003115264797508,2.495824228840344,0.6666666666666666,0.5925925925925926,1.0,1.4545454545454546,4,4,0,2.75,3.75,6.197633802890778,6,60.0,4,0.2521123125,0.3586666666666667,0.695968508720398,0.9473519375,0.7881666666666667,0.5861542224884033,0.9473519375,0.695239625,5,,0.9,120.0,0,ok,36.17959690093994,
N=6|dead_zone=0.6|link_quality=0.5|n_missions=4|regime=jittery|rrf=60.0,H0,9,3380772298,6,60.0,4,jittery,0.6,0.5,0.25,0.25,0.0,0.0,0.0,0.16666666666666666,0.16666666666666666,0.0,0.16666666666666666,0.16666666666666666,,,4,0,0,0.0,0.0,0.0,6,60.0,4,0.25339100000000003,0.3565,0.6959689259529114,0.5512818125,0.5653333333333334,0.6859098076820374,0.5512818125,0.29789081249999994,5,,0.9,,,ok,8.830415487289429,
N=6|dead_zone=0.6|link_quality=0.5|n_missions=4|regime=jittery|rrf=60.0,H1,9,3380772298,6,60.0,4,jittery,0.6,0.5,1.25,0.75,0.5,0.5,0.0,1.0,0.9468599033816425,2.54363785115567,0.5,0.3787878787878788,0.75,1.6666666666666667,2,4,0,2.25,3.0,6.890877842903137,6,60.0,4,0.25339100000000003,0.3565,0.6959689259529114,0.8470315625,0.6655,0.6661190390586853,0.8470315625,0.5936405625,3,,0.9,120.0,0,ok,39.091267108917236,
N=6|dead_zone=0.6|link_quality=0.5|n_missions=4|regime=jittery|rrf=60.0,H0,10,1013629361,6,60.0,4,jittery,0.6,0.5,0.25,0.25,0.0,0.0,0.0,0.16666666666666666,0.16666666666666666,0.0,0.16666666666666666,0.16666666666666666,,,4,0,0,0.0,0.0,0.0,6,60.0,4,0.25893631250000004,0.35533333333333333,0.6959993243217468,0.6410475,0.7711666666666667,0.6852708458900452,0.6410475,0.38211118749999995,5,,0.9,,,ok,9.688701152801514,
N=6|dead_zone=0.6|link_quality=0.5|n_missions=4|regime=jittery|rrf=60.0,H1,10,1013629361,6,60.0,4,jittery,0.6,0.5,3.25,1.0,0.75,0.75,0.0,1.0,1.0,2.584962500721156,0.8333333333333334,0.7612612612612613,1.0,1.8461538461538463,4,4,0,3.25,3.5,7.140598177909851,6,60.0,4,0.25893631250000004,0.35533333333333333,0.6959993243217468,0.9498411250000001,0.8328333333333333,0.5677524209022522,0.9498411250000001,0.6909048125,5,,0.9,120.0,0,ok,40.83996367454529,
N=6|dead_zone=0.6|link_quality=0.5|n_missions=4|regime=jittery|rrf=60.0,H0,11,595743112,6,60.0,4,jittery,0.6,0.5,0.5,0.5,0.0,0.0,0.0,0.16666666666666666,0.16666666666666666,0.0,0.16666666666666666,0.16666666666666666,,,4,0,0,0.0,0.0,0.0,6,60.0,4,0.26068325,0.358,0.6959477663040161,0.8634645625,0.834,0.6783918142318726,0.8634645625,0.6027813125000001,5,,0.9,,,ok,10.40256929397583,
N=6|dead_zone=0.6|link_quality=0.5|n_missions=4|regime=jittery|rrf=60.0,H1,11,595743112,6,60.0,4,jittery,0.6,0.5,1.25,0.75,0.5,0.5,0.0,1.0,0.9333333333333333,2.530618994848517,0.5,0.46296296296296297,0.75,1.2727272727272727,3,4,0,2.75,3.0,7.5401930809021,6,60.0,4,0.26068325,0.358,0.6959477663040161,0.9053500000000001,0.8646666666666667,0.6253625750541687,0.9053500000000001,0.6446667500000001,4,,0.9,120.0,0,ok,42.74466300010681,
N=6|dead_zone=0.6|link_quality=0.5|n_missions=4|regime=jittery|rrf=60.0,H0,12,1464903239,6,60.0,4,jittery,0.6,0.5,1.0,0.75,0.25,0.0,0.0,0.3333333333333333,0.26666666666666666,0.8112781244591328,0.3333333333333333,0.26666666666666666,,,4,0,0,0.0,0.0,0.0,6,60.0,4,0.280559375,0.3595,0.695839524269104,0.9314869374999999,0.8228333333333333,0.6467627882957458,0.9314869374999999,0.6509275625,5,,0.9,,,ok,11.858673572540283,
N=6|dead_zone=0.6|link_quality=0.5|n_missions=4|regime=jittery|rrf=60.0,H1,12,1464903239,6,60.0,4,jittery,0.6,0.5,1.75,1.0,0.5,0.25,0.0,1.0,1.0,2.584962500721156,0.8333333333333334,0.7424242424242424,1.0,2.1818181818181817,4,4,0,2.75,2.5,8.630727410316467,6,60.0,4,0.280559375,0.3595,0.695839524269104,0.9252516875000001,0.8786666666666667,0.581207275390625,0.9252516875000001,0.6446923125000001,5,,0.9,120.0,0,ok,46.05794095993042,
N=6|dead_zone=0.6|link_quality=0.5|n_missions=4|regime=jittery|rrf=60.0,H0,13,3804815520,6,60.0,4,jittery,0.6,0.5,1.0,1.0,0.0,0.0,0.0,0.3333333333333333,0.3333333333333333,1.0,0.3333333333333333,0.3333333333333333,,,4,0,0,0.0,0.0,0.0,6,60.0,4,0.2531655625,0.3565,0.6960152387619019,0.932211125,0.8653333333333333,0.604657769203186,0.932211125,0.6790455625,5,,0.9,,,ok,12.992132425308228,
N=6|dead_zone=0.6|link_quality=0.5|n_missions=4|regime=jittery|rrf=60.0,H1,13,3804815520,6,60.0,4,jittery,0.6,0.5,1.5,0.75,0.5,0.5,0.0,1.0,0.9603174603174603,2.550340709546388,0.6666666666666666,0.6,0.75,1.7272727272727273,3,4,0,2.75,3.0,8.455117881298065,6,60.0,4,0.2531655625,0.3565,0.6960152387619019,0.9214171250000001,0.7453333333333333,0.6167569160461426,0.9214171250000001,0.6682515625000001,4,,0.9,120.0,0,ok,46.44024443626404,
N=6|dead_zone=0.6|link_quality=0.5|n_missions=4|regime=jittery|rrf=60.0,H0,14,953649259,6,60.0,4,jittery,0.6,0.5,0.5,0.25,0.25,0.0,0.0,0.3333333333333333,0.3333333333333333,1.0,0.3333333333333333,0.3333333333333333,,,4,0,0,0.0,0.0,0.0,6,60.0,4,0.2667505625,0.3535,0.6959543228149414,0.7263325,0.6998333333333333,0.6794065237045288,0.7263325,0.45958193750000004,5,,0.9,,,ok,11.31346321105957,
N=6|dead_zone=0.6|link_quality=0.5|n_missions=4|regime=jittery|rrf=60.0,H1,14,953649259,6,60.0,4,jittery,0.6,0.5,2.0,1.0,0.75,0.75,0.0,1.0,0.9467496542185339,2.5372749784910225,0.6666666666666666,0.48484848484848486,1.0,1.7272727272727273,4,4,0,2.75,4.0,8.625415682792664,6,60.0,4,0.2667505625,0.3535,0.6959543228149414,0.9540160625,0.8048333333333333,0.5646830201148987,0.9540160625,0.6872655000000001,5,,0.9,120.0,0,ok,46.16186594963074,
N=6|dead_zone=0.6|link_quality=0.5|n_missions=4|regime=jittery|rrf=60.0,H0,15,281546547,6,60.0,4,jittery,0.6,0.5,0.5,0.5,0.0,0.0,0.0,0.16666666666666666,0.16666666666666666,0.0,0.16666666666666666,0.16666666666666666,,,4,0,0,0.0,0.0,0.0,6,60.0,4,0.25964306249999997,0.35533333333333333,0.6960023045539856,0.8262121875000001,0.7133333333333334,0.6757798194885254,0.8262121875000001,0.5665691250000002,5,,0.9,,,ok,9.988459587097168,
N=6|dead_zone=0.6|link_quality=0.5|n_missions=4|regime=jittery|rrf=60.0,H1,15,281546547,6,60.0,4,jittery,0.6,0.5,1.5,1.0,0.5,0.5,0.0,1.0,0.9627285513361463,2.5549782766546327,0.6666666666666666,0.6,1.0,1.7272727272727273,4,4,0,2.75,4.0,7.12019544839859,6,60.0,4,0.25964306249999997,0.35533333333333333,0.6960023045539856,0.9597938125000002,0.8846666666666667,0.559543788433075,0.9597938125000002,0.7001507500000002,5,,0.9,120.0,0,ok,41.119713306427,
N=6|dead_zone=0.6|link_quality=0.5|n_missions=4|regime=jittery|rrf=60.0,H0,16,1026844441,6,60.0,4,jittery,0.6,0.5,0.5,0.5,0.0,0.0,0.0,0.3333333333333333,0.3333333333333333,1.0,0.3333333333333333,0.3333333333333333,,,4,0,0,0.0,0.0,0.0,6,60.0,4,0.2621641875,0.36,0.6959651112556458,0.9124676875,0.8051666666666667,0.6632047295570374,0.9124676875,0.6503034999999999,5,,0.9,,,ok,11.299876928329468,
N=6|dead_zone=0.6|link_quality=0.5|n_missions=4|regime=jittery|rrf=60.0,H1,16,1026844441,6,60.0,4,jittery,0.6,0.5,1.5,0.5,0.5,0.25,0.0,1.0,0.9468599033816425,2.54363785115567,0.6666666666666666,0.6,0.5,1.5833333333333333,2,4,0,3.0,2.0,8.1493901014328,6,60.0,4,0.2621641875,0.36,0.6959651112556458,0.8447831874999999,0.7176666666666667,0.6666315793991089,0.8447831874999999,0.582619,3,,0.9,120.0,0,ok,43.93181848526001,
N=6|dead_zone=0.6|link_quality=0.5|n_missions=4|regime=jittery|rrf=60.0,H0,17,4135270494,6,60.0,4,jittery,0.6,0.5,0.5,0.5,0.0,0.0,0.0,0.16666666666666666,0.16666666666666666,0.0,0.16666666666666666,0.16666666666666666,,,4,0,0,0.0,0.0,0.0,6,60.0,4,0.2681975,0.3565,0.6958843469619751,0.8113939375000001,0.7088333333333333,0.663995623588562,0.8113939375000001,0.5431964375000001,5,,0.9,,,ok,8.899835109710693,
N=6|dead_zone=0.6|link_quality=0.5|n_missions=4|regime=jittery|rrf=60.0,H1,17,4135270494,6,60.0,4,jittery,0.6,0.5,1.75,0.75,0.5,0.5,0.0,1.0,0.9944903581267218,2.5810309627563695,0.6666666666666666,0.5444444444444444,0.75,2.0,3,4,0,3.0,2.25,9.276685774326324,6,60.0,4,0.2681975,0.3565,0.6958843469619751,0.9089952500000001,0.7726666666666666,0.6379906535148621,0.9089952500000001,0.6407977500000002,4,,0.9,120.0,0,ok,48.45589280128479,
N=6|dead_zone=0.6|link_quality=0.5|n_missions=4|regime=jittery|rrf=60.0,H0,18,1228038370,6,60.0,4,jittery,0.6,0.5,0.75,0.75,0.0,0.0,0.0,0.3333333333333333,0.3,0.9182958340544896,0.3333333333333333,0.3,,,4,0,0,0.0,0.0,0.0,6,60.0,4,0.283004875,0.3525,0.6958739161491394,0.9359223125,0.8333333333333334,0.6217114329338074,0.9359223125,0.6529174375,5,,0.9,,,ok,11.415587902069092,
N=6|dead_zone=0.6|link_quality=0.5|n_missions=4|regime=jittery|rrf=60.0,H1,18,1228038370,6,60.0,4,jittery,0.6,0.5,1.25,1.0,0.25,0.0,0.0,1.0,0.9876543209876543,2.5752515262260385,0.5,0.46296296296296297,1.0,2.2,4,4,0,2.5,3.0,8.621184587478638,6,60.0,4,0.283004875,0.3525,0.6958739161491394,0.9466115,0.9126666666666666,0.5613576769828796,0.9466115,0.6636066250000001,5,4,0.9,120.0,0,ok,45.76128125190735,
N=6|dead_zone=0.6|link_quality=0.5|n_missions=4|regime=jittery|rrf=60.0,H0,19,625451884,6,60.0,4,jittery,0.6,0.5,0.25,0.25,0.0,0.0,0.0,0.16666666666666666,0.16666666666666666,0.0,0.16666666666666666,0.16666666666666666,,,4,0,0,0.0,0.0,0.0,6,60.0,4,0.27853724999999996,0.3576666666666667,0.6958619952201843,0.7325978125,0.7085,0.6734785437583923,0.7325978125,0.45406056250000004,5,,0.9,,,ok,8.98200249671936,
N=6|dead_zone=0.6|link_quality=0.5|n_missions=4|regime=jittery|rrf=60.0,H1,19,625451884,6,60.0,4,jittery,0.6,0.5,1.0,1.0,0.0,0.0,0.0,1.0,0.9493670886075949,2.547860597836286,0.6666666666666666,0.6666666666666666,1.0,1.3333333333333333,4,4,0,2.25,4.0,6.9354764223098755,6,60.0,4,0.27853724999999996,0.3576666666666667,0.6958619952201843,0.97159125,0.816,0.5543180108070374,0.97159125,0.6930540000000001,5,,0.9,120.0,0,ok,39.16620993614197,
N=6|dead_zone=0.6|link_quality=0.7|n_missions=4|regime=jittery|rrf=60.0,H0,0,2097065138,6,60.0,4,jittery,0.6,0.7,1.25,1.0,0.25,0.0,0.0,0.3333333333333333,0.32051282051282054,0.9709505944546686,0.3333333333333333,0.32051282051282054,,,4,0,0,0.0,0.0,0.0,6,60.0,4,0.25429368750000003,0.3565,0.695971667766571,0.95929325,0.8025,0.5887420773506165,0.95929325,0.7049995625,5,,0.9,,,ok,12.21200942993164,
N=6|dead_zone=0.6|link_quality=0.7|n_missions=4|regime=jittery|rrf=60.0,H1,0,2097065138,6,60.0,4,jittery,0.6,0.7,1.75,1.0,0.5,1.0,0.25,1.0,0.8711111111111111,2.479595211709973,0.5,0.3888888888888889,1.0,1.0,4,4,0,2.5,4.0,3.9528672099113464,6,60.0,4,0.25429368750000003,0.3565,0.695971667766571,0.92571675,0.8041666666666667,0.597102701663971,0.92571675,0.6714230625,5,,0.9,120.0,0,ok,27.27691888809204,
N=6|dead_zone=0.6|link_quality=0.7|n_missions=4|regime=jittery|rrf=60.0,H0,1,2827635083,6,60.0,4,jittery,0.6,0.7,1.0,1.0,0.0,0.0,0.0,0.16666666666666666,0.16666666666666666,0.0,0.16666666666666666,0.16666666666666666,,,4,0,0,0.0,0.0,0.0,6,60.0,4,0.28015474999999995,0.3536666666666667,0.6958832740783691,0.9344986875000001,0.7805,0.6117013096809387,0.9344986875000001,0.6543439375000002,5,,0.9,,,ok,10.844775438308716,
N=6|dead_zone=0.6|link_quality=0.7|n_missions=4|regime=jittery|rrf=60.0,H1,1,2827635083,6,60.0,4,jittery,0.6,0.7,2.5,1.0,1.0,0.25,0.0,1.0,1.0,2.584962500721156,0.8333333333333334,0.6410256410256411,1.0,2.0,4,4,0,3.0,3.0,8.622040271759033,6,60.0,4,0.28015474999999995,0.3536666666666667,0.6958832740783691,0.9534156250000001,0.8028333333333333,0.5816049575805664,0.9534156250000001,0.6732608750000002,5,,0.9,120.0,0,ok,47.03494906425476,
N=6|dead_zone=0.6|link_quality=0.7|n_missions=4|regime=jittery|rrf=60.0,H0,2,572002489,6,60.0,4,jittery,0.6,0.7,0.75,0.75,0.0,0.0,0.0,0.16666666666666666,0.16666666666666666,0.0,0.16666666666666666,0.16666666666666666,,,4,0,0,0.0,0.0,0.0,6,60.0,4,0.272147625,0.3591666666666667,0.6958951950073242,0.9358600000000001,0.8176666666666667,0.6474646925926208,0.9358600000000001,0.6637123750000001,5,,0.9,,,ok,9.56283450126648,
N=6|dead_zone=0.6|link_quality=0.7|n_missions=4|regime=jittery|rrf=60.0,H1,2,572002489,6,60.0,4,jittery,0.6,0.7,0.75,0.75,0.0,0.0,0.0,1.0,0.9444444444444444,2.54146008131956,0.3333333333333333,0.3,0.75,1.0,3,4,0,3.75,4.5,10.560012936592102,6,60.0,4,0.272147625,0.3591666666666667,0.6958951950073242,0.947441625,0.7941666666666667,0.6329477429389954,0.947441625,0.675294,4,,0.9,120.0,0,ok,53.88545608520508,
N=6|dead_zone=0.6|link_quality=0.7|n_missions=4|regime=jittery|rrf=60.0,H0,3,1640218479,6,60.0,4,jittery,0.6,0.7,1.75,1.0,0.75,0.0,0.0,0.3333333333333333,0.32666666666666666,0.9852281360342516,0.3333333333333333,0.32666666666666666,,,4,0,0,0.0,0.0,0.0,6,60.0,4,0.2910265000000001,0.36083333333333334,0.6957880854606628,0.9223358749999999,0.7901666666666667,0.5957589745521545,0.9223358749999999,0.6313093749999998,5,,0.9,,,ok,13.068219184875488,
N=6|dead_zone=0.6|link_quality=0.7|n_missions=4|regime=jittery|rrf=60.0,H1,3,1640218479,6,60.0,4,jittery,0.6,0.7,1.5,0.5,0.5,0.25,0.0,1.0,0.96,2.554585169337799,0.8333333333333334,0.75,0.5,1.2727272727272727,2,4,0,2.75,2.0,7.261389136314392,6,60.0,4,0.2910265000000001,0.36083333333333334,0.6957880854606628,0.897245125,0.8365,0.6613057851791382,0.897245125,0.6062186249999999,3,,0.9,120.0,0,ok,40.44016242027283,
N=6|dead_zone=0.6|link_quality=0.7|n_missions=4|regime=jittery|rrf=60.0,H0,4,1514567252,6,60.0,4,jittery,0.6,0.7,0.25,0.25,0.0,0.0,0.0,0.16666666666666666,0.16666666666666666,0.0,0.16666666666666666,0.16666666666666666,,,4,0,0,0.0,0.0,0.0,6,60.0,4,0.2591998125,0.3605,0.6959758400917053,0.7174175625000001,0.6661666666666667,0.67880779504776,0.7174175625000001,0.4582177500000001,5,,0.9,,,ok,9.117108821868896,
N=6|dead_zone=0.6|link_quality=0.7|n_missions=4|regime=jittery|rrf=60.0,H1,4,1514567252,6,60.0,4,jittery,0.6,0.7,0.75,0.5,0.25,0.0,0.0,1.0,0.9537953795379538,2.548565226030918,0.3333333333333333,0.3,0.5,1.7,2,4,0,2.5,2.0,8.386247515678406,6,60.0,4,0.2591998125,0.3605,0.6959758400917053,0.8531275,0.7541666666666667,0.6708465814590454,0.8531275,0.5939276875,3,,0.9,120.0,0,ok,45.50103569030762,
N=6|dead_zone=0.6|link_quality=0.7|n_missions=4|regime=jittery|rrf=60.0,H0,5,1368323313,6,60.0,4,jittery,0.6,0.7,0.25,0.25,0.0,0.0,0.0,0.16666666666666666,0.16666666666666666,0.0,0.16666666666666666,0.16666666666666666,,,4,0,0,0.0,0.0,0.0,6,60.0,4,0.2612725,0.35933333333333334,0.6959516406059265,0.7593165,0.7505,0.675675630569458,0.7593165,0.49804399999999993,5,,0.9,,,ok,9.933663606643677,
N=6|dead_zone=0.6|link_quality=0.7|n_missions=4|regime=jittery|rrf=60.0,H1,5,1368323313,6,60.0,4,jittery,0.6,0.7,1.5,0.75,0.5,0.25,0.0,1.0,1.0,2.584962500721156,0.6666666666666666,0.6,0.75,2.4,3,4,0,2.5,1.75,7.7076497077941895,6,60.0,4,0.2612725,0.35933333333333334,0.6959516406059265,0.9448191250000001,0.857,0.6451189517974854,0.9448191250000001,0.6835466250000001,4,,0.9,120.0,0,ok,43.54417157173157,
N=6|dead_zone=0.6|link_quality=0.7|n_missions=4|regime=jittery|rrf=60.0,H0,6,1910796240,6,60.0,4,jittery,0.6,0.7,1.0,0.75,0.25,0.0,0.0,0.3333333333333333,0.26666666666666666,0.8112781244591328,0.3333333333333333,0.26666666666666666,,,4,0,0,0.0,0.0,0.0,6,60.0,4,0.2904315,0.35833333333333334,0.6958063840866089,0.9081715625,0.817,0.6537938714027405,0.9081715625,0.6177400625,5,,0.9,,,ok,12.257015705108643,
N=6|dead_zone=0.6|link_quality=0.7|n_missions=4|regime=jittery|rrf=60.0,H1,6,1910796240,6,60.0,4,jittery,0.6,0.7,1.75,1.0,0.5,0.5,0.0,1.0,0.94750656167979,2.5370772562283324,0.5,0.3888888888888889,1.0,2.5,4,4,0,2.0,3.25,4.737727999687195,6,60.0,4,0.2904315,0.35833333333333334,0.6958063840866089,0.9236453750000001,0.8668333333333333,0.5598927140235901,0.9236453750000001,0.633213875,5,,0.9,120.0,0,ok,30.685241222381592,
N=6|dead_zone=0.6|link_quality=0.7|n_missions=4|regime=jittery|rrf=60.0,H0,7,2285691737,6,60.0,4,jittery,0.6,0.7,1.5,1.0,0.5,0.0,0.0,0.3333333333333333,0.3,0.9182958340544896,0.3333333333333333,0.3,,,4,0,0,0.0,0.0,0.0,6,60.0,4,0.261597625,0.35583333333333333,0.6959444880485535,0.9778870625,0.8136666666666666,0.5570025444030762,0.9778870625,0.7162894375,5,,0.9,,,ok,12.863380908966064,
N=6|dead_zone=0.6|link_quality=0.7|n_missions=4|regime=jittery|rrf=60.0,H1,7,2285691737,6,60.0,4,jittery,0.6,0.7,2.25,1.0,0.75,0.5,0.0,1.0,0.9473684210526315,2.5419822842863984,0.8333333333333334,0.7105263157894737,1.0,2.0,4,4,0,2.25,3.0,7.138302981853485,6,60.0,4,0.261597625,0.35583333333333333,0.6959444880485535,0.9444756249999999,0.8378333333333333,0.5639104247093201,0.9444756249999999,0.6828779999999999,5,,0.9,120.0,0,ok,40.15977597236633,
N=6|dead_zone=0.6|link_quality=0.7|n_missions=4|regime=jittery|rrf=60.0,H0,8,1305134407,6,60.0,4,jittery,0.6,0.7,1.0,0.75,0.25,0.0,0.0,0.3333333333333333,0.26666666666666666,0.8112781244591328,0.3333333333333333,0.26666666666666666,,,4,0,0,0.0,0.0,0.0,6,60.0,4,0.282551,0.35783333333333334,0.6958376169204712,0.9292443125000001,0.8308333333333333,0.6497745513916016,0.9292443125000001,0.6466933125000001,5,,0.9,,,ok,13.003532648086548,
N=6|dead_zone=0.6|link_quality=0.7|n_missions=4|regime=jittery|rrf=60.0,H1,8,1305134407,6,60.0,4,jittery,0.6,0.7,1.75,1.0,0.5,0.5,0.0,1.0,0.9730639730639731,2.564214313549726,0.8333333333333334,0.6282051282051282,1.0,1.2307692307692308,4,4,0,3.25,5.0,6.973520874977112,6,60.0,4,0.282551,0.35783333333333334,0.6958376169204712,0.946608625,0.83,0.5719461441040039,0.946608625,0.664057625,5,,0.9,120.0,0,ok,40.33827781677246,
N=6|dead_zone=0.6|link_quality=0.7|n_missions=4|regime=jittery|rrf=60.0,H0,9,2252105161,6,60.0,4,jittery,0.6,0.7,0.75,0.5,0.25,0.0,0.0,0.3333333333333333,0.3,0.9182958340544896,0.3333333333333333,0.3,,,4,0,0,0.0,0.0,0.0,6,60.0,4,0.2859436875,0.3596666666666667,0.6958553194999695,0.8231013125,0.7523333333333333,0.6732269525527954,0.8231013125,0.537157625,5,,0.9,,,ok,11.649081468582153,
N=6|dead_zone=0.6|link_quality=0.7|n_missions=4|regime=jittery|rrf=60.0,H1,9,2252105161,6,60.0,4,jittery,0.6,0.7,1.5,0.75,0.75,0.0,0.0,1.0,0.9863813229571985,2.5744957240833597,0.6666666666666666,0.6,0.75,1.5714285714285714,3,4,0,3.5,3.0,10.667166948318481,6,60.0,4,0.2859436875,0.3596666666666667,0.6958553194999695,0.9252867500000002,0.8301666666666667,0.620348334312439,0.9252867500000002,0.6393430625000002,4,,0.9,120.0,0,ok,54.01593565940857,
N=6|dead_zone=0.6|link_quality=0.7|n_missions=4|regime=jittery|rrf=60.0,H0,10,4057301290,6,60.0,4,jittery,0.6,0.7,0.75,0.75,0.0,0.0,0.0,0.16666666666666666,0.16666666666666666,0.0,0.16666666666666666,0.16666666666666666,,,4,0,0,0.0,0.0,0.0,6,60.0,4,0.2814079375,0.357,0.6958417296409607,0.9136560625,0.8518333333333333,0.6491501331329346,0.9136560625,0.632248125,5,,0.9,,,ok,9.429162502288818,
N=6|dead_zone=0.6|link_quality=0.7|n_missions=4|regime=jittery|rrf=60.0,H1,10,4057301290,6,60.0,4,jittery,0.6,0.7,1.25,0.75,0.25,0.25,0.0,1.0,0.9959349593495935,2.581896859914352,0.5,0.46296296296296297,0.75,2.2,3,4,0,2.5,2.25,7.745443880558014,6,60.0,4,0.2814079375,0.357,0.6958417296409607,0.89715725,0.805,0.6577513217926025,0.89715725,0.6157493125,4,,0.9,120.0,0,ok,42.413774490356445,
N=6|dead_zone=0.6|link_quality=0.7|n_missions=4|regime=jittery|rrf=60.0,H0,11,32474845,6,60.0,4,jittery,0.6,0.7,0.75,0.5,0.25,0.0,0.0,0.3333333333333333,0.3,0.9182958340544896,0.3333333333333333,0.3,,,4,0,0,0.0,0.0,0.0,6,60.0,4,0.258312875,0.3585,0.6959397792816162,0.8253430624999999,0.6943333333333334,0.6595116257667542,0.8253430624999999,0.5670301874999999,5,,0.9,,,ok,12.30710482597351,
N=6|dead_zone=0.6|link_quality=0.7|n_missions=4|regime=jittery|rrf=60.0,H1,11,32474845,6,60.0,4,jittery,0.6,0.7,1.75,1.0,0.75,0.0,0.0,1.0,1.0,2.584962500721156,1.0,0.9074074074074074,1.0,2.4,4,4,0,2.5,2.5,8.632363438606262,6,60.0,4,0.258312875,0.3585,0.6959397792816162,0.9620920625,0.8571666666666666,0.5620517730712891,0.9620920625,0.7037791875,5,,0.9,120.0,0,ok,46.57346177101135,
N=6|dead_zone=0.6|link_quality=0.7|n_missions=4|regime=jittery|rrf=60.0,H0,12,2967672222,6,60.0,4,jittery,0.6,0.7,0.5,0.5,0.0,0.0,0.0,0.16666666666666666,0.16666666666666666,0.0,0.16666666666666666,0.16666666666666666,,,4,0,0,0.0,0.0,0.0,6,60.0,4,0.2617503125,0.3575,0.6959743499755859,0.8446947499999999,0.6666666666666666,0.6549429297447205,0.8446947499999999,0.5829444374999999,5,,0.9,,,ok,10.546143293380737,
N=6|dead_zone=0.6|link_quality=0.7|n_missions=4|regime=jittery|rrf=60.0,H1,12,2967672222,6,60.0,4,jittery,0.6,0.7,2.5,1.0,0.75,0.75,0.0,1.0,1.0,2.584962500721156,0.8333333333333334,0.8333333333333334,1.0,2.0,4,4,0,3.0,3.0,6.3632107973098755,6,60.0,4,0.2617503125,0.3575,0.6959743499755859,0.9337273125,0.8896666666666667,0.5768490433692932,0.9337273125,0.6719769999999999,5,,0.9,120.0,0,ok,38.266976833343506,
N=6|dead_zone=0.6|link_quality=0.7|n_missions=4|regime=jittery|rrf=60.0,H0,13,1609616085,6,60.0,4,jittery,0.6,0.7,0.75,0.75,0.0,0.0,0.0,0.16666666666666666,0.16666666666666666,0.0,0.16666666666666666,0.16666666666666666,,,4,0,0,0.0,0.0,0.0,6,60.0,4,0.26258918750000004,0.3595,0.6959299445152283,0.91544775,0.7686666666666667,0.6355443596839905,0.91544775,0.6528585625,5,,0.9,,,ok,9.846933364868164,
N=6|dead_zone=0.6|link_quality=0.7|n_missions=4|regime=jittery|rrf=60.0,H1,13,1609616085,6,60.0,4,jittery,0.6,0.7,0.75,0.5,0.25,0.5,0.0,1.0,0.9411764705882353,2.542481250360578,0.5,0.5,0.5,1.2222222222222223,2,4,0,2.25,2.5,6.768657028675079,6,60.0,4,0.26258918750000004,0.3595,0.6959299445152283,0.8965050625000001,0.6778333333333333,0.6659178733825684,0.8965050625000001,0.633915875,3,,0.9,120.0,0,ok,38.983609437942505,
N=6|dead_zone=0.6|link_quality=0.7|n_missions=4|regime=jittery|rrf=60.0,H0,14,2095109486,6,60.0,4,jittery,0.6,0.7,1.25,0.75,0.5,0.0,0.0,0.3333333333333333,0.32051282051282054,0.9709505944546686,0.3333333333333333,0.32051282051282054,,,4,0,0,0.0,0.0,0.0,6,60.0,4,0.27046899999999996,0.35983333333333334,0.6959196925163269,0.8873389375,0.789,0.6379268765449524,0.8873389375,0.6168699375000001,5,,0.9,,,ok,12.396925449371338,
N=6|dead_zone=0.6|link_quality=0.7|n_missions=4|regime=jittery|rrf=60.0,H1,14,2095109486,6,60.0,4,jittery,0.6,0.7,1.75,1.0,0.5,0.25,0.0,1.0,0.9863813229571985,2.575387232408121,0.8333333333333334,0.7424242424242424,1.0,1.4615384615384615,4,4,0,3.25,3.75,7.6939807534217834,6,60.0,4,0.27046899999999996,0.35983333333333334,0.6959196925163269,0.9621405625000001,0.809,0.5831696391105652,0.9621405625000001,0.6916715625000002,5,,0.9,120.0,0,ok,42.45599818229675,
N=6|dead_zone=0.6|link_quality=0.7|n_missions=4|regime=jittery|rrf=60.0,H0,15,1723858287,6,60.0,4,jittery,0.6,0.7,0.75,0.75,0.0,0.0,0.0,0.3333333333333333,0.3,0.9182958340544896,0.3333333333333333,0.3,,,4,0,0,0.0,0.0,0.0,6,60.0,4,0.2542425,0.356,0.6959637999534607,0.9317635625,0.8723333333333333,0.6040487885475159,0.9317635625,0.6775210625000001,5,,0.9,,,ok,11.957454442977905,
N=6|dead_zone=0.6|link_quality=0.7|n_missions=4|regime=jittery|rrf=60.0,H1,15,1723858287,6,60.0,4,jittery,0.6,0.7,1.0,0.75,0.25,0.75,0.0,1.0,0.9057971014492754,2.5124876891689536,0.3333333333333333,0.3333333333333333,0.75,1.0,3,4,0,2.25,4.5,5.287610590457916,6,60.0,4,0.2542425,0.356,0.6959637999534607,0.9108316875,0.7923333333333333,0.6479341387748718,0.9108316875,0.6565891875000001,4,,0.9,120.0,0,ok,32.76671528816223,
N=6|dead_zone=0.6|link_quality=0.7|n_missions=4|regime=jittery|rrf=60.0,H0,16,2887948690,6,60.0,4,jittery,0.6,0.7,0.75,0.75,0.0,0.0,0.0,0.3333333333333333,0.3,0.9182958340544896,0.3333333333333333,0.3,,,4,0,0,0.0,0.0,0.0,6,60.0,4,0.29034225,0.3595,0.6958170533180237,0.8839362500000001,0.8073333333333333,0.6292622089385986,0.8839362500000001,0.5935940000000001,5,,0.9,,,ok,13.522533416748047,
N=6|dead_zone=0.6|link_quality=0.7|n_missions=4|regime=jittery|rrf=60.0,H1,16,2887948690,6,60.0,4,jittery,0.6,0.7,1.75,1.0,0.75,0.0,0.0,1.0,0.9941176470588236,2.5806899528060816,0.6666666666666666,0.6282051282051282,1.0,1.4615384615384615,4,4,0,3.25,4.0,9.215792417526245,6,60.0,4,0.29034225,0.3595,0.6958170533180237,0.941743,0.8423333333333334,0.5788816213607788,0.941743,0.65140075,5,,0.9,120.0,0,ok,49.968585729599,
N=6|dead_zone=0.6|link_quality=0.7|n_missions=4|regime=jittery|rrf=60.0,H0,17,4017615535,6,60.0,4,jittery,0.6,0.7,0.75,0.75,0.0,0.0,0.0,0.3333333333333333,0.3,0.9182958340544896,0.3333333333333333,0.3,,,4,0,0,0.0,0.0,0.0,6,60.0,4,0.2538829375,0.3595,0.6959723234176636,0.9171805625,0.7911666666666667,0.6485459804534912,0.9171805625,0.663297625,5,,0.9,,,ok,12.040467739105225,
N=6|dead_zone=0.6|link_quality=0.7|n_missions=4|regime=jittery|rrf=60.0,H1,17,4017615535,6,60.0,4,jittery,0.6,0.7,0.5,0.5,0.0,0.0,0.0,1.0,0.9829931972789115,2.5727582563571767,0.3333333333333333,0.3333333333333333,0.5,1.2142857142857142,2,4,0,3.5,2.5,10.408593654632568,6,60.0,4,0.2538829375,0.3595,0.6959723234176636,0.8559846875,0.7771666666666667,0.6657373309135437,0.8559846875,0.60210175,3,,0.9,120.0,0,ok,53.37837600708008,
N=6|dead_zone=0.6|link_quality=0.7|n_missions=4|regime=jittery|rrf=60.0,H0,18,4103918132,6,60.0,4,jittery,0.6,0.7,1.25,1.0,0.25,0.0,0.0,0.3333333333333333,0.32051282051282054,0.9709505944546686,0.3333333333333333,0.32051282051282054,,,4,0,0,0.0,0.0,0.0,6,60.0,4,0.25718312499999996,0.3575,0.6959779262542725,0.9389001875,0.8538333333333333,0.5920135378837585,0.9389001875,0.6817170625000001,5,,0.9,,,ok,13.550368070602417,
N=6|dead_zone=0.6|link_quality=0.7|n_missions=4|regime=jittery|rrf=60.0,H1,18,4103918132,6,60.0,4,jittery,0.6,0.7,1.25,0.75,0.5,0.0,0.0,1.0,0.9751243781094527,2.5670314951575843,0.6666666666666666,0.5952380952380952,0.75,1.5,3,4,0,2.5,2.75,7.4880200028419495,6,60.0,4,0.25718312499999996,0.3575,0.6959779262542725,0.902212125,0.799,0.6103236675262451,0.902212125,0.6450290000000001,4,,0.9,120.0,0,ok,42.62025547027588,
N=6|dead_zone=0.6|link_quality=0.7|n_missions=4|regime=jittery|rrf=60.0,H0,19,3780453237,6,60.0,4,jittery,0.6,0.7,0.75,0.75,0.0,0.0,0.0,0.3333333333333333,0.3,0.9182958340544896,0.3333333333333333,0.3,,,4,0,0,0.0,0.0,0.0,6,60.0,4,0.29261025,0.3606666666666667,0.6957654356956482,0.9113979999999999,0.724,0.6137795448303223,0.9113979999999999,0.6187877499999999,5,,0.9,,,ok,13.301247835159302,
N=6|dead_zone=0.6|link_quality=0.7|n_missions=4|regime=jittery|rrf=60.0,H1,19,3780453237,6,60.0,4,jittery,0.6,0.7,1.75,1.0,0.5,0.5,0.0,1.0,0.9238310708898945,2.5189737220942128,0.5,0.4803921568627451,1.0,1.3076923076923077,4,4,0,3.25,5.0,8.47419947385788,6,60.0,4,0.29261025,0.3606666666666667,0.6957654356956482,0.9510615,0.913,0.571500837802887,0.9510615,0.6584512499999999,5,4,0.9,120.0,0,ok,46.959654092788696,
