cell_id,arm,trial_index,seed,param_N,param_rrf,param_n_missions,param_regime,param_dead_zone,param_link_quality,update_yield,round_close_rate_kmin1,round_close_rate_kmin2,round_close_rate_kminhalf,round_close_rate_kminN,coverage,jains_fairness,participation_entropy,mission_completion_rate,completion_fairness,pass2_coverage,rho_contact,rounds_closed,missions_completed,mission_failures,pass1_contacts_mean,pass2_contacts_mean,mission_duration_s_mean,n_devices,rf_range_m,n_missions_target,init_auc,init_accuracy,init_loss,final_auc,final_accuracy,final_loss,best_auc,delta_auc,rounds_evaluated,t_at_tau_round,tau,mission_budget_s,mission_window_adaptation,status,duration_s,error
N=6|dead_zone=0.0|link_quality=0.3|n_missions=4|regime=jittery|rrf=60.0,H0,0,2445965193,6,60.0,4,jittery,0.0,0.3,1.0,0.75,0.25,0.0,0.0,0.5,0.4444444444444444,1.5,0.5,0.4444444444444444,,,4,0,0,0.0,0.0,0.0,6,60.0,4,0.26024768750000005,0.3595,0.6959475874900818,0.9436703750000002,0.8038333333333333,0.6197515726089478,0.9436703750000002,0.6834226875000001,5,,0.9,,,ok,18.833297729492188,
N=6|dead_zone=0.0|link_quality=0.3|n_missions=4|regime=jittery|rrf=60.0,H1,0,2445965193,6,60.0,4,jittery,0.0,0.3,2.0,1.0,0.75,0.25,0.0,1.0,0.9473684210526315,2.5419822842863984,0.6666666666666666,0.6666666666666666,1.0,1.6363636363636365,4,4,0,2.75,3.5,6.437671601772308,6,60.0,4,0.26024768750000005,0.3595,0.6959475874900818,0.933405625,0.8686666666666667,0.5769491195678711,0.933405625,0.6731579375,5,,0.9,120.0,0,ok,36.08213829994202,
N=6|dead_zone=0.0|link_quality=0.3|n_missions=4|regime=jittery|rrf=60.0,H0,1,2190988607,6,60.0,4,jittery,0.0,0.3,0.5,0.5,0.0,0.0,0.0,0.3333333333333333,0.3333333333333333,1.0,0.3333333333333333,0.3333333333333333,,,4,0,0,0.0,0.0,0.0,6,60.0,4,0.2625445625,0.35633333333333334,0.6959373950958252,0.9023314375,0.7968333333333333,0.6751897931098938,0.9023314375,0.639786875,5,,0.9,,,ok,9.396304607391357,
N=6|dead_zone=0.0|link_quality=0.3|n_missions=4|regime=jittery|rrf=60.0,H1,1,2190988607,6,60.0,4,jittery,0.0,0.3,1.25,0.75,0.5,0.0,0.0,1.0,0.9818181818181818,2.571541671821925,0.5,0.46296296296296297,0.75,1.6153846153846154,3,4,0,3.25,3.0,9.981052577495575,6,60.0,4,0.2625445625,0.35633333333333334,0.6959373950958252,0.9218478750000001,0.7916666666666666,0.6406708359718323,0.9218478750000001,0.6593033125000001,4,,0.9,120.0,0,ok,49.977185010910034,
N=6|dead_zone=0.0|link_quality=0.3|n_missions=4|regime=jittery|rrf=60.0,H0,2,1675044949,6,60.0,4,jittery,0.0,0.3,1.0,0.75,0.25,0.0,0.0,0.5,0.4444444444444444,1.5,0.5,0.4444444444444444,,,4,0,0,0.0,0.0,0.0,6,60.0,4,0.26341856249999995,0.3576666666666667,0.695913553237915,0.8926473125000001,0.7781666666666667,0.637349545955658,0.8926473125000001,0.6292287500000001,5,,0.9,,,ok,11.706669807434082,
N=6|dead_zone=0.0|link_quality=0.3|n_missions=4|regime=jittery|rrf=60.0,H1,2,1675044949,6,60.0,4,jittery,0.0,0.3,1.5,1.0,0.5,1.0,0.0,1.0,0.8620689655172413,2.466253399951849,0.5,0.5,1.0,1.0,4,4,0,3.0,5.0,6.32908433675766,6,60.0,4,0.26341856249999995,0.3576666666666667,0.695913553237915,0.9281785,0.8806666666666667,0.5648908019065857,0.9281785,0.6647599375000001,5,,0.9,120.0,0,ok,38.00048232078552,
N=6|dead_zone=0.0|link_quality=0.3|n_missions=4|regime=jittery|rrf=60.0,H0,3,288359827,6,60.0,4,jittery,0.0,0.3,1.25,0.5,0.5,0.25,0.0,0.6666666666666666,0.5952380952380952,1.9219280948873623,0.6666666666666666,0.5952380952380952,,,4,0,0,0.0,0.0,0.0,6,60.0,4,0.2719461875,0.3605,0.6958975195884705,0.7999708750000001,0.7446666666666667,0.6758244037628174,0.7999708750000001,0.5280246875000001,5,,0.9,,,ok,15.412033796310425,
N=6|dead_zone=0.0|link_quality=0.3|n_missions=4|regime=jittery|rrf=60.0,H1,3,288359827,6,60.0,4,jittery,0.0,0.3,1.0,0.75,0.25,0.0,0.0,1.0,0.9,2.5032583347756456,0.6666666666666666,0.6666666666666666,0.75,1.6666666666666667,3,4,0,2.25,2.25,7.569685101509094,6,60.0,4,0.2719461875,0.3605,0.6958975195884705,0.933689875,0.8721666666666666,0.6216301321983337,0.933689875,0.6617436875,4,,0.9,120.0,0,ok,41.14448142051697,
N=6|dead_zone=0.0|link_quality=0.3|n_missions=4|regime=jittery|rrf=60.0,H0,4,1184982943,6,60.0,4,jittery,0.0,0.3,1.75,1.0,0.5,0.25,0.0,0.6666666666666666,0.5444444444444444,1.8423709931771084,0.6666666666666666,0.5444444444444444,,,4,0,0,0.0,0.0,0.0,6,60.0,4,0.29059,0.3555,0.6958067417144775,0.945889125,0.8301666666666667,0.5647965669631958,0.945889125,0.655299125,5,,0.9,,,ok,14.538201808929443,
N=6|dead_zone=0.0|link_quality=0.3|n_missions=4|regime=jittery|rrf=60.0,H1,4,1184982943,6,60.0,4,jittery,0.0,0.3,2.0,0.75,0.75,0.5,0.0,1.0,0.9730639730639731,2.564214313549726,0.6666666666666666,0.5333333333333333,0.75,1.3571428571428572,3,4,0,3.5,3.25,9.091796815395355,6,60.0,4,0.29059,0.3555,0.6958067417144775,0.915645375,0.8676666666666667,0.6449427604675293,0.915645375,0.625055375,4,,0.9,120.0,0,ok,46.236847162246704,
N=6|dead_zone=0.0|link_quality=0.3|n_missions=4|regime=jittery|rrf=60.0,H0,5,2804292968,6,60.0,4,jittery,0.0,0.3,1.5,1.0,0.25,0.25,0.0,0.5,0.5,1.584962500721156,0.5,0.5,,,4,0,0,0.0,0.0,0.0,6,60.0,4,0.2613966875,0.3555,0.6959311366081238,0.9370075000000001,0.8686666666666667,0.5975566506385803,0.9370075000000001,0.6756108125000001,5,,0.9,,,ok,12.125422239303589,
N=6|dead_zone=0.0|link_quality=0.3|n_missions=4|regime=jittery|rrf=60.0,H1,5,2804292968,6,60.0,4,jittery,0.0,0.3,2.0,1.0,0.5,0.25,0.0,1.0,1.0,2.584962500721156,0.6666666666666666,0.5925925925925926,1.0,2.4,4,4,0,2.5,3.5,7.287517845630646,6,60.0,4,0.2613966875,0.3555,0.6959311366081238,0.9366025625,0.8755,0.5709748268127441,0.9366025625,0.675205875,5,,0.9,120.0,0,ok,39.279865026474,
N=6|dead_zone=0.0|link_quality=0.3|n_missions=4|regime=jittery|rrf=60.0,H0,6,3018903149,6,60.0,4,jittery,0.0,0.3,0.5,0.5,0.0,0.0,0.0,0.16666666666666666,0.16666666666666666,0.0,0.16666666666666666,0.16666666666666666,,,4,0,0,0.0,0.0,0.0,6,60.0,4,0.2610154375,0.3571666666666667,0.6959627270698547,0.876814875,0.7626666666666667,0.6713522672653198,0.876814875,0.6157994375,5,,0.9,,,ok,7.057509660720825,
N=6|dead_zone=0.0|link_quality=0.3|n_missions=4|regime=jittery|rrf=60.0,H1,6,3018903149,6,60.0,4,jittery,0.0,0.3,1.75,0.75,0.75,0.25,0.0,1.0,0.9918032786885246,2.578992712198113,0.6666666666666666,0.5444444444444444,0.75,1.3333333333333333,3,4,0,3.0,3.0,6.62242591381073,6,60.0,4,0.2610154375,0.3571666666666667,0.6959627270698547,0.9078909374999999,0.768,0.6387848258018494,0.9078909374999999,0.6468754999999999,4,,0.9,120.0,0,ok,36.78938698768616,
N=6|dead_zone=0.0|link_quality=0.3|n_missions=4|regime=jittery|rrf=60.0,H0,7,2558694739,6,60.0,4,jittery,0.0,0.3,0.75,0.75,0.0,0.0,0.0,0.5,0.5,1.584962500721156,0.5,0.5,,,4,0,0,0.0,0.0,0.0,6,60.0,4,0.2575209375,0.3586666666666667,0.6959788203239441,0.9318007500000001,0.8006666666666666,0.6186772584915161,0.9318007500000001,0.6742798125,5,,0.9,,,ok,11.357074975967407,
N=6|dead_zone=0.0|link_quality=0.3|n_missions=4|regime=jittery|rrf=60.0,H1,7,2558694739,6,60.0,4,jittery,0.0,0.3,0.75,0.75,0.0,0.0,0.0,1.0,0.9829931972789115,2.572758256357176,0.3333333333333333,0.3,0.75,1.6666666666666667,3,4,0,3.0,2.5,10.037538588047028,6,60.0,4,0.2575209375,0.3586666666666667,0.6959788203239441,0.912619375,0.7238333333333333,0.6329450011253357,0.912619375,0.6550984375,4,,0.9,120.0,0,ok,54.039183616638184,
N=6|dead_zone=0.0|link_quality=0.3|n_missions=4|regime=jittery|rrf=60.0,H0,8,434730222,6,60.0,4,jittery,0.0,0.3,1.25,0.75,0.25,0.25,0.0,0.6666666666666666,0.5952380952380952,1.9219280948873623,0.6666666666666666,0.5952380952380952,,,4,0,0,0.0,0.0,0.0,6,60.0,4,0.2515945625,0.3565,0.6959981322288513,0.9654421875000001,0.9076666666666666,0.6444666981697083,0.9654421875000001,0.7138476250000001,5,4,0.9,,,ok,14.272909879684448,
N=6|dead_zone=0.0|link_quality=0.3|n_missions=4|regime=jittery|rrf=60.0,H1,8,434730222,6,60.0,4,jittery,0.0,0.3,2.0,0.75,0.75,0.5,0.0,1.0,0.9537953795379538,2.5485652260309175,0.6666666666666666,0.5925925925925926,0.75,1.3846153846153846,3,4,0,3.25,3.0,7.521208465099335,6,60.0,4,0.2515945625,0.3565,0.6959981322288513,0.92427,0.8935,0.6520083546638489,0.92427,0.6726754375,4,,0.9,120.0,0,ok,40.483885049819946,
N=6|dead_zone=0.0|link_quality=0.3|n_missions=4|regime=jittery|rrf=60.0,H1,8,434730222,6,60.0,4,jittery,0.0,0.3,2.0,0.75,0.75,0.5,0.0,1.0,0.9537953795379538,2.5485652260309175,0.6666666666666666,0.5925925925925926,0.75,1.3846153846153846,3,4,0,3.25,3.0,7.504420280456543,6,60.0,4,0.2515945625,0.3565,0.6959981322288513,0.92427,0.8935,0.6520083546638489,0.92427,0.6726754375,4,,0.9,120.0,0,ok,47.317028760910034,
N=6|dead_zone=0.0|link_quality=0.3|n_missions=4|regime=jittery|rrf=60.0,H0,9,1267099072,6,60.0,4,jittery,0.0,0.3,0.5,0.5,0.0,0.0,0.0,0.3333333333333333,0.3333333333333333,1.0,0.3333333333333333,0.3333333333333333,,,4,0,0,0.0,0.0,0.0,6,60.0,4,0.2693531875,0.3556666666666667,0.6959263682365417,0.8389223125,0.7446666666666667,0.6653348207473755,0.8389223125,0.5695691250000001,5,,0.9,,,ok,9.79874062538147,
N=6|dead_zone=0.0|link_quality=0.3|n_missions=4|regime=jittery|rrf=60.0,H0,9,1267099072,6,60.0,4,jittery,0.0,0.3,0.5,0.5,0.0,0.0,0.0,0.3333333333333333,0.3333333333333333,1.0,0.3333333333333333,0.3333333333333333,,,4,0,0,0.0,0.0,0.0,6,60.0,4,0.2693531875,0.3556666666666667,0.6959263682365417,0.8389223125,0.7446666666666667,0.6653348207473755,0.8389223125,0.5695691250000001,5,,0.9,,,ok,11.049564838409424,
N=6|dead_zone=0.0|link_quality=0.3|n_missions=4|regime=jittery|rrf=60.0,H1,9,1267099072,6,60.0,4,jittery,0.0,0.3,2.0,1.0,1.0,0.0,0.0,1.0,0.9876543209876543,2.5752515262260385,0.6666666666666666,0.5925925925925926,1.0,1.6923076923076923,4,4,0,3.25,3.75,9.459326386451721,6,60.0,4,0.2693531875,0.3556666666666667,0.6959263682365417,0.9402893125,0.8311666666666667,0.5552636981010437,0.9402893125,0.6709361250000001,5,,0.9,120.0,0,ok,48.86410403251648,
N=6|dead_zone=0.0|link_quality=0.3|n_missions=4|regime=jittery|rrf=60.0,H0,10,3857979046,6,60.0,4,jittery,0.0,0.3,1.0,0.5,0.5,0.0,0.0,0.3333333333333333,0.3333333333333333,1.0,0.3333333333333333,0.3333333333333333,,,4,0,0,0.0,0.0,0.0,6,60.0,4,0.25637699999999997,0.3595,0.6959496140480042,0.8544726875,0.7161666666666666,0.6682091355323792,0.8544726875,0.5980956875000001,5,,0.9,,,ok,9.538208484649658,
N=6|dead_zone=0.0|link_quality=0.3|n_missions=4|regime=jittery|rrf=60.0,H1,9,1267099072,6,60.0,4,jittery,0.0,0.3,2.0,1.0,1.0,0.0,0.0,1.0,0.9876543209876543,2.5752515262260385,0.6666666666666666,0.5925925925925926,1.0,1.6923076923076923,4,4,0,3.25,3.75,9.384777426719666,6,60.0,4,0.2693531875,0.3556666666666667,0.6959263682365417,0.9402893125,0.8311666666666667,0.5552636981010437,0.9402893125,0.6709361250000001,5,,0.9,120.0,0,ok,48.60934376716614,
N=6|dead_zone=0.0|link_quality=0.3|n_missions=4|regime=jittery|rrf=60.0,H0,10,3857979046,6,60.0,4,jittery,0.0,0.3,1.0,0.5,0.5,0.0,0.0,0.3333333333333333,0.3333333333333333,1.0,0.3333333333333333,0.3333333333333333,,,4,0,0,0.0,0.0,0.0,6,60.0,4,0.25637699999999997,0.3595,0.6959496140480042,0.8544726875,0.7161666666666666,0.6682091355323792,0.8544726875,0.5980956875000001,5,,0.9,,,ok,10.958789110183716,
N=6|dead_zone=0.0|link_quality=0.3|n_missions=4|regime=jittery|rrf=60.0,H1,10,3857979046,6,60.0,4,jittery,0.0,0.3,1.25,0.5,0.5,0.25,0.0,1.0,0.9590818363273453,2.55482403917385,0.5,0.46296296296296297,0.5,1.3846153846153846,2,4,0,3.25,2.0,9.192536532878876,6,60.0,4,0.25637699999999997,0.3595,0.6959496140480042,0.8924373125,0.7241666666666666,0.6673269271850586,0.8924373125,0.6360603125000001,3,,0.9,120.0,0,ok,47.22822117805481,
N=6|dead_zone=0.0|link_quality=0.3|n_missions=4|regime=jittery|rrf=60.0,H1,10,3857979046,6,60.0,4,jittery,0.0,0.3,1.25,0.5,0.5,0.25,0.0,1.0,0.9590818363273453,2.55482403917385,0.5,0.46296296296296297,0.5,1.3846153846153846,2,4,0,3.25,2.0,9.184489786624908,6,60.0,4,0.25637699999999997,0.3595,0.6959496140480042,0.8924373125,0.7241666666666666,0.6673269271850586,0.8924373125,0.6360603125000001,3,,0.9,120.0,0,ok,46.666630268096924,
N=6|dead_zone=0.0|link_quality=0.3|n_missions=4|regime=jittery|rrf=60.0,H0,11,3840496771,6,60.0,4,jittery,0.0,0.3,0.75,0.25,0.25,0.25,0.0,0.5,0.5,1.584962500721156,0.5,0.5,,,4,0,0,0.0,0.0,0.0,6,60.0,4,0.25765443750000006,0.3541666666666667,0.6959378123283386,0.712362375,0.6986666666666667,0.6773740649223328,0.712362375,0.45470793749999994,5,,0.9,,,ok,12.464260578155518,
N=6|dead_zone=0.0|link_quality=0.3|n_missions=4|regime=jittery|rrf=60.0,H0,11,3840496771,6,60.0,4,jittery,0.0,0.3,0.75,0.25,0.25,0.25,0.0,0.5,0.5,1.584962500721156,0.5,0.5,,,4,0,0,0.0,0.0,0.0,6,60.0,4,0.25765443750000006,0.3541666666666667,0.6959378123283386,0.712362375,0.6986666666666667,0.6773740649223328,0.712362375,0.45470793749999994,5,,0.9,,,ok,13.224787950515747,
N=6|dead_zone=0.0|link_quality=0.3|n_missions=4|regime=jittery|rrf=60.0,H1,11,3840496771,6,60.0,4,jittery,0.0,0.3,1.25,1.0,0.25,0.25,0.0,1.0,0.9808429118773946,2.5718847866691474,0.8333333333333334,0.8333333333333334,1.0,1.3636363636363635,4,4,0,2.75,4.0,8.014916002750397,6,60.0,4,0.25765443750000006,0.3541666666666667,0.6959378123283386,0.9524663125000001,0.7881666666666667,0.5757626295089722,0.9524663125000001,0.6948118750000001,5,,0.9,120.0,0,ok,43.049609422683716,
N=6|dead_zone=0.0|link_quality=0.3|n_missions=4|regime=jittery|rrf=60.0,H0,12,1637301530,6,60.0,4,jittery,0.0,0.3,1.0,0.75,0.25,0.0,0.0,0.3333333333333333,0.3333333333333333,1.0,0.3333333333333333,0.3333333333333333,,,4,0,0,0.0,0.0,0.0,6,60.0,4,0.2775593125,0.35383333333333333,0.6959085464477539,0.9080949375,0.7113333333333334,0.6502978801727295,0.9080949375,0.630535625,5,,0.9,,,ok,9.222757816314697,
N=6|dead_zone=0.0|link_quality=0.3|n_missions=4|regime=jittery|rrf=60.0,H1,11,3840496771,6,60.0,4,jittery,0.0,0.3,1.5,1.0,0.5,0.5,0.0,1.0,0.981081081081081,2.571672260071259,0.8333333333333334,0.75,1.0,1.3636363636363635,4,4,0,2.75,4.0,7.705898284912109,6,60.0,4,0.25765443750000006,0.3541666666666667,0.6959378123283386,0.95026775,0.7881666666666667,0.5713568329811096,0.95026775,0.6926133124999999,5,,0.9,120.0,0,ok,42.33209848403931,
N=6|dead_zone=0.0|link_quality=0.3|n_missions=4|regime=jittery|rrf=60.0,H0,12,1637301530,6,60.0,4,jittery,0.0,0.3,1.0,0.75,0.25,0.0,0.0,0.3333333333333333,0.3333333333333333,1.0,0.3333333333333333,0.3333333333333333,,,4,0,0,0.0,0.0,0.0,6,60.0,4,0.2775593125,0.35383333333333333,0.6959085464477539,0.9080949375,0.7113333333333334,0.6502978801727295,0.9080949375,0.630535625,5,,0.9,,,ok,10.636396646499634,
N=6|dead_zone=0.0|link_quality=0.3|n_missions=4|regime=jittery|rrf=60.0,H1,12,1637301530,6,60.0,4,jittery,0.0,0.3,1.0,0.5,0.25,0.25,0.0,1.0,0.974025974025974,2.565596230357602,0.6666666666666666,0.6666666666666666,0.5,1.4615384615384615,2,4,0,3.25,2.25,7.9065340757369995,6,60.0,4,0.2775593125,0.35383333333333333,0.6959085464477539,0.868892625,0.5698333333333333,0.6696528196334839,0.868892625,0.5913333125,3,,0.9,120.0,0,ok,41.69637942314148,
N=6|dead_zone=0.0|link_quality=0.3|n_missions=4|regime=jittery|rrf=60.0,H1,12,1637301530,6,60.0,4,jittery,0.0,0.3,1.0,1.0,0.0,0.0,0.0,1.0,0.9408602150537635,2.534175692826769,0.5,0.4444444444444444,1.0,1.5454545454545454,4,4,0,2.75,4.5,7.199636459350586,6,60.0,4,0.2775593125,0.35383333333333333,0.6959085464477539,0.9490680000000001,0.7945,0.5648332238197327,0.9490680000000001,0.6715086875000001,5,,0.9,120.0,0,ok,39.36282014846802,
N=6|dead_zone=0.0|link_quality=0.3|n_missions=4|regime=jittery|rrf=60.0,H0,13,661814782,6,60.0,4,jittery,0.0,0.3,1.5,0.75,0.5,0.25,0.0,0.6666666666666666,0.6,1.9182958340544893,0.6666666666666666,0.6,,,4,0,0,0.0,0.0,0.0,6,60.0,4,0.2479425,0.3526666666666667,0.6959898471832275,0.9302423125,0.7943333333333333,0.6413560509681702,0.9302423125,0.6822998124999999,5,,0.9,,,ok,13.679704427719116,
N=6|dead_zone=0.0|link_quality=0.3|n_missions=4|regime=jittery|rrf=60.0,H0,13,661814782,6,60.0,4,jittery,0.0,0.3,1.5,0.75,0.5,0.25,0.0,0.6666666666666666,0.6,1.9182958340544893,0.6666666666666666,0.6,,,4,0,0,0.0,0.0,0.0,6,60.0,4,0.2479425,0.3526666666666667,0.6959898471832275,0.9302423125,0.7943333333333333,0.6413560509681702,0.9302423125,0.6822998124999999,5,,0.9,,,ok,15.411357164382935,
N=6|dead_zone=0.0|link_quality=0.3|n_missions=4|regime=jittery|rrf=60.0,H1,13,661814782,6,60.0,4,jittery,0.0,0.3,1.75,1.0,0.75,0.0,0.0,1.0,0.9863387978142076,2.5746737280146283,0.6666666666666666,0.5444444444444444,1.0,2.2,4,4,0,2.5,3.0,8.038262248039246,6,60.0,4,0.2479425,0.3526666666666667,0.6959898471832275,0.9286681875,0.8303333333333334,0.5863247513771057,0.9286681875,0.6807256875000001,5,,0.9,120.0,0,ok,42.350756883621216,
N=6|dead_zone=0.0|link_quality=0.3|n_missions=4|regime=jittery|rrf=60.0,H0,14,1839345764,6,60.0,4,jittery,0.0,0.3,0.5,0.5,0.0,0.0,0.0,0.16666666666666666,0.16666666666666666,0.0,0.16666666666666666,0.16666666666666666,,,4,0,0,0.0,0.0,0.0,6,60.0,4,0.25691093750000005,0.35533333333333333,0.6960040926933289,0.879542375,0.8365,0.6762394905090332,0.879542375,0.6226314374999999,5,,0.9,,,ok,8.69201374053955,
N=6|dead_zone=0.0|link_quality=0.3|n_missions=4|regime=jittery|rrf=60.0,H1,13,661814782,6,60.0,4,jittery,0.0,0.3,2.25,1.0,0.75,0.5,0.0,1.0,0.9876543209876543,2.5752515262260385,0.8333333333333334,0.7105263157894737,1.0,2.2,4,4,0,2.5,3.0,7.852885842323303,6,60.0,4,0.2479425,0.3526666666666667,0.6959898471832275,0.9406935000000001,0.8363333333333334,0.5864749550819397,0.9406935000000001,0.6927510000000001,5,,0.9,120.0,0,ok,42.014304876327515,
N=6|dead_zone=0.0|link_quality=0.3|n_missions=4|regime=jittery|rrf=60.0,H0,14,1839345764,6,60.0,4,jittery,0.0,0.3,0.5,0.5,0.0,0.0,0.0,0.16666666666666666,0.16666666666666666,0.0,0.16666666666666666,0.16666666666666666,,,4,0,0,0.0,0.0,0.0,6,60.0,4,0.25691093750000005,0.35533333333333333,0.6960040926933289,0.879542375,0.8365,0.6762394905090332,0.879542375,0.6226314374999999,5,,0.9,,,ok,9.046085834503174,
N=6|dead_zone=0.0|link_quality=0.3|n_missions=4|regime=jittery|rrf=60.0,H1,14,1839345764,6,60.0,4,jittery,0.0,0.3,1.5,1.0,0.5,0.5,0.0,1.0,0.9496124031007752,2.541077833403517,0.6666666666666666,0.6,1.0,1.6363636363636365,4,4,0,2.75,3.75,8.75828731060028,6,60.0,4,0.25691093750000005,0.35533333333333333,0.6960040926933289,0.92969675,0.8726666666666667,0.5514038801193237,0.92969675,0.6727858124999999,5,,0.9,120.0,0,ok,46.05227518081665,
N=6|dead_zone=0.0|link_quality=0.3|n_missions=4|regime=jittery|rrf=60.0,H1,14,1839345764,6,60.0,4,jittery,0.0,0.3,1.75,1.0,0.5,0.5,0.0,1.0,0.9473684210526315,2.5385669216082287,0.6666666666666666,0.5444444444444444,1.0,1.6363636363636365,4,4,0,2.75,3.75,8.634112060070038,6,60.0,4,0.25691093750000005,0.35533333333333333,0.6960040926933289,0.9340736875000001,0.8451666666666666,0.5590683817863464,0.9340736875000001,0.67716275,5,,0.9,120.0,0,ok,45.82610559463501,
N=6|dead_zone=0.0|link_quality=0.3|n_missions=4|regime=jittery|rrf=60.0,H0,15,3580921796,6,60.0,4,jittery,0.0,0.3,1.0,0.75,0.25,0.0,0.0,0.5,0.4444444444444444,1.5,0.5,0.4444444444444444,,,4,0,0,0.0,0.0,0.0,6,60.0,4,0.25608581249999995,0.3595,0.6959498524665833,0.9115600000000001,0.7663333333333333,0.627464771270752,0.9115600000000001,0.6554741875000002,5,,0.9,,,ok,12.251376390457153,
N=6|dead_zone=0.0|link_quality=0.3|n_missions=4|regime=jittery|rrf=60.0,H0,15,3580921796,6,60.0,4,jittery,0.0,0.3,1.0,0.75,0.25,0.0,0.0,0.5,0.4444444444444444,1.5,0.5,0.4444444444444444,,,4,0,0,0.0,0.0,0.0,6,60.0,4,0.25608581249999995,0.3595,0.6959498524665833,0.9115600000000001,0.7663333333333333,0.627464771270752,0.9115600000000001,0.6554741875000002,5,,0.9,,,ok,13.811910152435303,
N=6|dead_zone=0.0|link_quality=0.3|n_missions=4|regime=jittery|rrf=60.0,H1,15,3580921796,6,60.0,4,jittery,0.0,0.3,1.0,0.75,0.25,0.25,0.0,1.0,0.8559870550161812,2.4590426753890116,0.5,0.4444444444444444,0.75,1.4444444444444444,3,4,0,2.25,3.0,6.193711698055267,6,60.0,4,0.25608581249999995,0.3595,0.6959498524665833,0.9331980000000001,0.7946666666666666,0.635542094707489,0.9331980000000001,0.6771121875000001,4,,0.9,120.0,0,ok,35.84435820579529,
N=6|dead_zone=0.0|link_quality=0.3|n_missions=4|regime=jittery|rrf=60.0,H0,16,1776180353,6,60.0,4,jittery,0.0,0.3,1.0,0.75,0.25,0.0,0.0,0.6666666666666666,0.6666666666666666,2.0,0.6666666666666666,0.6666666666666666,,,4,0,0,0.0,0.0,0.0,6,60.0,4,0.2828675625,0.3621666666666667,0.6958243250846863,0.932957375,0.8023333333333333,0.6332760453224182,0.932957375,0.6500898125,5,,0.9,,,ok,13.491952419281006,
N=6|dead_zone=0.0|link_quality=0.3|n_missions=4|regime=jittery|rrf=60.0,H1,15,3580921796,6,60.0,4,jittery,0.0,0.3,1.0,1.0,0.0,1.0,0.0,1.0,0.9043010752688172,2.5069185997005365,0.5,0.4444444444444444,1.0,1.375,4,4,0,2.0,4.0,6.203186213970184,6,60.0,4,0.25608581249999995,0.3595,0.6959498524665833,0.9496856874999999,0.8,0.5661457180976868,0.9496856874999999,0.693599875,5,,0.9,120.0,0,ok,36.353991746902466,
N=6|dead_zone=0.0|link_quality=0.3|n_missions=4|regime=jittery|rrf=60.0,H0,16,1776180353,6,60.0,4,jittery,0.0,0.3,1.0,0.75,0.25,0.0,0.0,0.6666666666666666,0.6666666666666666,2.0,0.6666666666666666,0.6666666666666666,,,4,0,0,0.0,0.0,0.0,6,60.0,4,0.2828675625,0.3621666666666667,0.6958243250846863,0.932957375,0.8023333333333333,0.6332760453224182,0.932957375,0.6500898125,5,,0.9,,,ok,15.234844207763672,
N=6|dead_zone=0.0|link_quality=0.3|n_missions=4|regime=jittery|rrf=60.0,H1,16,1776180353,6,60.0,4,jittery,0.0,0.3,1.75,1.0,0.75,0.0,0.0,1.0,0.9876543209876543,2.5752515262260385,0.8333333333333334,0.7424242424242424,1.0,1.7692307692307692,4,4,0,3.25,3.75,8.896105706691742,6,60.0,4,0.2828675625,0.3621666666666667,0.6958243250846863,0.9335775625,0.8615,0.5772057175636292,0.9335775625,0.65071,5,,0.9,120.0,0,ok,46.05226373672485,
N=6|dead_zone=0.0|link_quality=0.3|n_missions=4|regime=jittery|rrf=60.0,H1,16,1776180353,6,60.0,4,jittery,0.0,0.3,2.25,1.0,0.75,0.5,0.0,1.0,0.9950248756218906,2.5812908992306927,0.8333333333333334,0.7105263157894737,1.0,1.6923076923076923,4,4,0,3.25,3.75,7.909859836101532,6,60.0,4,0.2828675625,0.3621666666666667,0.6958243250846863,0.9464575,0.8643333333333333,0.5844360589981079,0.9464575,0.6635899375,5,,0.9,120.0,0,ok,42.53135919570923,
N=6|dead_zone=0.0|link_quality=0.3|n_missions=4|regime=jittery|rrf=60.0,H0,17,4101775509,6,60.0,4,jittery,0.0,0.3,1.0,0.5,0.5,0.0,0.0,0.5,0.4444444444444444,1.5,0.5,0.4444444444444444,,,4,0,0,0.0,0.0,0.0,6,60.0,4,0.26896675,0.3541666666666667,0.6959490776062012,0.887399375,0.7781666666666667,0.6664574146270752,0.887399375,0.6184326250000001,5,,0.9,,,ok,12.373005390167236,
N=6|dead_zone=0.0|link_quality=0.3|n_missions=4|regime=jittery|rrf=60.0,H0,17,4101775509,6,60.0,4,jittery,0.0,0.3,1.0,0.5,0.5,0.0,0.0,0.5,0.4444444444444444,1.5,0.5,0.4444444444444444,,,4,0,0,0.0,0.0,0.0,6,60.0,4,0.26896675,0.3541666666666667,0.6959490776062012,0.887399375,0.7781666666666667,0.6664574146270752,0.887399375,0.6184326250000001,5,,0.9,,,ok,12.850981712341309,
N=6|dead_zone=0.0|link_quality=0.3|n_missions=4|regime=jittery|rrf=60.0,H1,17,4101775509,6,60.0,4,jittery,0.0,0.3,1.5,1.0,0.5,0.5,0.0,1.0,0.927536231884058,2.5257102534458227,0.6666666666666666,0.6,1.0,1.3636363636363635,4,4,0,2.75,5.0,8.032754242420197,6,60.0,4,0.26896675,0.3541666666666667,0.6959490776062012,0.9614066250000001,0.9041666666666667,0.5632825493812561,0.9614066250000001,0.692439875,5,4,0.9,120.0,0,ok,42.416903018951416,
N=6|dead_zone=0.0|link_quality=0.3|n_missions=4|regime=jittery|rrf=60.0,H0,18,3333136113,6,60.0,4,jittery,0.0,0.3,0.5,0.5,0.0,0.0,0.0,0.3333333333333333,0.3333333333333333,1.0,0.3333333333333333,0.3333333333333333,,,4,0,0,0.0,0.0,0.0,6,60.0,4,0.2553436875,0.3551666666666667,0.6960000991821289,0.906724375,0.7105,0.6581665873527527,0.906724375,0.6513806875,5,,0.9,,,ok,9.820595979690552,
N=6|dead_zone=0.0|link_quality=0.3|n_missions=4|regime=jittery|rrf=60.0,H1,17,4101775509,6,60.0,4,jittery,0.0,0.3,1.5,1.0,0.5,0.5,0.0,1.0,0.9537953795379538,2.548565226030918,0.6666666666666666,0.6,1.0,1.3636363636363635,4,4,0,2.75,5.0,8.481348991394043,6,60.0,4,0.26896675,0.3541666666666667,0.6959490776062012,0.949096375,0.9138333333333334,0.5724645853042603,0.949096375,0.680129625,5,4,0.9,120.0,0,ok,44.69093108177185,
N=6|dead_zone=0.0|link_quality=0.3|n_missions=4|regime=jittery|rrf=60.0,H0,18,3333136113,6,60.0,4,jittery,0.0,0.3,0.5,0.5,0.0,0.0,0.0,0.3333333333333333,0.3333333333333333,1.0,0.3333333333333333,0.3333333333333333,,,4,0,0,0.0,0.0,0.0,6,60.0,4,0.2553436875,0.3551666666666667,0.6960000991821289,0.906724375,0.7105,0.6581665873527527,0.906724375,0.6513806875,5,,0.9,,,ok,11.163092613220215,
N=6|dead_zone=0.0|link_quality=0.3|n_missions=4|regime=jittery|rrf=60.0,H1,18,3333136113,6,60.0,4,jittery,0.0,0.3,1.75,1.0,0.5,0.25,0.0,1.0,0.9863813229571985,2.5744957240833592,0.8333333333333334,0.7424242424242424,1.0,2.3333333333333335,4,4,0,2.25,3.25,6.433520555496216,6,60.0,4,0.2553436875,0.3551666666666667,0.6960000991821289,0.9564331875,0.879,0.5423638224601746,0.9564331875,0.7010894999999999,5,,0.9,120.0,0,ok,36.62672209739685,
N=6|dead_zone=0.0|link_quality=0.3|n_missions=4|regime=jittery|rrf=60.0,H0,19,2576527389,6,60.0,4,jittery,0.0,0.3,1.25,0.75,0.5,0.0,0.0,0.6666666666666666,0.5952380952380952,1.9219280948873623,0.6666666666666666,0.5952380952380952,,,4,0,0,0.0,0.0,0.0,6,60.0,4,0.2540525625,0.3555,0.6960108280181885,0.9189970625,0.7803333333333333,0.6496658325195312,0.9189970625,0.6649445,5,,0.9,,,ok,13.761101961135864,
N=6|dead_zone=0.0|link_quality=0.3|n_missions=4|regime=jittery|rrf=60.0,H1,18,3333136113,6,60.0,4,jittery,0.0,0.3,1.75,1.0,0.5,0.25,0.0,1.0,0.9863813229571985,2.5744957240833592,0.8333333333333334,0.7424242424242424,1.0,2.3333333333333335,4,4,0,2.25,3.25,6.358522176742554,6,60.0,4,0.2553436875,0.3551666666666667,0.6960000991821289,0.9564331875,0.879,0.5423638224601746,0.9564331875,0.7010894999999999,5,,0.9,120.0,0,ok,36.43513226509094,
N=6|dead_zone=0.0|link_quality=0.3|n_missions=4|regime=jittery|rrf=60.0,H0,19,2576527389,6,60.0,4,jittery,0.0,0.3,1.25,0.75,0.5,0.0,0.0,0.6666666666666666,0.5952380952380952,1.9219280948873623,0.6666666666666666,0.5952380952380952,,,4,0,0,0.0,0.0,0.0,6,60.0,4,0.2540525625,0.3555,0.6960108280181885,0.9189970625,0.7803333333333333,0.6496658325195312,0.9189970625,0.6649445,5,,0.9,,,ok,14.75547480583191,
N=6|dead_zone=0.0|link_quality=0.3|n_missions=4|regime=jittery|rrf=60.0,H1,19,2576527389,6,60.0,4,jittery,0.0,0.3,1.25,0.75,0.5,0.0,0.0,1.0,0.9908256880733946,2.5782520862715406,0.6666666666666666,0.5952380952380952,0.75,1.4615384615384615,3,4,0,3.25,3.0,9.27327585220337,6,60.0,4,0.2540525625,0.3555,0.6960108280181885,0.92793375,0.8446666666666667,0.6315023303031921,0.92793375,0.6738811874999999,4,,0.9,120.0,0,ok,47.434858560562134,
N=6|dead_zone=0.0|link_quality=0.3|n_missions=4|regime=jittery|rrf=60.0,H1,19,2576527389,6,60.0,4,jittery,0.0,0.3,1.25,0.75,0.5,0.0,0.0,1.0,0.9908256880733946,2.5782520862715406,0.6666666666666666,0.5952380952380952,0.75,1.4615384615384615,3,4,0,3.25,3.0,9.277064502239227,6,60.0,4,0.2540525625,0.3555,0.6960108280181885,0.92793375,0.8446666666666667,0.6315023303031921,0.92793375,0.6738811874999999,4,,0.9,120.0,0,ok,47.33271646499634,
N=6|dead_zone=0.0|link_quality=0.5|n_missions=4|regime=jittery|rrf=60.0,H0,0,1945933213,6,60.0,4,jittery,0.0,0.5,2.75,1.0,1.0,0.5,0.0,1.0,0.8768115942028986,2.481714572986073,1.0,0.8768115942028986,,,4,0,0,0.0,0.0,0.0,6,60.0,4,0.27262050000000004,0.36183333333333334,0.6958796977996826,0.9383626875,0.8183333333333334,0.5634758472442627,0.9383626875,0.6657421874999999,5,,0.9,,,ok,20.18099045753479,
N=6|dead_zone=0.0|link_quality=0.5|n_missions=4|regime=jittery|rrf=60.0,H0,0,1945933213,6,60.0,4,jittery,0.0,0.5,2.75,1.0,1.0,0.5,0.0,1.0,0.8768115942028986,2.481714572986073,1.0,0.8768115942028986,,,4,0,0,0.0,0.0,0.0,6,60.0,4,0.27262050000000004,0.36183333333333334,0.6958796977996826,0.9383626875,0.8183333333333334,0.5634758472442627,0.9383626875,0.6657421874999999,5,,0.9,,,ok,20.992777109146118,
N=6|dead_zone=0.0|link_quality=0.5|n_missions=4|regime=jittery|rrf=60.0,H1,0,1945933213,6,60.0,4,jittery,0.0,0.5,1.5,1.0,0.5,0.5,0.0,1.0,0.9408602150537635,2.534175692826769,0.6666666666666666,0.6,1.0,1.5,4,4,0,3.0,4.5,8.035877048969269,6,60.0,4,0.27262050000000004,0.36183333333333334,0.6958796977996826,0.9217604374999999,0.8571666666666666,0.5834547281265259,0.9217604374999999,0.6491399374999999,5,,0.9,120.0,0,ok,42.41916513442993,
N=6|dead_zone=0.0|link_quality=0.5|n_missions=4|regime=jittery|rrf=60.0,H1,0,1945933213,6,60.0,4,jittery,0.0,0.5,2.0,1.0,0.5,0.5,0.0,1.0,0.9467496542185339,2.537274978491022,0.8333333333333334,0.6666666666666666,1.0,1.5833333333333333,4,4,0,3.0,4.5,7.112946569919586,6,60.0,4,0.27262050000000004,0.36183333333333334,0.6958796977996826,0.917614875,0.8293333333333334,0.5966828465461731,0.917614875,0.644994375,5,,0.9,120.0,0,ok,39.06423497200012,
N=6|dead_zone=0.0|link_quality=0.5|n_missions=4|regime=jittery|rrf=60.0,H0,1,631046523,6,60.0,4,jittery,0.0,0.5,1.25,0.75,0.25,0.25,0.0,0.8333333333333334,0.8333333333333334,2.321928094887362,0.8333333333333334,0.8333333333333334,,,4,0,0,0.0,0.0,0.0,6,60.0,4,0.24161812500000004,0.35683333333333334,0.6960636377334595,0.9292644375000001,0.7778333333333334,0.6358030438423157,0.9292644375000001,0.6876463125000001,5,,0.9,,,ok,15.579552173614502,
N=6|dead_zone=0.0|link_quality=0.5|n_missions=4|regime=jittery|rrf=60.0,H0,1,631046523,6,60.0,4,jittery,0.0,0.5,1.25,0.75,0.25,0.25,0.0,0.8333333333333334,0.8333333333333334,2.321928094887362,0.8333333333333334,0.8333333333333334,,,4,0,0,0.0,0.0,0.0,6,60.0,4,0.24161812500000004,0.35683333333333334,0.6960636377334595,0.9292644375000001,0.7778333333333334,0.6358030438423157,0.9292644375000001,0.6876463125000001,5,,0.9,,,ok,17.575599193572998,
N=6|dead_zone=0.0|link_quality=0.5|n_missions=4|regime=jittery|rrf=60.0,H1,1,631046523,6,60.0,4,jittery,0.0,0.5,1.5,0.75,0.5,0.25,0.0,1.0,0.9707070707070707,2.562616778534694,0.5,0.42857142857142855,0.75,1.3846153846153846,3,4,0,3.25,3.0,8.834206700325012,6,60.0,4,0.24161812500000004,0.35683333333333334,0.6960636377334595,0.88760525,0.7766666666666666,0.6469006538391113,0.88760525,0.645987125,4,,0.9,120.0,0,ok,45.637802600860596,
N=6|dead_zone=0.0|link_quality=0.5|n_missions=4|regime=jittery|rrf=60.0,H1,1,631046523,6,60.0,4,jittery,0.0,0.5,1.75,0.75,0.5,0.25,0.0,1.0,0.9603174603174603,2.5540665597407557,0.6666666666666666,0.5444444444444444,0.75,1.3846153846153846,3,4,0,3.25,3.0,8.476001620292664,6,60.0,4,0.24161812500000004,0.35683333333333334,0.6960636377334595,0.8908096875000001,0.8215,0.644004225730896,0.8908096875000001,0.6491915625000001,4,,0.9,120.0,0,ok,44.8708062171936,
N=6|dead_zone=0.0|link_quality=0.5|n_missions=4|regime=jittery|rrf=60.0,H0,2,1884515497,6,60.0,4,jittery,0.0,0.5,1.5,1.0,0.25,0.25,0.0,0.8333333333333334,0.75,2.2516291673878226,0.8333333333333334,0.75,,,4,0,0,0.0,0.0,0.0,6,60.0,4,0.26857525,0.35433333333333333,0.6959017515182495,0.9488188125,0.8511666666666666,0.5793931484222412,0.9488188125,0.6802435625000001,5,,0.9,,,ok,17.143656492233276,
N=6|dead_zone=0.0|link_quality=0.5|n_missions=4|regime=jittery|rrf=60.0,H0,2,1884515497,6,60.0,4,jittery,0.0,0.5,1.5,1.0,0.25,0.25,0.0,0.8333333333333334,0.75,2.2516291673878226,0.8333333333333334,0.75,,,4,0,0,0.0,0.0,0.0,6,60.0,4,0.26857525,0.35433333333333333,0.6959017515182495,0.9488188125,0.8511666666666666,0.5793931484222412,0.9488188125,0.6802435625000001,5,,0.9,,,ok,18.54853320121765,
N=6|dead_zone=0.0|link_quality=0.5|n_missions=4|regime=jittery|rrf=60.0,H1,2,1884515497,6,60.0,4,jittery,0.0,0.5,1.75,1.0,0.75,0.75,0.0,1.0,0.9603174603174603,2.5555489577791533,0.6666666666666666,0.4298245614035088,1.0,1.3333333333333333,4,4,0,3.0,4.0,7.087046504020691,6,60.0,4,0.26857525,0.35433333333333333,0.6959017515182495,0.9438811875,0.8446666666666667,0.5620511770248413,0.9438811875,0.6753059375000001,5,,0.9,120.0,0,ok,40.114970684051514,
N=6|dead_zone=0.0|link_quality=0.5|n_missions=4|regime=jittery|rrf=60.0,H1,2,1884515497,6,60.0,4,jittery,0.0,0.5,1.75,1.0,0.75,0.75,0.0,1.0,0.9730639730639731,2.565653111645819,0.6666666666666666,0.4298245614035088,1.0,1.3333333333333333,4,4,0,3.0,4.0,6.958853900432587,6,60.0,4,0.26857525,0.35433333333333333,0.6959017515182495,0.9438811875,0.8446666666666667,0.5620511770248413,0.9438811875,0.6753059375000001,5,,0.9,120.0,0,ok,39.65989828109741,
N=6|dead_zone=0.0|link_quality=0.5|n_missions=4|regime=jittery|rrf=60.0,H0,3,2758525695,6,60.0,4,jittery,0.0,0.5,2.5,1.0,1.0,0.25,0.0,1.0,0.8333333333333334,2.446439344671015,1.0,0.8333333333333334,,,4,0,0,0.0,0.0,0.0,6,60.0,4,0.26324681250000004,0.354,0.6959380507469177,0.9291706875,0.8981666666666667,0.5695586204528809,0.9291706875,0.6659238749999999,5,,0.9,,,ok,20.214221477508545,
N=6|dead_zone=0.0|link_quality=0.5|n_missions=4|regime=jittery|rrf=60.0,H0,3,2758525695,6,60.0,4,jittery,0.0,0.5,2.5,1.0,1.0,0.25,0.0,1.0,0.8333333333333334,2.446439344671015,1.0,0.8333333333333334,,,4,0,0,0.0,0.0,0.0,6,60.0,4,0.26324681250000004,0.354,0.6959380507469177,0.9291706875,0.8981666666666667,0.5695586204528809,0.9291706875,0.6659238749999999,5,,0.9,,,ok,21.14918041229248,
N=6|dead_zone=0.0|link_quality=0.5|n_missions=4|regime=jittery|rrf=60.0,H1,3,2758525695,6,60.0,4,jittery,0.0,0.5,1.25,0.75,0.5,0.5,0.0,1.0,0.974025974025974,2.565596230357602,0.6666666666666666,0.5952380952380952,0.75,1.7777777777777777,3,4,0,2.25,2.75,6.9927515387535095,6,60.0,4,0.26324681250000004,0.354,0.6959380507469177,0.9100294375,0.841,0.622483491897583,0.9100294375,0.6467826249999999,4,,0.9,120.0,0,ok,38.39308714866638,
N=6|dead_zone=0.0|link_quality=0.5|n_missions=4|regime=jittery|rrf=60.0,H0,4,2877950557,6,60.0,4,jittery,0.0,0.5,1.0,0.5,0.5,0.0,0.0,0.5,0.4444444444444444,1.5,0.5,0.4444444444444444,,,4,0,0,0.0,0.0,0.0,6,60.0,4,0.2825935625,0.3575,0.695851743221283,0.8985838125,0.839,0.6633951663970947,0.8985838125,0.61599025,5,,0.9,,,ok,11.390582084655762,
N=6|dead_zone=0.0|link_quality=0.5|n_missions=4|regime=jittery|rrf=60.0,H1,3,2758525695,6,60.0,4,jittery,0.0,0.5,1.25,0.75,0.5,0.5,0.0,1.0,0.974025974025974,2.565596230357602,0.6666666666666666,0.5952380952380952,0.75,1.7777777777777777,3,4,0,2.25,2.75,6.983709812164307,6,60.0,4,0.26324681250000004,0.354,0.6959380507469177,0.9100294375,0.841,0.622483491897583,0.9100294375,0.6467826249999999,4,,0.9,120.0,0,ok,38.113091468811035,
N=6|dead_zone=0.0|link_quality=0.5|n_missions=4|regime=jittery|rrf=60.0,H0,4,2877950557,6,60.0,4,jittery,0.0,0.5,1.0,0.5,0.5,0.0,0.0,0.5,0.4444444444444444,1.5,0.5,0.4444444444444444,,,4,0,0,0.0,0.0,0.0,6,60.0,4,0.2825935625,0.3575,0.695851743221283,0.8985838125,0.839,0.6633951663970947,0.8985838125,0.61599025,5,,0.9,,,ok,11.890740633010864,
N=6|dead_zone=0.0|link_quality=0.5|n_missions=4|regime=jittery|rrf=60.0,H1,4,2877950557,6,60.0,4,jittery,0.0,0.5,2.25,1.0,0.75,0.25,0.0,1.0,0.9704301075268817,2.560671912866221,0.8333333333333334,0.7105263157894737,1.0,1.6666666666666667,4,4,0,3.0,4.0,7.77523809671402,6,60.0,4,0.2825935625,0.3575,0.695851743221283,0.9448931875000001,0.7813333333333333,0.5769292712211609,0.9448931875000001,0.6622996250000001,5,,0.9,120.0,0,ok,41.12229371070862,
N=6|dead_zone=0.0|link_quality=0.5|n_missions=4|regime=jittery|rrf=60.0,H1,4,2877950557,6,60.0,4,jittery,0.0,0.5,2.25,1.0,0.75,0.25,0.0,1.0,0.9704301075268817,2.560671912866221,0.8333333333333334,0.7105263157894737,1.0,1.6666666666666667,4,4,0,3.0,4.0,7.683113873004913,6,60.0,4,0.2825935625,0.3575,0.695851743221283,0.9448931875000001,0.7813333333333333,0.5769292712211609,0.9448931875000001,0.6622996250000001,5,,0.9,120.0,0,ok,41.0420663356781,
N=6|dead_zone=0.0|link_quality=0.5|n_missions=4|regime=jittery|rrf=60.0,H0,5,3527596869,6,60.0,4,jittery,0.0,0.5,1.75,0.75,0.75,0.25,0.0,1.0,0.9074074074074074,2.521640636343318,1.0,0.9074074074074074,,,4,0,0,0.0,0.0,0.0,6,60.0,4,0.2461605625,0.35733333333333334,0.6960231065750122,0.9415768125,0.7981666666666667,0.6338089108467102,0.9415768125,0.6954162500000001,5,,0.9,,,ok,18.04498839378357,
N=6|dead_zone=0.0|link_quality=0.5|n_missions=4|regime=jittery|rrf=60.0,H0,5,3527596869,6,60.0,4,jittery,0.0,0.5,1.75,0.75,0.75,0.25,0.0,1.0,0.9074074074074074,2.521640636343318,1.0,0.9074074074074074,,,4,0,0,0.0,0.0,0.0,6,60.0,4,0.2461605625,0.35733333333333334,0.6960231065750122,0.9415768125,0.7981666666666667,0.6338089108467102,0.9415768125,0.6954162500000001,5,,0.9,,,ok,19.138768672943115,
N=6|dead_zone=0.0|link_quality=0.5|n_missions=4|regime=jittery|rrf=60.0,H1,5,3527596869,6,60.0,4,jittery,0.0,0.5,1.0,0.5,0.25,0.25,0.0,1.0,1.0,2.584962500721156,0.5,0.4444444444444444,0.5,1.5,2,4,0,3.0,2.0,8.34620076417923,6,60.0,4,0.2461605625,0.35733333333333334,0.6960231065750122,0.818782,0.7813333333333333,0.6606980562210083,0.818782,0.5726214375,3,,0.9,120.0,0,ok,43.7905957698822,
N=6|dead_zone=0.0|link_quality=0.5|n_missions=4|regime=jittery|rrf=60.0,H0,6,4164846876,6,60.0,4,jittery,0.0,0.5,2.25,1.0,0.75,0.5,0.0,0.8333333333333334,0.5869565217391305,2.0588138903312014,0.8333333333333334,0.5869565217391305,,,4,0,0,0.0,0.0,0.0,6,60.0,4,0.25682,0.35433333333333333,0.6959601044654846,0.9497561875,0.8341666666666666,0.5680994987487793,0.9497561875,0.6929361875,5,,0.9,,,ok,18.40696096420288,
N=6|dead_zone=0.0|link_quality=0.5|n_missions=4|regime=jittery|rrf=60.0,H1,5,3527596869,6,60.0,4,jittery,0.0,0.5,1.0,0.5,0.5,0.0,0.0,1.0,0.9826175869120655,2.571987554517059,0.5,0.4444444444444444,0.5,1.5,2,4,0,3.0,2.0,9.01786059141159,6,60.0,4,0.2461605625,0.35733333333333334,0.6960231065750122,0.8574496249999999,0.728,0.663581371307373,0.8574496249999999,0.6112890624999998,3,,0.9,120.0,0,ok,46.53595185279846,
N=6|dead_zone=0.0|link_quality=0.5|n_missions=4|regime=jittery|rrf=60.0,H0,6,4164846876,6,60.0,4,jittery,0.0,0.5,2.25,1.0,0.75,0.5,0.0,0.8333333333333334,0.5869565217391305,2.0588138903312014,0.8333333333333334,0.5869565217391305,,,4,0,0,0.0,0.0,0.0,6,60.0,4,0.25682,0.35433333333333333,0.6959601044654846,0.9497561875,0.8341666666666666,0.5680994987487793,0.9497561875,0.6929361875,5,,0.9,,,ok,19.10293483734131,
N=6|dead_zone=0.0|link_quality=0.5|n_missions=4|regime=jittery|rrf=60.0,H1,6,4164846876,6,60.0,4,jittery,0.0,0.5,2.0,1.0,0.75,0.75,0.0,1.0,0.9003115264797508,2.495824228840344,0.6666666666666666,0.5925925925925926,1.0,1.3333333333333333,4,4,0,3.0,4.0,7.037051200866699,6,60.0,4,0.25682,0.35433333333333333,0.6959601044654846,0.96058375,0.8333333333333334,0.5649287104606628,0.96058375,0.70376375,5,,0.9,120.0,0,ok,38.52276539802551,
N=6|dead_zone=0.0|link_quality=0.5|n_missions=4|regime=jittery|rrf=60.0,H0,7,1790352530,6,60.0,4,jittery,0.0,0.5,1.75,0.75,0.75,0.25,0.0,0.6666666666666666,0.5444444444444444,1.8423709931771086,0.6666666666666666,0.5444444444444444,,,4,0,0,0.0,0.0,0.0,6,60.0,4,0.26024775,0.3595,0.6959475874900818,0.8985905000000001,0.827,0.64103102684021,0.8985905000000001,0.6383427500000001,5,,0.9,,,ok,14.531619548797607,
N=6|dead_zone=0.0|link_quality=0.5|n_missions=4|regime=jittery|rrf=60.0,H1,6,4164846876,6,60.0,4,jittery,0.0,0.5,2.0,1.0,0.75,0.75,0.0,1.0,0.9003115264797508,2.495824228840344,0.6666666666666666,0.5925925925925926,1.0,1.3333333333333333,4,4,0,3.0,4.0,7.002971589565277,6,60.0,4,0.25682,0.35433333333333333,0.6959601044654846,0.96058375,0.8333333333333334,0.5649287104606628,0.96058375,0.70376375,5,,0.9,120.0,0,ok,38.231038093566895,
N=6|dead_zone=0.0|link_quality=0.5|n_missions=4|regime=jittery|rrf=60.0,H0,7,1790352530,6,60.0,4,jittery,0.0,0.5,1.75,0.75,0.75,0.25,0.0,0.6666666666666666,0.5444444444444444,1.8423709931771086,0.6666666666666666,0.5444444444444444,,,4,0,0,0.0,0.0,0.0,6,60.0,4,0.26024775,0.3595,0.6959475874900818,0.8985905000000001,0.827,0.64103102684021,0.8985905000000001,0.6383427500000001,5,,0.9,,,ok,14.724311351776123,
N=6|dead_zone=0.0|link_quality=0.5|n_missions=4|regime=jittery|rrf=60.0,H1,7,1790352530,6,60.0,4,jittery,0.0,0.5,1.75,1.0,0.75,0.0,0.0,1.0,1.0,2.584962500721156,0.6666666666666666,0.6282051282051282,1.0,1.7142857142857142,4,4,0,3.5,3.5,10.044281721115112,6,60.0,4,0.26024775,0.3595,0.6959475874900818,0.9414148125,0.8621666666666666,0.5669155716896057,0.9414148125,0.6811670625,5,,0.9,120.0,0,ok,50.350701332092285,
N=6|dead_zone=0.0|link_quality=0.5|n_missions=4|regime=jittery|rrf=60.0,H0,8,3193234454,6,60.0,4,jittery,0.0,0.5,1.75,0.5,0.5,0.25,0.0,0.8333333333333334,0.7424242424242424,2.2359263506290326,0.8333333333333334,0.7424242424242424,,,4,0,0,0.0,0.0,0.0,6,60.0,4,0.269549625,0.3596666666666667,0.695915937423706,0.8554693124999999,0.7641666666666667,0.6689097285270691,0.8554693124999999,0.5859196874999999,5,,0.9,,,ok,16.931265830993652,
N=6|dead_zone=0.0|link_quality=0.5|n_missions=4|regime=jittery|rrf=60.0,H1,7,1790352530,6,60.0,4,jittery,0.0,0.5,1.75,1.0,0.75,0.0,0.0,1.0,1.0,2.584962500721156,0.6666666666666666,0.6282051282051282,1.0,1.7142857142857142,4,4,0,3.5,3.5,10.020828306674957,6,60.0,4,0.26024775,0.3595,0.6959475874900818,0.9414148125,0.8621666666666666,0.5669155716896057,0.9414148125,0.6811670625,5,,0.9,120.0,0,ok,50.290852069854736,
N=6|dead_zone=0.0|link_quality=0.5|n_missions=4|regime=jittery|rrf=60.0,H0,8,3193234454,6,60.0,4,jittery,0.0,0.5,1.75,0.5,0.5,0.25,0.0,0.8333333333333334,0.7424242424242424,2.2359263506290326,0.8333333333333334,0.7424242424242424,,,4,0,0,0.0,0.0,0.0,6,60.0,4,0.269549625,0.3596666666666667,0.695915937423706,0.8554693124999999,0.7641666666666667,0.6689097285270691,0.8554693124999999,0.5859196874999999,5,,0.9,,,ok,19.41460680961609,
N=6|dead_zone=0.0|link_quality=0.5|n_missions=4|regime=jittery|rrf=60.0,H1,8,3193234454,6,60.0,4,jittery,0.0,0.5,1.0,0.75,0.25,0.0,0.0,1.0,0.9922480620155039,2.579434002924965,0.5,0.4444444444444444,0.75,1.8181818181818181,3,4,0,2.75,2.25,8.517378032207489,6,60.0,4,0.269549625,0.3596666666666667,0.695915937423706,0.9131703750000001,0.7501666666666666,0.6297256946563721,0.9131703750000001,0.6436207500000001,4,,0.9,120.0,0,ok,45.07476782798767,
N=6|dead_zone=0.0|link_quality=0.5|n_missions=4|regime=jittery|rrf=60.0,H0,9,240178702,6,60.0,4,jittery,0.0,0.5,1.75,0.75,0.75,0.25,0.0,0.6666666666666666,0.6282051282051282,1.9502120649147465,0.6666666666666666,0.6282051282051282,,,4,0,0,0.0,0.0,0.0,6,60.0,4,0.27400731250000004,0.3621666666666667,0.6958669424057007,0.9085556875,0.8215,0.6432049870491028,0.9085556875,0.634548375,5,,0.9,,,ok,14.837157726287842,
N=6|dead_zone=0.0|link_quality=0.5|n_missions=4|regime=jittery|rrf=60.0,H1,8,3193234454,6,60.0,4,jittery,0.0,0.5,1.0,0.75,0.25,0.0,0.0,1.0,0.9922480620155039,2.579434002924965,0.5,0.4444444444444444,0.75,1.8181818181818181,3,4,0,2.75,2.25,8.525234580039978,6,60.0,4,0.269549625,0.3596666666666667,0.695915937423706,0.9131703750000001,0.7501666666666666,0.6297256946563721,0.9131703750000001,0.6436207500000001,4,,0.9,120.0,0,ok,44.6685676574707,
N=6|dead_zone=0.0|link_quality=0.5|n_missions=4|regime=jittery|rrf=60.0,H0,9,240178702,6,60.0,4,jittery,0.0,0.5,1.75,0.75,0.75,0.25,0.0,0.6666666666666666,0.6282051282051282,1.9502120649147465,0.6666666666666666,0.6282051282051282,,,4,0,0,0.0,0.0,0.0,6,60.0,4,0.27400731250000004,0.3621666666666667,0.6958669424057007,0.9085556875,0.8215,0.6432049870491028,0.9085556875,0.634548375,5,,0.9,,,ok,15.358214378356934,
N=6|dead_zone=0.0|link_quality=0.5|n_missions=4|regime=jittery|rrf=60.0,H1,9,240178702,6,60.0,4,jittery,0.0,0.5,1.5,0.75,0.5,0.25,0.0,1.0,0.9908256880733946,2.57825208627154,0.6666666666666666,0.6,0.75,1.5714285714285714,3,4,0,3.5,3.0,8.515812814235687,6,60.0,4,0.27400731250000004,0.3621666666666667,0.6958669424057007,0.9185401875,0.8445,0.6317974328994751,0.9185401875,0.6445328749999999,4,,0.9,120.0,0,ok,44.68248271942139,
N=6|dead_zone=0.0|link_quality=0.5|n_missions=4|regime=jittery|rrf=60.0,H0,10,3340689293,6,60.0,4,jittery,0.0,0.5,2.0,1.0,0.75,0.25,0.0,0.8333333333333334,0.7619047619047619,2.25,0.8333333333333334,0.7619047619047619,,,4,0,0,0.0,0.0,0.0,6,60.0,4,0.2552135625,0.359,0.6959872841835022,0.9487043125000001,0.828,0.5594722628593445,0.9487043125000001,0.69349075,5,,0.9,,,ok,18.5293128490448,
N=6|dead_zone=0.0|link_quality=0.5|n_missions=4|regime=jittery|rrf=60.0,H1,9,240178702,6,60.0,4,jittery,0.0,0.5,1.5,0.75,0.5,0.25,0.0,1.0,0.9908256880733946,2.57825208627154,0.6666666666666666,0.6,0.75,1.5714285714285714,3,4,0,3.5,3.0,8.530853033065796,6,60.0,4,0.27400731250000004,0.3621666666666667,0.6958669424057007,0.9185401875,0.8445,0.6317974328994751,0.9185401875,0.6445328749999999,4,,0.9,120.0,0,ok,44.57014799118042,
N=6|dead_zone=0.0|link_quality=0.5|n_missions=4|regime=jittery|rrf=60.0,H0,10,3340689293,6,60.0,4,jittery,0.0,0.5,2.0,1.0,0.75,0.25,0.0,0.8333333333333334,0.7619047619047619,2.25,0.8333333333333334,0.7619047619047619,,,4,0,0,0.0,0.0,0.0,6,60.0,4,0.2552135625,0.359,0.6959872841835022,0.9487043125000001,0.828,0.5594722628593445,0.9487043125000001,0.69349075,5,,0.9,,,ok,17.337069272994995,
N=6|dead_zone=0.0|link_quality=0.5|n_missions=4|regime=jittery|rrf=60.0,H1,10,3340689293,6,60.0,4,jittery,0.0,0.5,1.25,1.0,0.25,0.0,0.0,1.0,0.972972972972973,2.564831257372309,0.6666666666666666,0.5952380952380952,1.0,1.8,4,4,0,2.5,3.0,8.645080387592316,6,60.0,4,0.2552135625,0.359,0.6959872841835022,0.9640302499999999,0.822,0.5710343718528748,0.9640302499999999,0.7088166874999999,5,,0.9,120.0,0,ok,44.817070722579956,
N=6|dead_zone=0.0|link_quality=0.5|n_missions=4|regime=jittery|rrf=60.0,H0,11,544885774,6,60.0,4,jittery,0.0,0.5,2.75,1.0,1.0,0.5,0.0,0.8333333333333334,0.7469135802469136,2.2312702546075758,0.8333333333333334,0.7469135802469136,,,4,0,0,0.0,0.0,0.0,6,60.0,4,0.26776818750000003,0.35333333333333333,0.6959472894668579,0.9718166875,0.8961666666666667,0.5805284976959229,0.9718166875,0.7040485000000001,5,,0.9,,,ok,17.117084503173828,
N=6|dead_zone=0.0|link_quality=0.5|n_missions=4|regime=jittery|rrf=60.0,H1,10,3340689293,6,60.0,4,jittery,0.0,0.5,1.25,1.0,0.25,0.0,0.0,1.0,0.972972972972973,2.564831257372309,0.6666666666666666,0.5952380952380952,1.0,1.8,4,4,0,2.5,3.0,8.672558188438416,6,60.0,4,0.2552135625,0.359,0.6959872841835022,0.9640302499999999,0.822,0.5710343718528748,0.9640302499999999,0.7088166874999999,5,,0.9,120.0,0,ok,44.7222900390625,
N=6|dead_zone=0.0|link_quality=0.5|n_missions=4|regime=jittery|rrf=60.0,H0,11,544885774,6,60.0,4,jittery,0.0,0.5,2.75,1.0,1.0,0.5,0.0,0.8333333333333334,0.7469135802469136,2.2312702546075758,0.8333333333333334,0.7469135802469136,,,4,0,0,0.0,0.0,0.0,6,60.0,4,0.26776818750000003,0.35333333333333333,0.6959472894668579,0.9718166875,0.8961666666666667,0.5805284976959229,0.9718166875,0.7040485000000001,5,,0.9,,,ok,17.954978466033936,
N=6|dead_zone=0.0|link_quality=0.5|n_missions=4|regime=jittery|rrf=60.0,H1,11,544885774,6,60.0,4,jittery,0.0,0.5,2.25,1.0,0.75,0.5,0.0,1.0,0.9676145339652449,2.559792748605048,0.8333333333333334,0.5869565217391305,1.0,1.3076923076923077,4,4,0,3.25,5.0,7.250357687473297,6,60.0,4,0.26776818750000003,0.35333333333333333,0.6959472894668579,0.9480500000000001,0.8428333333333333,0.5931049585342407,0.9480500000000001,0.6802818125000001,5,,0.9,120.0,0,ok,39.088475465774536,
N=6|dead_zone=0.0|link_quality=0.5|n_missions=4|regime=jittery|rrf=60.0,H0,12,2931967117,6,60.0,4,jittery,0.0,0.5,1.5,1.0,0.5,0.0,0.0,0.5,0.3333333333333333,1.2516291673878228,0.5,0.3333333333333333,,,4,0,0,0.0,0.0,0.0,6,60.0,4,0.25651087499999997,0.3581666666666667,0.6959596872329712,0.9446626875,0.83,0.5666190981864929,0.9446626875,0.6881518125000001,5,,0.9,,,ok,12.939874649047852,
N=6|dead_zone=0.0|link_quality=0.5|n_missions=4|regime=jittery|rrf=60.0,H1,11,544885774,6,60.0,4,jittery,0.0,0.5,2.25,1.0,0.75,0.5,0.0,1.0,0.9676145339652449,2.559792748605048,0.8333333333333334,0.5869565217391305,1.0,1.3076923076923077,4,4,0,3.25,5.0,7.1982123255729675,6,60.0,4,0.26776818750000003,0.35333333333333333,0.6959472894668579,0.9480500000000001,0.8428333333333333,0.5931049585342407,0.9480500000000001,0.6802818125000001,5,,0.9,120.0,0,ok,38.84654951095581,
N=6|dead_zone=0.0|link_quality=0.5|n_missions=4|regime=jittery|rrf=60.0,H0,12,2931967117,6,60.0,4,jittery,0.0,0.5,1.5,1.0,0.5,0.0,0.0,0.5,0.3333333333333333,1.2516291673878228,0.5,0.3333333333333333,,,4,0,0,0.0,0.0,0.0,6,60.0,4,0.25651087499999997,0.3581666666666667,0.6959596872329712,0.9446626875,0.83,0.5666190981864929,0.9446626875,0.6881518125000001,5,,0.9,,,ok,14.622573852539062,
N=6|dead_zone=0.0|link_quality=0.5|n_missions=4|regime=jittery|rrf=60.0,H1,12,2931967117,6,60.0,4,jittery,0.0,0.5,1.25,1.0,0.25,0.0,0.0,1.0,0.9328165374677002,2.531630646367964,0.5,0.46296296296296297,1.0,1.3076923076923077,4,4,0,3.25,5.0,9.283962368965149,6,60.0,4,0.25651087499999997,0.3581666666666667,0.6959596872329712,0.9417130625000001,0.8386666666666667,0.5566484928131104,0.9417130625000001,0.6852021875000001,5,,0.9,120.0,0,ok,47.77251362800598,
N=6|dead_zone=0.0|link_quality=0.5|n_missions=4|regime=jittery|rrf=60.0,H0,13,3513812745,6,60.0,4,jittery,0.0,0.5,1.5,0.75,0.5,0.25,0.0,0.6666666666666666,0.6,1.9182958340544896,0.6666666666666666,0.6,,,4,0,0,0.0,0.0,0.0,6,60.0,4,0.2580820625,0.3595,0.6959519982337952,0.891905875,0.8383333333333334,0.6487830281257629,0.891905875,0.6338238125,5,,0.9,,,ok,13.971224546432495,
N=6|dead_zone=0.0|link_quality=0.5|n_missions=4|regime=jittery|rrf=60.0,H1,12,2931967117,6,60.0,4,jittery,0.0,0.5,1.25,1.0,0.25,0.0,0.0,1.0,0.9328165374677002,2.531630646367964,0.5,0.46296296296296297,1.0,1.3076923076923077,4,4,0,3.25,5.0,9.208847224712372,6,60.0,4,0.25651087499999997,0.3581666666666667,0.6959596872329712,0.9417130625000001,0.8386666666666667,0.5566484928131104,0.9417130625000001,0.6852021875000001,5,,0.9,120.0,0,ok,47.71316194534302,
N=6|dead_zone=0.0|link_quality=0.5|n_missions=4|regime=jittery|rrf=60.0,H0,13,3513812745,6,60.0,4,jittery,0.0,0.5,1.5,0.75,0.5,0.25,0.0,0.6666666666666666,0.6,1.9182958340544896,0.6666666666666666,0.6,,,4,0,0,0.0,0.0,0.0,6,60.0,4,0.2580820625,0.3595,0.6959519982337952,0.891905875,0.8383333333333334,0.6487830281257629,0.891905875,0.6338238125,5,,0.9,,,ok,14.325677156448364,
N=6|dead_zone=0.0|link_quality=0.5|n_missions=4|regime=jittery|rrf=60.0,H1,13,3513812745,6,60.0,4,jittery,0.0,0.5,1.5,1.0,0.5,0.0,0.0,1.0,0.9792560801144492,2.5693585192394837,0.5,0.42857142857142855,1.0,1.4615384615384615,4,4,0,3.25,4.0,8.550808191299438,6,60.0,4,0.2580820625,0.3595,0.6959519982337952,0.95587325,0.8258333333333333,0.5649493932723999,0.95587325,0.6977911875,5,,0.9,120.0,0,ok,44.0649938583374,
N=6|dead_zone=0.0|link_quality=0.5|n_missions=4|regime=jittery|rrf=60.0,H0,14,1218917569,6,60.0,4,jittery,0.0,0.5,2.5,1.0,0.75,0.75,0.0,1.0,0.9259259259259259,2.5219280948873624,1.0,0.9259259259259259,,,4,0,0,0.0,0.0,0.0,6,60.0,4,0.2682965625,0.357,0.6959015130996704,0.951754375,0.913,0.5855087637901306,0.951754375,0.6834578125,5,4,0.9,,,ok,20.04101037979126,
N=6|dead_zone=0.0|link_quality=0.5|n_missions=4|regime=jittery|rrf=60.0,H1,13,3513812745,6,60.0,4,jittery,0.0,0.5,1.5,1.0,0.5,0.0,0.0,1.0,0.9792560801144492,2.5693585192394837,0.5,0.42857142857142855,1.0,1.4615384615384615,4,4,0,3.25,4.0,8.532897233963013,6,60.0,4,0.2580820625,0.3595,0.6959519982337952,0.95587325,0.8258333333333333,0.5649493932723999,0.95587325,0.6977911875,5,,0.9,120.0,0,ok,44.320489168167114,
N=6|dead_zone=0.0|link_quality=0.5|n_missions=4|regime=jittery|rrf=60.0,H0,14,1218917569,6,60.0,4,jittery,0.0,0.5,2.5,1.0,0.75,0.75,0.0,1.0,0.9259259259259259,2.5219280948873624,1.0,0.9259259259259259,,,4,0,0,0.0,0.0,0.0,6,60.0,4,0.2682965625,0.357,0.6959015130996704,0.951754375,0.913,0.5855087637901306,0.951754375,0.6834578125,5,4,0.9,,,ok,20.262959480285645,
N=6|dead_zone=0.0|link_quality=0.5|n_missions=4|regime=jittery|rrf=60.0,H1,14,1218917569,6,60.0,4,jittery,0.0,0.5,1.25,0.75,0.5,0.5,0.0,1.0,0.9333333333333333,2.530618994848517,0.5,0.3787878787878788,0.75,1.0,3,4,0,3.0,3.75,7.377669870853424,6,60.0,4,0.2682965625,0.357,0.6959015130996704,0.90710325,0.813,0.6366086602210999,0.90710325,0.6388066875,4,,0.9,120.0,0,ok,40.52888464927673,
N=6|dead_zone=0.0|link_quality=0.5|n_missions=4|regime=jittery|rrf=60.0,H0,15,386096972,6,60.0,4,jittery,0.0,0.5,1.75,0.75,0.75,0.25,0.0,0.5,0.4298245614035088,1.4488156357251847,0.5,0.4298245614035088,,,4,0,0,0.0,0.0,0.0,6,60.0,4,0.2575135625,0.35733333333333334,0.6959863305091858,0.9304638125,0.8253333333333334,0.653438925743103,0.9304638125,0.67295025,5,,0.9,,,ok,14.871280193328857,
N=6|dead_zone=0.0|link_quality=0.5|n_missions=4|regime=jittery|rrf=60.0,H1,14,1218917569,6,60.0,4,jittery,0.0,0.5,1.25,0.75,0.5,0.5,0.0,1.0,0.9333333333333333,2.530618994848517,0.5,0.3787878787878788,0.75,1.0,3,4,0,3.0,3.75,7.341966092586517,6,60.0,4,0.2682965625,0.357,0.6959015130996704,0.90710325,0.813,0.6366086602210999,0.90710325,0.6388066875,4,,0.9,120.0,0,ok,40.44583177566528,
N=6|dead_zone=0.0|link_quality=0.5|n_missions=4|regime=jittery|rrf=60.0,H0,15,386096972,6,60.0,4,jittery,0.0,0.5,1.75,0.75,0.75,0.25,0.0,0.5,0.4298245614035088,1.4488156357251847,0.5,0.4298245614035088,,,4,0,0,0.0,0.0,0.0,6,60.0,4,0.2575135625,0.35733333333333334,0.6959863305091858,0.9304638125,0.8253333333333334,0.653438925743103,0.9304638125,0.67295025,5,,0.9,,,ok,12.585454940795898,
N=6|dead_zone=0.0|link_quality=0.5|n_missions=4|regime=jittery|rrf=60.0,H1,15,386096972,6,60.0,4,jittery,0.0,0.5,2.0,1.0,0.5,0.5,0.0,1.0,0.9970344009489917,2.5827423149511795,0.6666666666666666,0.5925925925925926,1.0,1.7692307692307692,4,4,0,3.25,3.25,9.447224080562592,6,60.0,4,0.2575135625,0.35733333333333334,0.6959863305091858,0.9510959375000001,0.9041666666666667,0.5964438319206238,0.9510959375000001,0.6935823750000001,5,4,0.9,120.0,0,ok,48.14984464645386,
N=6|dead_zone=0.0|link_quality=0.5|n_missions=4|regime=jittery|rrf=60.0,H0,16,846457706,6,60.0,4,jittery,0.0,0.5,2.0,1.0,0.75,0.25,0.0,0.8333333333333334,0.6666666666666666,2.1556390622295662,0.8333333333333334,0.6666666666666666,,,4,0,0,0.0,0.0,0.0,6,60.0,4,0.2833314375,0.357,0.6958667039871216,0.9417313125,0.859,0.5792441368103027,0.9417313125,0.658399875,5,,0.9,,,ok,16.423221349716187,
N=6|dead_zone=0.0|link_quality=0.5|n_missions=4|regime=jittery|rrf=60.0,H1,15,386096972,6,60.0,4,jittery,0.0,0.5,2.0,1.0,0.5,0.5,0.0,1.0,0.9970344009489917,2.5827423149511795,0.6666666666666666,0.5925925925925926,1.0,1.7692307692307692,4,4,0,3.25,3.25,9.409327328205109,6,60.0,4,0.2575135625,0.35733333333333334,0.6959863305091858,0.9510959375000001,0.9041666666666667,0.5964438319206238,0.9510959375000001,0.6935823750000001,5,4,0.9,120.0,0,ok,47.94510746002197,
N=6|dead_zone=0.0|link_quality=0.5|n_missions=4|regime=jittery|rrf=60.0,H0,16,846457706,6,60.0,4,jittery,0.0,0.5,2.0,1.0,0.75,0.25,0.0,0.8333333333333334,0.6666666666666666,2.1556390622295662,0.8333333333333334,0.6666666666666666,,,4,0,0,0.0,0.0,0.0,6,60.0,4,0.2833314375,0.357,0.6958667039871216,0.9417313125,0.859,0.5792441368103027,0.9417313125,0.658399875,5,,0.9,,,ok,18.905430555343628,
N=6|dead_zone=0.0|link_quality=0.5|n_missions=4|regime=jittery|rrf=60.0,H1,16,846457706,6,60.0,4,jittery,0.0,0.5,0.75,0.75,0.0,0.0,0.0,1.0,0.9259259259259259,2.5260265301011664,0.5,0.5,0.75,1.0833333333333333,3,4,0,3.0,3.75,8.40306031703949,6,60.0,4,0.2833314375,0.357,0.6958667039871216,0.927807625,0.8225,0.6307546496391296,0.927807625,0.6444761875,4,,0.9,120.0,0,ok,43.9499876499176,
N=6|dead_zone=0.0|link_quality=0.5|n_missions=4|regime=jittery|rrf=60.0,H0,17,1209047802,6,60.0,4,jittery,0.0,0.5,2.75,1.0,0.75,0.75,0.0,0.8333333333333334,0.6505376344086021,2.1180782093497097,0.8333333333333334,0.6505376344086021,,,4,0,0,0.0,0.0,0.0,6,60.0,4,0.292092375,0.35633333333333334,0.6958003640174866,0.9588562500000001,0.8353333333333334,0.5707487463951111,0.9588562500000001,0.666763875,5,,0.9,,,ok,17.246037244796753,
N=6|dead_zone=0.0|link_quality=0.5|n_missions=4|regime=jittery|rrf=60.0,H1,16,846457706,6,60.0,4,jittery,0.0,0.5,0.75,0.75,0.0,0.0,0.0,1.0,0.9259259259259259,2.5260265301011664,0.5,0.5,0.75,1.0833333333333333,3,4,0,3.0,3.75,8.345590889453888,6,60.0,4,0.2833314375,0.357,0.6958667039871216,0.927807625,0.8225,0.6307546496391296,0.927807625,0.6444761875,4,,0.9,120.0,0,ok,43.95610761642456,
N=6|dead_zone=0.0|link_quality=0.5|n_missions=4|regime=jittery|rrf=60.0,H0,17,1209047802,6,60.0,4,jittery,0.0,0.5,2.75,1.0,0.75,0.75,0.0,0.8333333333333334,0.6505376344086021,2.1180782093497097,0.8333333333333334,0.6505376344086021,,,4,0,0,0.0,0.0,0.0,6,60.0,4,0.292092375,0.35633333333333334,0.6958003640174866,0.9588562500000001,0.8353333333333334,0.5707487463951111,0.9588562500000001,0.666763875,5,,0.9,,,ok,17.750191926956177,
N=6|dead_zone=0.0|link_quality=0.5|n_missions=4|regime=jittery|rrf=60.0,H1,17,1209047802,6,60.0,4,jittery,0.0,0.5,2.5,1.0,0.75,0.5,0.0,1.0,0.9950248756218906,2.5812908992306927,0.8333333333333334,0.6410256410256411,1.0,2.0,4,4,0,2.75,3.0,7.072353899478912,6,60.0,4,0.292092375,0.35633333333333334,0.6958003640174866,0.904409375,0.8516666666666667,0.6029245853424072,0.904409375,0.612317,5,,0.9,120.0,0,ok,38.45239853858948,
N=6|dead_zone=0.0|link_quality=0.5|n_missions=4|regime=jittery|rrf=60.0,H0,18,3303807087,6,60.0,4,jittery,0.0,0.5,1.75,1.0,0.5,0.25,0.0,0.8333333333333334,0.6282051282051282,2.128085278891394,0.8333333333333334,0.6282051282051282,,,4,0,0,0.0,0.0,0.0,6,60.0,4,0.2542720625,0.3595,0.695971667766571,0.9368875625,0.8623333333333333,0.5541062951087952,0.9368875625,0.6826155,5,,0.9,,,ok,16.6802077293396,
N=6|dead_zone=0.0|link_quality=0.5|n_missions=4|regime=jittery|rrf=60.0,H1,17,1209047802,6,60.0,4,jittery,0.0,0.5,2.5,1.0,0.75,0.5,0.0,1.0,0.9950248756218906,2.5812908992306927,0.8333333333333334,0.6410256410256411,1.0,2.0,4,4,0,2.75,3.0,7.042963147163391,6,60.0,4,0.292092375,0.35633333333333334,0.6958003640174866,0.904409375,0.8516666666666667,0.6029245853424072,0.904409375,0.612317,5,,0.9,120.0,0,ok,38.24733281135559,
N=6|dead_zone=0.0|link_quality=0.5|n_missions=4|regime=jittery|rrf=60.0,H0,18,3303807087,6,60.0,4,jittery,0.0,0.5,1.75,1.0,0.5,0.25,0.0,0.8333333333333334,0.6282051282051282,2.128085278891394,0.8333333333333334,0.6282051282051282,,,4,0,0,0.0,0.0,0.0,6,60.0,4,0.2542720625,0.3595,0.695971667766571,0.9368875625,0.8623333333333333,0.5541062951087952,0.9368875625,0.6826155,5,,0.9,,,ok,16.753557920455933,
N=6|dead_zone=0.0|link_quality=0.5|n_missions=4|regime=jittery|rrf=60.0,H1,18,3303807087,6,60.0,4,jittery,0.0,0.5,1.75,1.0,0.75,0.0,0.0,1.0,0.9712643678160919,2.5608529298361935,0.6666666666666666,0.6282051282051282,1.0,2.3333333333333335,4,4,0,2.25,3.0,6.436346113681793,6,60.0,4,0.2542720625,0.3595,0.695971667766571,0.9442334375,0.8455,0.5803797245025635,0.9442334375,0.689961375,5,,0.9,120.0,0,ok,35.97271418571472,
N=6|dead_zone=0.0|link_quality=0.5|n_missions=4|regime=jittery|rrf=60.0,H0,19,3345128012,6,60.0,4,jittery,0.0,0.5,1.25,0.75,0.5,0.0,0.0,0.5,0.46296296296296297,1.5219280948873621,0.5,0.46296296296296297,,,4,0,0,0.0,0.0,0.0,6,60.0,4,0.27015350000000005,0.3595,0.695881187915802,0.9098830625000001,0.8386666666666667,0.6515463590621948,0.9098830625000001,0.6397295625,5,,0.9,,,ok,12.015676498413086,
N=6|dead_zone=0.0|link_quality=0.5|n_missions=4|regime=jittery|rrf=60.0,H1,18,3303807087,6,60.0,4,jittery,0.0,0.5,1.75,1.0,0.75,0.0,0.0,1.0,0.9712643678160919,2.5608529298361935,0.6666666666666666,0.6282051282051282,1.0,2.3333333333333335,4,4,0,2.25,3.0,6.441887855529785,6,60.0,4,0.2542720625,0.3595,0.695971667766571,0.9442334375,0.8455,0.5803797245025635,0.9442334375,0.689961375,5,,0.9,120.0,0,ok,35.94285559654236,
N=6|dead_zone=0.0|link_quality=0.5|n_missions=4|regime=jittery|rrf=60.0,H0,19,3345128012,6,60.0,4,jittery,0.0,0.5,1.25,0.75,0.5,0.0,0.0,0.5,0.46296296296296297,1.5219280948873621,0.5,0.46296296296296297,,,4,0,0,0.0,0.0,0.0,6,60.0,4,0.27015350000000005,0.3595,0.695881187915802,0.9098830625000001,0.8386666666666667,0.6515463590621948,0.9098830625000001,0.6397295625,5,,0.9,,,ok,11.881912231445312,
N=6|dead_zone=0.0|link_quality=0.5|n_missions=4|regime=jittery|rrf=60.0,H1,19,3345128012,6,60.0,4,jittery,0.0,0.5,1.5,0.75,0.75,0.75,0.0,1.0,0.9493670886075949,2.543762162622482,0.6666666666666666,0.6,0.75,1.3076923076923077,3,4,0,3.25,3.75,8.323088109493256,6,60.0,4,0.27015350000000005,0.3595,0.695881187915802,0.919785875,0.836,0.6387139558792114,0.919785875,0.6496323749999999,4,,0.9,120.0,0,ok,43.4194872379303,
N=6|dead_zone=0.0|link_quality=0.7|n_missions=4|regime=jittery|rrf=60.0,H0,0,3803814145,6,60.0,4,jittery,0.0,0.7,3.75,1.0,1.0,0.75,0.25,1.0,0.9615384615384616,2.5559130951758244,1.0,0.9615384615384616,,,4,0,0,0.0,0.0,0.0,6,60.0,4,0.27845225,0.35483333333333333,0.6958428621292114,0.9399804999999999,0.8496666666666667,0.5958938598632812,0.9399804999999999,0.6615282499999999,5,,0.9,,,ok,20.98480796813965,
N=6|dead_zone=0.0|link_quality=0.5|n_missions=4|regime=jittery|rrf=60.0,H1,19,3345128012,6,60.0,4,jittery,0.0,0.5,1.5,0.75,0.75,0.75,0.0,1.0,0.9493670886075949,2.543762162622482,0.6666666666666666,0.6,0.75,1.3076923076923077,3,4,0,3.25,3.75,8.34473431110382,6,60.0,4,0.27015350000000005,0.3595,0.695881187915802,0.919785875,0.836,0.6387139558792114,0.919785875,0.6496323749999999,4,,0.9,120.0,0,ok,43.350019454956055,
N=6|dead_zone=0.0|link_quality=0.7|n_missions=4|regime=jittery|rrf=60.0,H0,0,3803814145,6,60.0,4,jittery,0.0,0.7,3.75,1.0,1.0,0.75,0.25,1.0,0.9615384615384616,2.5559130951758244,1.0,0.9615384615384616,,,4,0,0,0.0,0.0,0.0,6,60.0,4,0.27845225,0.35483333333333333,0.6958428621292114,0.9399804999999999,0.8496666666666667,0.5958938598632812,0.9399804999999999,0.6615282499999999,5,,0.9,,,ok,21.9667067527771,
N=6|dead_zone=0.0|link_quality=0.7|n_missions=4|regime=jittery|rrf=60.0,H1,0,3803814145,6,60.0,4,jittery,0.0,0.7,2.0,1.0,0.75,0.25,0.0,1.0,0.9863387978142076,2.5746737280146283,0.6666666666666666,0.5925925925925926,1.0,1.5384615384615385,4,4,0,3.25,3.75,8.780751943588257,6,60.0,4,0.27845225,0.35483333333333333,0.6958428621292114,0.9506300000000001,0.8335,0.570321261882782,0.9506300000000001,0.6721777500000001,5,,0.9,120.0,0,ok,46.272940158843994,
N=6|dead_zone=0.0|link_quality=0.7|n_missions=4|regime=jittery|rrf=60.0,H0,1,2196899158,6,60.0,4,jittery,0.0,0.7,1.25,0.75,0.25,0.25,0.0,0.5,0.3787878787878788,1.3709505944546687,0.5,0.3787878787878788,,,4,0,0,0.0,0.0,0.0,6,60.0,4,0.2637440625,0.35733333333333334,0.695957362651825,0.9341328125,0.8655,0.6229376792907715,0.9341328125,0.6703887500000001,5,,0.9,,,ok,15.774161577224731,
N=6|dead_zone=0.0|link_quality=0.7|n_missions=4|regime=jittery|rrf=60.0,H1,0,3803814145,6,60.0,4,jittery,0.0,0.7,2.0,1.0,0.75,0.25,0.0,1.0,0.9863387978142076,2.5746737280146283,0.6666666666666666,0.5925925925925926,1.0,1.5384615384615385,4,4,0,3.25,3.75,8.710162818431854,6,60.0,4,0.27845225,0.35483333333333333,0.6958428621292114,0.9506300000000001,0.8335,0.570321261882782,0.9506300000000001,0.6721777500000001,5,,0.9,120.0,0,ok,46.02364540100098,
N=6|dead_zone=0.0|link_quality=0.7|n_missions=4|regime=jittery|rrf=60.0,H0,1,2196899158,6,60.0,4,jittery,0.0,0.7,1.25,0.75,0.25,0.25,0.0,0.5,0.3787878787878788,1.3709505944546687,0.5,0.3787878787878788,,,4,0,0,0.0,0.0,0.0,6,60.0,4,0.2637440625,0.35733333333333334,0.695957362651825,0.9341328125,0.8655,0.6229376792907715,0.9341328125,0.6703887500000001,5,,0.9,,,ok,14.100820064544678,
N=6|dead_zone=0.0|link_quality=0.7|n_missions=4|regime=jittery|rrf=60.0,H1,1,2196899158,6,60.0,4,jittery,0.0,0.7,1.0,0.5,0.5,0.5,0.0,1.0,0.9751243781094527,2.5643874265451925,0.5,0.4444444444444444,0.5,1.7272727272727273,2,4,0,2.75,2.0,9.138109803199768,6,60.0,4,0.2637440625,0.35733333333333334,0.695957362651825,0.8838345624999999,0.7228333333333333,0.6625542044639587,0.8838345624999999,0.6200904999999999,3,,0.9,120.0,0,ok,46.85815072059631,
N=6|dead_zone=0.0|link_quality=0.7|n_missions=4|regime=jittery|rrf=60.0,H0,2,1227449609,6,60.0,4,jittery,0.0,0.7,2.0,1.0,0.5,0.5,0.0,0.6666666666666666,0.5925925925925926,1.9056390622295665,0.6666666666666666,0.5925925925925926,,,4,0,0,0.0,0.0,0.0,6,60.0,4,0.26438056249999997,0.3586666666666667,0.6959472894668579,0.953977375,0.8898333333333334,0.590067446231842,0.953977375,0.6895968125,5,,0.9,,,ok,15.062388181686401,
N=6|dead_zone=0.0|link_quality=0.7|n_missions=4|regime=jittery|rrf=60.0,H1,1,2196899158,6,60.0,4,jittery,0.0,0.7,1.0,0.5,0.5,0.5,0.0,1.0,0.9751243781094527,2.5643874265451925,0.5,0.4444444444444444,0.5,1.7272727272727273,2,4,0,2.75,2.0,8.932927429676056,6,60.0,4,0.2637440625,0.35733333333333334,0.695957362651825,0.8838345624999999,0.7228333333333333,0.6625542044639587,0.8838345624999999,0.6200904999999999,3,,0.9,120.0,0,ok,46.62944960594177,
N=6|dead_zone=0.0|link_quality=0.7|n_missions=4|regime=jittery|rrf=60.0,H0,2,1227449609,6,60.0,4,jittery,0.0,0.7,2.0,1.0,0.5,0.5,0.0,0.6666666666666666,0.5925925925925926,1.9056390622295665,0.6666666666666666,0.5925925925925926,,,4,0,0,0.0,0.0,0.0,6,60.0,4,0.26438056249999997,0.3586666666666667,0.6959472894668579,0.953977375,0.8898333333333334,0.590067446231842,0.953977375,0.6895968125,5,,0.9,,,ok,14.523326635360718,
N=6|dead_zone=0.0|link_quality=0.7|n_missions=4|regime=jittery|rrf=60.0,H1,2,1227449609,6,60.0,4,jittery,0.0,0.7,1.75,0.75,0.5,0.5,0.0,1.0,0.9829931972789115,2.5727582563571763,0.6666666666666666,0.5444444444444444,0.75,1.6666666666666667,3,4,0,3.0,2.25,8.444587230682373,6,60.0,4,0.26438056249999997,0.3586666666666667,0.6959472894668579,0.8867660625000001,0.7588333333333334,0.6357548832893372,0.8867660625000001,0.6223855000000001,4,,0.9,120.0,0,ok,43.75631523132324,
N=6|dead_zone=0.0|link_quality=0.7|n_missions=4|regime=jittery|rrf=60.0,H0,3,866614772,6,60.0,4,jittery,0.0,0.7,2.25,1.0,0.75,0.25,0.0,0.6666666666666666,0.6428571428571429,1.974937501201927,0.6666666666666666,0.6428571428571429,,,4,0,0,0.0,0.0,0.0,6,60.0,4,0.272923375,0.3591666666666667,0.6959134936332703,0.947777625,0.8458333333333333,0.5639172196388245,0.947777625,0.6748542499999999,5,,0.9,,,ok,15.523822784423828,
N=6|dead_zone=0.0|link_quality=0.7|n_missions=4|regime=jittery|rrf=60.0,H1,2,1227449609,6,60.0,4,jittery,0.0,0.7,2.0,0.75,0.75,0.5,0.0,1.0,0.9863123993558777,2.5749947193376044,0.6666666666666666,0.5925925925925926,0.75,1.6666666666666667,3,4,0,3.0,2.25,8.377076983451843,6,60.0,4,0.26438056249999997,0.3586666666666667,0.6959472894668579,0.9171858125,0.8415,0.6333550810813904,0.9171858125,0.65280525,4,,0.9,120.0,0,ok,44.38676428794861,
N=6|dead_zone=0.0|link_quality=0.7|n_missions=4|regime=jittery|rrf=60.0,H0,3,866614772,6,60.0,4,jittery,0.0,0.7,2.25,1.0,0.75,0.25,0.0,0.6666666666666666,0.6428571428571429,1.974937501201927,0.6666666666666666,0.6428571428571429,,,4,0,0,0.0,0.0,0.0,6,60.0,4,0.272923375,0.3591666666666667,0.6959134936332703,0.947777625,0.8458333333333333,0.5639172196388245,0.947777625,0.6748542499999999,5,,0.9,,,ok,15.869457483291626,
N=6|dead_zone=0.0|link_quality=0.7|n_missions=4|regime=jittery|rrf=60.0,H1,3,866614772,6,60.0,4,jittery,0.0,0.7,2.5,1.0,0.75,0.5,0.0,1.0,1.0,2.584962500721156,0.8333333333333334,0.7575757575757576,1.0,3.0,4,4,0,2.0,2.25,7.212999403476715,6,60.0,4,0.272923375,0.3591666666666667,0.6959134936332703,0.975192125,0.794,0.5742928385734558,0.975192125,0.70226875,5,,0.9,120.0,0,ok,39.73791217803955,
N=6|dead_zone=0.0|link_quality=0.7|n_missions=4|regime=jittery|rrf=60.0,H0,4,291201299,6,60.0,4,jittery,0.0,0.7,3.75,1.0,1.0,1.0,0.25,1.0,0.7978723404255319,2.3898980954642877,1.0,0.7978723404255319,,,4,0,0,0.0,0.0,0.0,6,60.0,4,0.2555029375,0.3595,0.6959509253501892,0.9418636875000002,0.8338333333333333,0.5879684090614319,0.9418636875000002,0.6863607500000002,5,,0.9,,,ok,20.545414686203003,
N=6|dead_zone=0.0|link_quality=0.7|n_missions=4|regime=jittery|rrf=60.0,H1,3,866614772,6,60.0,4,jittery,0.0,0.7,2.5,1.0,0.75,0.5,0.0,1.0,1.0,2.584962500721156,0.8333333333333334,0.7575757575757576,1.0,3.0,4,4,0,2.0,2.25,7.18223237991333,6,60.0,4,0.272923375,0.3591666666666667,0.6959134936332703,0.975192125,0.794,0.5742928385734558,0.975192125,0.70226875,5,,0.9,120.0,0,ok,39.67409348487854,
N=6|dead_zone=0.0|link_quality=0.7|n_missions=4|regime=jittery|rrf=60.0,H0,4,291201299,6,60.0,4,jittery,0.0,0.7,3.75,1.0,1.0,1.0,0.25,1.0,0.7978723404255319,2.3898980954642877,1.0,0.7978723404255319,,,4,0,0,0.0,0.0,0.0,6,60.0,4,0.2555029375,0.3595,0.6959509253501892,0.9418636875000002,0.8338333333333333,0.5879684090614319,0.9418636875000002,0.6863607500000002,5,,0.9,,,ok,21.35073208808899,
N=6|dead_zone=0.0|link_quality=0.7|n_missions=4|regime=jittery|rrf=60.0,H1,4,291201299,6,60.0,4,jittery,0.0,0.7,1.75,1.0,0.5,0.25,0.0,1.0,1.0,2.584962500721156,0.6666666666666666,0.6282051282051282,1.0,2.4,4,4,0,2.5,3.0,8.701673865318298,6,60.0,4,0.2555029375,0.3595,0.6959509253501892,0.9533239375000001,0.7916666666666666,0.5762743949890137,0.9533239375000001,0.697821,5,,0.9,120.0,0,ok,45.42938852310181,
N=6|dead_zone=0.0|link_quality=0.7|n_missions=4|regime=jittery|rrf=60.0,H0,5,2779536835,6,60.0,4,jittery,0.0,0.7,3.0,1.0,0.75,0.5,0.25,1.0,0.9230769230769231,2.5220552088742005,1.0,0.9230769230769231,,,4,0,0,0.0,0.0,0.0,6,60.0,4,0.26409674999999994,0.3595,0.6959490776062012,0.9564865625,0.7945,0.5727221965789795,0.9564865625,0.6923898125000001,5,,0.9,,,ok,19.737720489501953,
N=6|dead_zone=0.0|link_quality=0.7|n_missions=4|regime=jittery|rrf=60.0,H1,4,291201299,6,60.0,4,jittery,0.0,0.7,1.75,1.0,0.5,0.25,0.0,1.0,1.0,2.584962500721156,0.6666666666666666,0.6282051282051282,1.0,2.4,4,4,0,2.5,3.0,8.695676743984222,6,60.0,4,0.2555029375,0.3595,0.6959509253501892,0.9533239375000001,0.7916666666666666,0.5762743949890137,0.9533239375000001,0.697821,5,,0.9,120.0,0,ok,45.3600378036499,
N=6|dead_zone=0.0|link_quality=0.7|n_missions=4|regime=jittery|rrf=60.0,H0,5,2779536835,6,60.0,4,jittery,0.0,0.7,3.0,1.0,0.75,0.5,0.25,1.0,0.9230769230769231,2.5220552088742005,1.0,0.9230769230769231,,,4,0,0,0.0,0.0,0.0,6,60.0,4,0.26409674999999994,0.3595,0.6959490776062012,0.9564865625,0.7945,0.5727221965789795,0.9564865625,0.6923898125000001,5,,0.9,,,ok,20.20516300201416,
N=6|dead_zone=0.0|link_quality=0.7|n_missions=4|regime=jittery|rrf=60.0,H1,5,2779536835,6,60.0,4,jittery,0.0,0.7,2.0,0.75,0.75,0.5,0.0,1.0,0.9863387978142076,2.5746737280146283,0.6666666666666666,0.5925925925925926,0.75,1.5384615384615385,2,4,0,3.25,2.75,9.66267204284668,6,60.0,4,0.26409674999999994,0.3595,0.6959490776062012,0.8339211875,0.6666666666666666,0.6691487431526184,0.8339211875,0.5698244375000001,3,,0.9,120.0,0,ok,48.82306957244873,
N=6|dead_zone=0.0|link_quality=0.7|n_missions=4|regime=jittery|rrf=60.0,H0,6,1983392434,6,60.0,4,jittery,0.0,0.7,2.0,1.0,0.75,0.25,0.0,0.8333333333333334,0.7619047619047619,2.25,0.8333333333333334,0.7619047619047619,,,4,0,0,0.0,0.0,0.0,6,60.0,4,0.25663393749999996,0.35683333333333334,0.6959559917449951,0.9431711250000001,0.9146666666666666,0.599683403968811,0.9431711250000001,0.6865371875000001,5,4,0.9,,,ok,16.580173015594482,
N=6|dead_zone=0.0|link_quality=0.7|n_missions=4|regime=jittery|rrf=60.0,H1,5,2779536835,6,60.0,4,jittery,0.0,0.7,2.0,0.75,0.75,0.5,0.0,1.0,0.9863387978142076,2.5746737280146283,0.6666666666666666,0.5925925925925926,0.75,1.5384615384615385,2,4,0,3.25,2.75,9.683110535144806,6,60.0,4,0.26409674999999994,0.3595,0.6959490776062012,0.8339211875,0.6666666666666666,0.6691487431526184,0.8339211875,0.5698244375000001,3,,0.9,120.0,0,ok,49.03682589530945,
N=6|dead_zone=0.0|link_quality=0.7|n_missions=4|regime=jittery|rrf=60.0,H0,6,1983392434,6,60.0,4,jittery,0.0,0.7,2.0,1.0,0.75,0.25,0.0,0.8333333333333334,0.7619047619047619,2.25,0.8333333333333334,0.7619047619047619,,,4,0,0,0.0,0.0,0.0,6,60.0,4,0.25663393749999996,0.35683333333333334,0.6959559917449951,0.9431711250000001,0.9146666666666666,0.599683403968811,0.9431711250000001,0.6865371875000001,5,4,0.9,,,ok,16.849860906600952,
N=6|dead_zone=0.0|link_quality=0.7|n_missions=4|regime=jittery|rrf=60.0,H1,6,1983392434,6,60.0,4,jittery,0.0,0.7,1.75,1.0,0.5,0.25,0.0,1.0,1.0,2.584962500721156,0.6666666666666666,0.5444444444444444,1.0,2.0,4,4,0,3.0,3.0,8.710553109645844,6,60.0,4,0.25663393749999996,0.35683333333333334,0.6959559917449951,0.9305676875,0.7915,0.583323061466217,0.9305676875,0.67393375,5,,0.9,120.0,0,ok,44.984763383865356,
N=6|dead_zone=0.0|link_quality=0.7|n_missions=4|regime=jittery|rrf=60.0,H0,7,3521148200,6,60.0,4,jittery,0.0,0.7,2.75,1.0,1.0,0.5,0.0,1.0,0.8066666666666666,2.413088436425758,1.0,0.8066666666666666,,,4,0,0,0.0,0.0,0.0,6,60.0,4,0.25305987500000005,0.35883333333333334,0.6959854960441589,0.951529125,0.8851666666666667,0.5929564833641052,0.951529125,0.6984692499999999,5,,0.9,,,ok,22.82497215270996,
N=6|dead_zone=0.0|link_quality=0.7|n_missions=4|regime=jittery|rrf=60.0,H1,6,1983392434,6,60.0,4,jittery,0.0,0.7,1.75,1.0,0.5,0.25,0.0,1.0,1.0,2.584962500721156,0.6666666666666666,0.5444444444444444,1.0,2.0,4,4,0,3.0,3.0,8.657345116138458,6,60.0,4,0.25663393749999996,0.35683333333333334,0.6959559917449951,0.9305676875,0.7915,0.583323061466217,0.9305676875,0.67393375,5,,0.9,120.0,0,ok,44.79073667526245,
N=6|dead_zone=0.0|link_quality=0.7|n_missions=4|regime=jittery|rrf=60.0,H0,7,3521148200,6,60.0,4,jittery,0.0,0.7,2.75,1.0,1.0,0.5,0.0,1.0,0.8066666666666666,2.413088436425758,1.0,0.8066666666666666,,,4,0,0,0.0,0.0,0.0,6,60.0,4,0.25305987500000005,0.35883333333333334,0.6959854960441589,0.951529125,0.8851666666666667,0.5929564833641052,0.951529125,0.6984692499999999,5,,0.9,,,ok,23.75842547416687,
N=6|dead_zone=0.0|link_quality=0.7|n_missions=4|regime=jittery|rrf=60.0,H1,7,3521148200,6,60.0,4,jittery,0.0,0.7,1.75,0.75,0.5,0.25,0.0,1.0,0.9918032786885246,2.578992712198113,0.8333333333333334,0.7424242424242424,0.75,2.2222222222222223,2,4,0,2.25,2.25,6.756962895393372,6,60.0,4,0.25305987500000005,0.35883333333333334,0.6959854960441589,0.8633336250000001,0.6895,0.6729865670204163,0.8633336250000001,0.6102737500000001,3,,0.9,120.0,0,ok,37.654178857803345,
N=6|dead_zone=0.0|link_quality=0.7|n_missions=4|regime=jittery|rrf=60.0,H0,8,3216129783,6,60.0,4,jittery,0.0,0.7,2.5,0.75,0.75,0.5,0.0,0.8333333333333334,0.7575757575757576,2.2464393446710154,0.8333333333333334,0.7575757575757576,,,4,0,0,0.0,0.0,0.0,6,60.0,4,0.2630685,0.359,0.6959426403045654,0.9126655,0.8601666666666666,0.6384261846542358,0.9126655,0.649597,5,,0.9,,,ok,17.34452986717224,
N=6|dead_zone=0.0|link_quality=0.7|n_missions=4|regime=jittery|rrf=60.0,H1,7,3521148200,6,60.0,4,jittery,0.0,0.7,1.75,0.75,0.5,0.25,0.0,1.0,0.9918032786885246,2.578992712198113,0.8333333333333334,0.7424242424242424,0.75,2.2222222222222223,2,4,0,2.25,2.25,6.773890197277069,6,60.0,4,0.25305987500000005,0.35883333333333334,0.6959854960441589,0.8633336250000001,0.6895,0.6729865670204163,0.8633336250000001,0.6102737500000001,3,,0.9,120.0,0,ok,37.14207148551941,
N=6|dead_zone=0.0|link_quality=0.7|n_missions=4|regime=jittery|rrf=60.0,H0,8,3216129783,6,60.0,4,jittery,0.0,0.7,2.5,0.75,0.75,0.5,0.0,0.8333333333333334,0.7575757575757576,2.2464393446710154,0.8333333333333334,0.7575757575757576,,,4,0,0,0.0,0.0,0.0,6,60.0,4,0.2630685,0.359,0.6959426403045654,0.9126655,0.8601666666666666,0.6384261846542358,0.9126655,0.649597,5,,0.9,,,ok,17.53447985649109,
N=6|dead_zone=0.0|link_quality=0.7|n_missions=4|regime=jittery|rrf=60.0,H1,8,3216129783,6,60.0,4,jittery,0.0,0.7,1.75,0.75,0.5,0.25,0.0,1.0,0.993127147766323,2.5798634010685344,0.8333333333333334,0.7424242424242424,0.75,2.0,3,4,0,3.0,2.25,8.012095093727112,6,60.0,4,0.2630685,0.359,0.6959426403045654,0.9203248125,0.816,0.6223766207695007,0.9203248125,0.6572563124999999,4,,0.9,120.0,0,ok,42.146435499191284,
N=6|dead_zone=0.0|link_quality=0.7|n_missions=4|regime=jittery|rrf=60.0,H0,9,1743790,6,60.0,4,jittery,0.0,0.7,2.0,1.0,0.75,0.25,0.0,0.6666666666666666,0.5333333333333333,1.811278124459133,0.6666666666666666,0.5333333333333333,,,4,0,0,0.0,0.0,0.0,6,60.0,4,0.2529484375,0.3556666666666667,0.6959843635559082,0.9358531875,0.8786666666666667,0.5852668881416321,0.9358531875,0.6829047500000001,5,,0.9,,,ok,15.257289409637451,
N=6|dead_zone=0.0|link_quality=0.7|n_missions=4|regime=jittery|rrf=60.0,H1,8,3216129783,6,60.0,4,jittery,0.0,0.7,2.25,1.0,1.0,0.25,0.0,1.0,1.0,2.584962500721156,0.8333333333333334,0.7941176470588235,1.0,2.0,4,4,0,3.0,3.0,7.989958643913269,6,60.0,4,0.2630685,0.359,0.6959426403045654,0.9463770625000001,0.8618333333333333,0.5660372376441956,0.9463770625000001,0.6833085625000002,5,,0.9,120.0,0,ok,42.2600884437561,
N=6|dead_zone=0.0|link_quality=0.7|n_missions=4|regime=jittery|rrf=60.0,H0,9,1743790,6,60.0,4,jittery,0.0,0.7,2.0,1.0,0.75,0.25,0.0,0.6666666666666666,0.5333333333333333,1.811278124459133,0.6666666666666666,0.5333333333333333,,,4,0,0,0.0,0.0,0.0,6,60.0,4,0.2529484375,0.3556666666666667,0.6959843635559082,0.9358531875,0.8786666666666667,0.5852668881416321,0.9358531875,0.6829047500000001,5,,0.9,,,ok,15.280741214752197,
N=6|dead_zone=0.0|link_quality=0.7|n_missions=4|regime=jittery|rrf=60.0,H1,9,1743790,6,60.0,4,jittery,0.0,0.7,2.0,1.0,0.5,0.5,0.0,1.0,0.9962335216572504,2.582193066735133,0.8333333333333334,0.7619047619047619,1.0,1.5,4,4,0,4.0,4.0,10.847371816635132,6,60.0,4,0.2529484375,0.3556666666666667,0.6959843635559082,0.9518161875,0.8651666666666666,0.5740046501159668,0.9518161875,0.69886775,5,,0.9,120.0,0,ok,53.8802227973938,
N=6|dead_zone=0.0|link_quality=0.7|n_missions=4|regime=jittery|rrf=60.0,H0,10,2596360462,6,60.0,4,jittery,0.0,0.7,2.25,0.75,0.75,0.5,0.0,0.6666666666666666,0.5869565217391305,1.8910611120726528,0.6666666666666666,0.5869565217391305,,,4,0,0,0.0,0.0,0.0,6,60.0,4,0.25958231249999997,0.3561666666666667,0.6959282159805298,0.9343279999999999,0.8921666666666667,0.6479348540306091,0.9343279999999999,0.6747456875,5,,0.9,,,ok,15.60477590560913,
N=6|dead_zone=0.0|link_quality=0.7|n_missions=4|regime=jittery|rrf=60.0,H1,9,1743790,6,60.0,4,jittery,0.0,0.7,2.0,1.0,0.5,0.5,0.0,1.0,0.9962335216572504,2.582193066735133,0.8333333333333334,0.7619047619047619,1.0,1.5,4,4,0,4.0,4.0,10.771558403968811,6,60.0,4,0.2529484375,0.3556666666666667,0.6959843635559082,0.9518161875,0.8651666666666666,0.5740046501159668,0.9518161875,0.69886775,5,,0.9,120.0,0,ok,53.12263464927673,
N=6|dead_zone=0.0|link_quality=0.7|n_missions=4|regime=jittery|rrf=60.0,H0,10,2596360462,6,60.0,4,jittery,0.0,0.7,2.25,0.75,0.75,0.5,0.0,0.6666666666666666,0.5869565217391305,1.8910611120726528,0.6666666666666666,0.5869565217391305,,,4,0,0,0.0,0.0,0.0,6,60.0,4,0.25958231249999997,0.3561666666666667,0.6959282159805298,0.9343279999999999,0.8921666666666667,0.6479348540306091,0.9343279999999999,0.6747456875,5,,0.9,,,ok,15.748708248138428,
N=6|dead_zone=0.0|link_quality=0.7|n_missions=4|regime=jittery|rrf=60.0,H1,10,2596360462,6,60.0,4,jittery,0.0,0.7,1.25,0.75,0.5,0.5,0.0,1.0,0.9588014981273408,2.549886625190374,0.5,0.46296296296296297,0.75,1.8,3,4,0,2.5,3.0,7.813222289085388,6,60.0,4,0.25958231249999997,0.3561666666666667,0.6959282159805298,0.9208416250000001,0.885,0.6227012276649475,0.9208416250000001,0.6612593125000001,4,,0.9,120.0,0,ok,42.12106537818909,
N=6|dead_zone=0.0|link_quality=0.7|n_missions=4|regime=jittery|rrf=60.0,H0,11,2358068485,6,60.0,4,jittery,0.0,0.7,2.5,0.75,0.75,0.75,0.0,1.0,0.8333333333333334,2.4464393446710155,1.0,0.8333333333333334,,,4,0,0,0.0,0.0,0.0,6,60.0,4,0.291897375,0.35633333333333334,0.6957958936691284,0.9277315625,0.8101666666666667,0.6430711150169373,0.9277315625,0.6358341875,5,,0.9,,,ok,18.921072959899902,
N=6|dead_zone=0.0|link_quality=0.7|n_missions=4|regime=jittery|rrf=60.0,H1,10,2596360462,6,60.0,4,jittery,0.0,0.7,1.25,0.75,0.5,0.5,0.0,1.0,0.9588014981273408,2.549886625190374,0.5,0.46296296296296297,0.75,1.8,3,4,0,2.5,3.0,7.792219698429108,6,60.0,4,0.25958231249999997,0.3561666666666667,0.6959282159805298,0.9208416250000001,0.885,0.6227012276649475,0.9208416250000001,0.6612593125000001,4,,0.9,120.0,0,ok,42.10637903213501,
N=6|dead_zone=0.0|link_quality=0.7|n_missions=4|regime=jittery|rrf=60.0,H0,11,2358068485,6,60.0,4,jittery,0.0,0.7,2.5,0.75,0.75,0.75,0.0,1.0,0.8333333333333334,2.4464393446710155,1.0,0.8333333333333334,,,4,0,0,0.0,0.0,0.0,6,60.0,4,0.291897375,0.35633333333333334,0.6957958936691284,0.9277315625,0.8101666666666667,0.6430711150169373,0.9277315625,0.6358341875,5,,0.9,,,ok,19.652204036712646,
N=6|dead_zone=0.0|link_quality=0.7|n_missions=4|regime=jittery|rrf=60.0,H1,11,2358068485,6,60.0,4,jittery,0.0,0.7,1.25,1.0,0.25,0.25,0.0,1.0,0.9003115264797508,2.495824228840344,0.5,0.46296296296296297,1.0,1.3333333333333333,4,4,0,3.0,4.0,7.94109719991684,6,60.0,4,0.291897375,0.35633333333333334,0.6957958936691284,0.947665375,0.8353333333333334,0.5923916697502136,0.947665375,0.655768,5,,0.9,120.0,0,ok,42.262388706207275,
N=6|dead_zone=0.0|link_quality=0.7|n_missions=4|regime=jittery|rrf=60.0,H0,12,3446225384,6,60.0,4,jittery,0.0,0.7,2.25,1.0,1.0,0.25,0.0,0.8333333333333334,0.7105263157894737,2.197159723424149,0.8333333333333334,0.7105263157894737,,,4,0,0,0.0,0.0,0.0,6,60.0,4,0.25578375,0.354,0.6959816217422485,0.9310430000000001,0.8193333333333334,0.5630929470062256,0.9310430000000001,0.6752592500000001,5,,0.9,,,ok,17.109084844589233,
N=6|dead_zone=0.0|link_quality=0.7|n_missions=4|regime=jittery|rrf=60.0,H1,11,2358068485,6,60.0,4,jittery,0.0,0.7,1.25,1.0,0.25,0.25,0.0,1.0,0.9003115264797508,2.495824228840344,0.5,0.46296296296296297,1.0,1.3333333333333333,4,4,0,3.0,4.0,7.951279103755951,6,60.0,4,0.291897375,0.35633333333333334,0.6957958936691284,0.947665375,0.8353333333333334,0.5923916697502136,0.947665375,0.655768,5,,0.9,120.0,0,ok,42.06418228149414,
N=6|dead_zone=0.0|link_quality=0.7|n_missions=4|regime=jittery|rrf=60.0,H0,12,3446225384,6,60.0,4,jittery,0.0,0.7,2.25,1.0,1.0,0.25,0.0,0.8333333333333334,0.7105263157894737,2.197159723424149,0.8333333333333334,0.7105263157894737,,,4,0,0,0.0,0.0,0.0,6,60.0,4,0.25578375,0.354,0.6959816217422485,0.9310430000000001,0.8193333333333334,0.5630929470062256,0.9310430000000001,0.6752592500000001,5,,0.9,,,ok,16.76131558418274,
N=6|dead_zone=0.0|link_quality=0.7|n_missions=4|regime=jittery|rrf=60.0,H1,12,3446225384,6,60.0,4,jittery,0.0,0.7,1.25,0.75,0.5,0.5,0.0,1.0,0.9418604651162791,2.5410194462072706,0.6666666666666666,0.5952380952380952,0.75,1.1666666666666667,3,4,0,3.0,3.75,8.3945072889328,6,60.0,4,0.25578375,0.354,0.6959816217422485,0.9168106874999998,0.8175,0.6413810849189758,0.9168106874999998,0.6610269374999999,4,,0.9,120.0,0,ok,43.72866773605347,
N=6|dead_zone=0.0|link_quality=0.7|n_missions=4|regime=jittery|rrf=60.0,H0,13,3762236028,6,60.0,4,jittery,0.0,0.7,1.5,1.0,0.25,0.25,0.0,0.6666666666666666,0.6,1.9182958340544893,0.6666666666666666,0.6,,,4,0,0,0.0,0.0,0.0,6,60.0,4,0.25769818749999995,0.35933333333333334,0.6959545612335205,0.965826,0.9268333333333333,0.543088972568512,0.965826,0.7081278125,5,4,0.9,,,ok,14.649738311767578,
N=6|dead_zone=0.0|link_quality=0.7|n_missions=4|regime=jittery|rrf=60.0,H1,12,3446225384,6,60.0,4,jittery,0.0,0.7,1.25,0.75,0.5,0.5,0.0,1.0,0.9418604651162791,2.5410194462072706,0.6666666666666666,0.5952380952380952,0.75,1.1666666666666667,3,4,0,3.0,3.75,8.335855722427368,6,60.0,4,0.25578375,0.354,0.6959816217422485,0.9168106874999998,0.8175,0.6413810849189758,0.9168106874999998,0.6610269374999999,4,,0.9,120.0,0,ok,43.38803482055664,
N=6|dead_zone=0.0|link_quality=0.7|n_missions=4|regime=jittery|rrf=60.0,H0,13,3762236028,6,60.0,4,jittery,0.0,0.7,1.5,1.0,0.25,0.25,0.0,0.6666666666666666,0.6,1.9182958340544893,0.6666666666666666,0.6,,,4,0,0,0.0,0.0,0.0,6,60.0,4,0.25769818749999995,0.35933333333333334,0.6959545612335205,0.965826,0.9268333333333333,0.543088972568512,0.965826,0.7081278125,5,4,0.9,,,ok,18.48065447807312,
N=6|dead_zone=0.0|link_quality=0.7|n_missions=4|regime=jittery|rrf=60.0,H1,13,3762236028,6,60.0,4,jittery,0.0,0.7,1.5,1.0,0.5,0.0,0.0,1.0,0.9863813229571985,2.5744957240833592,0.6666666666666666,0.6,1.0,1.9090909090909092,3,4,0,2.75,3.75,7.886031746864319,6,60.0,4,0.25769818749999995,0.35933333333333334,0.6959545612335205,0.8843955,0.7711666666666667,0.6396775841712952,0.8843955,0.6266973125,4,,0.9,120.0,0,ok,42.42063665390015,
N=6|dead_zone=0.0|link_quality=0.7|n_missions=4|regime=jittery|rrf=60.0,H0,14,2621681480,6,60.0,4,jittery,0.0,0.7,2.5,1.0,0.75,0.5,0.0,0.8333333333333334,0.6410256410256411,2.121928094887362,0.8333333333333334,0.6410256410256411,,,4,0,0,0.0,0.0,0.0,6,60.0,4,0.266349375,0.3576666666666667,0.6958889961242676,0.96330425,0.792,0.5780074596405029,0.96330425,0.696954875,5,,0.9,,,ok,17.20510482788086,
N=6|dead_zone=0.0|link_quality=0.7|n_missions=4|regime=jittery|rrf=60.0,H1,13,3762236028,6,60.0,4,jittery,0.0,0.7,1.5,1.0,0.5,0.0,0.0,1.0,0.9863813229571985,2.5744957240833592,0.6666666666666666,0.6,1.0,1.9090909090909092,3,4,0,2.75,3.75,7.886044681072235,6,60.0,4,0.25769818749999995,0.35933333333333334,0.6959545612335205,0.8843955,0.7711666666666667,0.6396775841712952,0.8843955,0.6266973125,4,,0.9,120.0,0,ok,42.32013773918152,
N=6|dead_zone=0.0|link_quality=0.7|n_missions=4|regime=jittery|rrf=60.0,H0,14,2621681480,6,60.0,4,jittery,0.0,0.7,2.5,1.0,0.75,0.5,0.0,0.8333333333333334,0.6410256410256411,2.121928094887362,0.8333333333333334,0.6410256410256411,,,4,0,0,0.0,0.0,0.0,6,60.0,4,0.266349375,0.3576666666666667,0.6958889961242676,0.96330425,0.792,0.5780074596405029,0.96330425,0.696954875,5,,0.9,,,ok,17.31971025466919,
N=6|dead_zone=0.0|link_quality=0.7|n_missions=4|regime=jittery|rrf=60.0,H1,14,2621681480,6,60.0,4,jittery,0.0,0.7,1.25,1.0,0.25,0.25,0.0,1.0,0.9238310708898945,2.5189737220942123,0.3333333333333333,0.24509803921568626,1.0,1.3076923076923077,4,4,0,3.25,5.0,8.531409323215485,6,60.0,4,0.266349375,0.3576666666666667,0.6958889961242676,0.9261295,0.7786666666666666,0.5931371450424194,0.9261295,0.659780125,5,,0.9,120.0,0,ok,44.32453274726868,
N=6|dead_zone=0.0|link_quality=0.7|n_missions=4|regime=jittery|rrf=60.0,H0,15,2634551904,6,60.0,4,jittery,0.0,0.7,1.75,1.0,0.75,0.0,0.0,0.8333333333333334,0.6282051282051282,2.128085278891394,0.8333333333333334,0.6282051282051282,,,4,0,0,0.0,0.0,0.0,6,60.0,4,0.28687981249999994,0.3581666666666667,0.6958258748054504,0.9187433749999999,0.8253333333333334,0.5882356762886047,0.9187433749999999,0.6318635625,5,,0.9,,,ok,20.63728427886963,
N=6|dead_zone=0.0|link_quality=0.7|n_missions=4|regime=jittery|rrf=60.0,H1,14,2621681480,6,60.0,4,jittery,0.0,0.7,1.25,1.0,0.25,0.25,0.0,1.0,0.9238310708898945,2.5189737220942123,0.3333333333333333,0.24509803921568626,1.0,1.3076923076923077,4,4,0,3.25,5.0,8.486233711242676,6,60.0,4,0.266349375,0.3576666666666667,0.6958889961242676,0.9261295,0.7786666666666666,0.5931371450424194,0.9261295,0.659780125,5,,0.9,120.0,0,ok,44.069496154785156,
N=6|dead_zone=0.0|link_quality=0.7|n_missions=4|regime=jittery|rrf=60.0,H0,15,2634551904,6,60.0,4,jittery,0.0,0.7,1.75,1.0,0.75,0.0,0.0,0.8333333333333334,0.6282051282051282,2.128085278891394,0.8333333333333334,0.6282051282051282,,,4,0,0,0.0,0.0,0.0,6,60.0,4,0.28687981249999994,0.3581666666666667,0.6958258748054504,0.9187433749999999,0.8253333333333334,0.5882356762886047,0.9187433749999999,0.6318635625,5,,0.9,,,ok,16.453227519989014,
N=6|dead_zone=0.0|link_quality=0.7|n_missions=4|regime=jittery|rrf=60.0,H1,15,2634551904,6,60.0,4,jittery,0.0,0.7,1.25,1.0,0.25,0.0,0.0,1.0,0.972972972972973,2.5634723925037775,0.6666666666666666,0.5952380952380952,1.0,1.6363636363636365,4,4,0,2.75,4.0,7.969260931015015,6,60.0,4,0.28687981249999994,0.3581666666666667,0.6958258748054504,0.952940375,0.7873333333333333,0.5705169439315796,0.952940375,0.6660605625,5,,0.9,120.0,0,ok,42.12443470954895,
N=6|dead_zone=0.0|link_quality=0.7|n_missions=4|regime=jittery|rrf=60.0,H0,16,1351464894,6,60.0,4,jittery,0.0,0.7,2.75,1.0,1.0,0.75,0.0,0.8333333333333334,0.6954022988505747,2.1626441180472606,0.8333333333333334,0.6954022988505747,,,4,0,0,0.0,0.0,0.0,6,60.0,4,0.27288,0.35483333333333333,0.6958779096603394,0.9321543750000001,0.8623333333333333,0.587238609790802,0.9321543750000001,0.6592743750000001,5,,0.9,,,ok,17.506966590881348,
N=6|dead_zone=0.0|link_quality=0.7|n_missions=4|regime=jittery|rrf=60.0,H1,15,2634551904,6,60.0,4,jittery,0.0,0.7,1.25,1.0,0.25,0.0,0.0,1.0,0.972972972972973,2.5634723925037775,0.6666666666666666,0.5952380952380952,1.0,1.6363636363636365,4,4,0,2.75,4.0,7.913828372955322,6,60.0,4,0.28687981249999994,0.3581666666666667,0.6958258748054504,0.952940375,0.7873333333333333,0.5705169439315796,0.952940375,0.6660605625,5,,0.9,120.0,0,ok,41.94759702682495,
N=6|dead_zone=0.0|link_quality=0.7|n_missions=4|regime=jittery|rrf=60.0,H0,16,1351464894,6,60.0,4,jittery,0.0,0.7,2.75,1.0,1.0,0.75,0.0,0.8333333333333334,0.6954022988505747,2.1626441180472606,0.8333333333333334,0.6954022988505747,,,4,0,0,0.0,0.0,0.0,6,60.0,4,0.27288,0.35483333333333333,0.6958779096603394,0.9321543750000001,0.8623333333333333,0.587238609790802,0.9321543750000001,0.6592743750000001,5,,0.9,,,ok,17.654564380645752,
N=6|dead_zone=0.0|link_quality=0.7|n_missions=4|regime=jittery|rrf=60.0,H1,16,1351464894,6,60.0,4,jittery,0.0,0.7,2.0,1.0,0.5,0.5,0.0,1.0,0.9444444444444444,2.54146008131956,0.8333333333333334,0.7619047619047619,1.0,1.4545454545454546,4,4,0,2.75,4.0,6.47044974565506,6,60.0,4,0.27288,0.35483333333333333,0.6958779096603394,0.9487155000000002,0.797,0.5636042356491089,0.9487155000000002,0.6758355000000001,5,,0.9,120.0,0,ok,36.051074743270874,
N=6|dead_zone=0.0|link_quality=0.7|n_missions=4|regime=jittery|rrf=60.0,H0,17,1479033292,6,60.0,4,jittery,0.0,0.7,2.5,1.0,0.75,0.75,0.0,1.0,0.7575757575757576,2.3709505944546687,1.0,0.7575757575757576,,,4,0,0,0.0,0.0,0.0,6,60.0,4,0.2464135625,0.35633333333333334,0.6960231065750122,0.953857875,0.8883333333333333,0.5545231699943542,0.953857875,0.7074443125,5,,0.9,,,ok,19.59600043296814,
N=6|dead_zone=0.0|link_quality=0.7|n_missions=4|regime=jittery|rrf=60.0,H1,16,1351464894,6,60.0,4,jittery,0.0,0.7,2.0,1.0,0.5,0.5,0.0,1.0,0.9444444444444444,2.54146008131956,0.8333333333333334,0.7619047619047619,1.0,1.4545454545454546,4,4,0,2.75,4.0,6.495442032814026,6,60.0,4,0.27288,0.35483333333333333,0.6958779096603394,0.9487155000000002,0.797,0.5636042356491089,0.9487155000000002,0.6758355000000001,5,,0.9,120.0,0,ok,36.10349416732788,
N=6|dead_zone=0.0|link_quality=0.7|n_missions=4|regime=jittery|rrf=60.0,H0,17,1479033292,6,60.0,4,jittery,0.0,0.7,2.5,1.0,0.75,0.75,0.0,1.0,0.7575757575757576,2.3709505944546687,1.0,0.7575757575757576,,,4,0,0,0.0,0.0,0.0,6,60.0,4,0.2464135625,0.35633333333333334,0.6960231065750122,0.953857875,0.8883333333333333,0.5545231699943542,0.953857875,0.7074443125,5,,0.9,,,ok,20.615055322647095,
N=6|dead_zone=0.0|link_quality=0.7|n_missions=4|regime=jittery|rrf=60.0,H1,17,1479033292,6,60.0,4,jittery,0.0,0.7,1.25,1.0,0.25,1.0,0.0,1.0,0.8928571428571429,2.4961399650265075,0.5,0.3787878787878788,1.0,1.0,4,4,0,3.0,5.0,7.059169232845306,6,60.0,4,0.2464135625,0.35633333333333334,0.6960231065750122,0.9457355000000001,0.791,0.5828883647918701,0.9457355000000001,0.6993219375,5,,0.9,120.0,0,ok,38.98522329330444,
N=6|dead_zone=0.0|link_quality=0.7|n_missions=4|regime=jittery|rrf=60.0,H0,18,1466540048,6,60.0,4,jittery,0.0,0.7,2.75,1.0,1.0,0.5,0.0,0.8333333333333334,0.7469135802469136,2.2312702546075758,0.8333333333333334,0.7469135802469136,,,4,0,0,0.0,0.0,0.0,6,60.0,4,0.26687025,0.35783333333333334,0.6958953738212585,0.95925125,0.8671666666666666,0.5978128910064697,0.95925125,0.692381,5,,0.9,,,ok,18.16391134262085,
N=6|dead_zone=0.0|link_quality=0.7|n_missions=4|regime=jittery|rrf=60.0,H1,17,1479033292,6,60.0,4,jittery,0.0,0.7,1.25,1.0,0.25,1.0,0.0,1.0,0.8928571428571429,2.4961399650265075,0.5,0.3787878787878788,1.0,1.0,4,4,0,3.0,5.0,7.020711243152618,6,60.0,4,0.2464135625,0.35633333333333334,0.6960231065750122,0.9457355000000001,0.791,0.5828883647918701,0.9457355000000001,0.6993219375,5,,0.9,120.0,0,ok,38.414822816848755,
N=6|dead_zone=0.0|link_quality=0.7|n_missions=4|regime=jittery|rrf=60.0,H0,18,1466540048,6,60.0,4,jittery,0.0,0.7,2.75,1.0,1.0,0.5,0.0,0.8333333333333334,0.7469135802469136,2.2312702546075758,0.8333333333333334,0.7469135802469136,,,4,0,0,0.0,0.0,0.0,6,60.0,4,0.26687025,0.35783333333333334,0.6958953738212585,0.95925125,0.8671666666666666,0.5978128910064697,0.95925125,0.692381,5,,0.9,,,ok,18.666534423828125,
N=6|dead_zone=0.0|link_quality=0.7|n_missions=4|regime=jittery|rrf=60.0,H1,18,1466540048,6,60.0,4,jittery,0.0,0.7,1.75,1.0,0.5,0.5,0.0,1.0,0.9537953795379538,2.548565226030918,0.6666666666666666,0.6282051282051282,1.0,2.0,4,4,0,2.0,3.0,6.4727054834365845,6,60.0,4,0.26687025,0.35783333333333334,0.6958953738212585,0.9548871249999998,0.8706666666666667,0.559967041015625,0.9548871249999998,0.6880168749999999,5,,0.9,120.0,0,ok,36.91494941711426,
N=6|dead_zone=0.0|link_quality=0.7|n_missions=4|regime=jittery|rrf=60.0,H0,19,1534420717,6,60.0,4,jittery,0.0,0.7,3.0,1.0,1.0,0.75,0.0,0.8333333333333334,0.631578947368421,2.084962500721156,0.8333333333333334,0.631578947368421,,,4,0,0,0.0,0.0,0.0,6,60.0,4,0.2709633125,0.356,0.6959285736083984,0.9607665624999999,0.7886666666666666,0.5746912360191345,0.9607665624999999,0.68980325,5,,0.9,,,ok,18.131568908691406,
N=6|dead_zone=0.0|link_quality=0.7|n_missions=4|regime=jittery|rrf=60.0,H1,18,1466540048,6,60.0,4,jittery,0.0,0.7,1.75,1.0,0.5,0.5,0.0,1.0,0.9537953795379538,2.548565226030918,0.6666666666666666,0.6282051282051282,1.0,2.0,4,4,0,2.0,3.0,6.511997401714325,6,60.0,4,0.26687025,0.35783333333333334,0.6958953738212585,0.9548871249999998,0.8706666666666667,0.559967041015625,0.9548871249999998,0.6880168749999999,5,,0.9,120.0,0,ok,37.04525065422058,
N=6|dead_zone=0.0|link_quality=0.7|n_missions=4|regime=jittery|rrf=60.0,H0,19,1534420717,6,60.0,4,jittery,0.0,0.7,3.0,1.0,1.0,0.75,0.0,0.8333333333333334,0.631578947368421,2.084962500721156,0.8333333333333334,0.631578947368421,,,4,0,0,0.0,0.0,0.0,6,60.0,4,0.2709633125,0.356,0.6959285736083984,0.9607665624999999,0.7886666666666666,0.5746912360191345,0.9607665624999999,0.68980325,5,,0.9,,,ok,18.0829074382782,
N=6|dead_zone=0.0|link_quality=0.7|n_missions=4|regime=jittery|rrf=60.0,H1,19,1534420717,6,60.0,4,jittery,0.0,0.7,2.0,1.0,0.5,0.5,0.0,1.0,0.9973031283710896,2.583068887911025,0.6666666666666666,0.5925925925925926,1.0,1.7142857142857142,4,4,0,3.5,3.5,10.02051854133606,6,60.0,4,0.2709633125,0.356,0.6959285736083984,0.9512466875,0.7908333333333334,0.5589037537574768,0.9512466875,0.6802833749999999,5,,0.9,120.0,0,ok,50.42907166481018,
N=6|dead_zone=0.2|link_quality=0.3|n_missions=4|regime=jittery|rrf=60.0,H0,0,2258652524,6,60.0,4,jittery,0.2,0.3,1.25,0.75,0.25,0.25,0.0,0.6666666666666666,0.5952380952380952,1.9219280948873623,0.6666666666666666,0.5952380952380952,,,4,0,0,0.0,0.0,0.0,6,60.0,4,0.26059725,0.35633333333333334,0.6959456205368042,0.9220988750000001,0.8238333333333333,0.6228827238082886,0.9220988750000001,0.6615016250000001,5,,0.9,,,ok,14.751853942871094,
N=6|dead_zone=0.0|link_quality=0.7|n_missions=4|regime=jittery|rrf=60.0,H1,19,1534420717,6,60.0,4,jittery,0.0,0.7,2.0,1.0,0.5,0.5,0.0,1.0,0.9973031283710896,2.583068887911025,0.6666666666666666,0.5925925925925926,1.0,1.7142857142857142,4,4,0,3.5,3.5,10.02638727426529,6,60.0,4,0.2709633125,0.356,0.6959285736083984,0.9512466875,0.7908333333333334,0.5589037537574768,0.9512466875,0.6802833749999999,5,,0.9,120.0,0,ok,50.39774680137634,
N=6|dead_zone=0.2|link_quality=0.3|n_missions=4|regime=jittery|rrf=60.0,H0,0,2258652524,6,60.0,4,jittery,0.2,0.3,1.25,0.75,0.25,0.25,0.0,0.6666666666666666,0.5952380952380952,1.9219280948873623,0.6666666666666666,0.5952380952380952,,,4,0,0,0.0,0.0,0.0,6,60.0,4,0.26059725,0.35633333333333334,0.6959456205368042,0.9220988750000001,0.8238333333333333,0.6228827238082886,0.9220988750000001,0.6615016250000001,5,,0.9,,,ok,18.707127809524536,
N=6|dead_zone=0.2|link_quality=0.3|n_missions=4|regime=jittery|rrf=60.0,H1,0,2258652524,6,60.0,4,jittery,0.2,0.3,0.5,0.25,0.25,0.0,0.0,1.0,0.9801864801864801,2.570439739002145,0.3333333333333333,0.3333333333333333,0.25,1.4166666666666667,1,4,0,3.0,1.0,9.1485595703125,6,60.0,4,0.26059725,0.35633333333333334,0.6959456205368042,0.678189875,0.49633333333333335,0.6833878755569458,0.678189875,0.41759262500000005,2,,0.9,120.0,0,ok,47.70249009132385,
N=6|dead_zone=0.2|link_quality=0.3|n_missions=4|regime=jittery|rrf=60.0,H0,1,2943796526,6,60.0,4,jittery,0.2,0.3,1.0,0.5,0.25,0.25,0.0,0.5,0.4444444444444444,1.5,0.5,0.4444444444444444,,,4,0,0,0.0,0.0,0.0,6,60.0,4,0.2601513125,0.3565,0.6959301829338074,0.81624425,0.6841666666666667,0.6739249229431152,0.81624425,0.5560929375,5,,0.9,,,ok,12.207237005233765,
N=6|dead_zone=0.2|link_quality=0.3|n_missions=4|regime=jittery|rrf=60.0,H1,0,2258652524,6,60.0,4,jittery,0.2,0.3,0.75,0.5,0.25,0.0,0.0,1.0,0.974025974025974,2.565596230357602,0.5,0.5,0.5,1.3846153846153846,2,4,0,3.25,2.0,9.143367111682892,6,60.0,4,0.26059725,0.35633333333333334,0.6959456205368042,0.8492885,0.7026666666666667,0.6722502708435059,0.8492885,0.58869125,3,,0.9,120.0,0,ok,48.58926343917847,
N=6|dead_zone=0.2|link_quality=0.3|n_missions=4|regime=jittery|rrf=60.0,H0,1,2943796526,6,60.0,4,jittery,0.2,0.3,1.0,0.5,0.25,0.25,0.0,0.5,0.4444444444444444,1.5,0.5,0.4444444444444444,,,4,0,0,0.0,0.0,0.0,6,60.0,4,0.2601513125,0.3565,0.6959301829338074,0.81624425,0.6841666666666667,0.6739249229431152,0.81624425,0.5560929375,5,,0.9,,,ok,13.260206937789917,
N=6|dead_zone=0.2|link_quality=0.3|n_missions=4|regime=jittery|rrf=60.0,H1,1,2943796526,6,60.0,4,jittery,0.2,0.3,1.75,1.0,0.5,0.5,0.0,1.0,0.9496124031007752,2.544590777872491,0.6666666666666666,0.4298245614035088,1.0,1.4166666666666667,4,4,0,3.0,4.0,7.06106573343277,6,60.0,4,0.2601513125,0.3565,0.6959301829338074,0.964256125,0.9313333333333333,0.5943863987922668,0.964256125,0.7041048125,5,4,0.9,120.0,0,ok,39.55416464805603,
N=6|dead_zone=0.2|link_quality=0.3|n_missions=4|regime=jittery|rrf=60.0,H0,2,3992779370,6,60.0,4,jittery,0.2,0.3,0.75,0.75,0.0,0.0,0.0,0.3333333333333333,0.3,0.9182958340544896,0.3333333333333333,0.3,,,4,0,0,0.0,0.0,0.0,6,60.0,4,0.2796016875,0.35683333333333334,0.6958513855934143,0.900640625,0.848,0.6501930952072144,0.900640625,0.6210389375,5,,0.9,,,ok,9.929837942123413,
N=6|dead_zone=0.2|link_quality=0.3|n_missions=4|regime=jittery|rrf=60.0,H1,1,2943796526,6,60.0,4,jittery,0.2,0.3,2.0,1.0,0.75,0.75,0.0,1.0,0.9078014184397163,2.505240814944148,0.6666666666666666,0.48484848484848486,1.0,1.3333333333333333,4,4,0,3.0,4.0,5.777661681175232,6,60.0,4,0.2601513125,0.3565,0.6959301829338074,0.9474896875,0.9163333333333333,0.606425940990448,0.9474896875,0.687338375,5,4,0.9,120.0,0,ok,34.26295876502991,
N=6|dead_zone=0.2|link_quality=0.3|n_missions=4|regime=jittery|rrf=60.0,H0,2,3992779370,6,60.0,4,jittery,0.2,0.3,0.75,0.75,0.0,0.0,0.0,0.3333333333333333,0.3,0.9182958340544896,0.3333333333333333,0.3,,,4,0,0,0.0,0.0,0.0,6,60.0,4,0.2796016875,0.35683333333333334,0.6958513855934143,0.900640625,0.848,0.6501930952072144,0.900640625,0.6210389375,5,,0.9,,,ok,9.737755537033081,
N=6|dead_zone=0.2|link_quality=0.3|n_missions=4|regime=jittery|rrf=60.0,H1,2,3992779370,6,60.0,4,jittery,0.2,0.3,2.0,0.75,0.5,0.5,0.0,1.0,0.9588014981273408,2.549886625190374,0.6666666666666666,0.5925925925925926,0.75,1.8,3,4,0,2.5,3.0,6.872213780879974,6,60.0,4,0.2796016875,0.35683333333333334,0.6958513855934143,0.9146211875,0.88,0.6471295356750488,0.9146211875,0.6350195000000001,4,,0.9,120.0,0,ok,38.32780861854553,
N=6|dead_zone=0.2|link_quality=0.3|n_missions=4|regime=jittery|rrf=60.0,H0,3,1289623761,6,60.0,4,jittery,0.2,0.3,1.25,0.75,0.25,0.25,0.0,0.5,0.46296296296296297,1.5219280948873621,0.5,0.46296296296296297,,,4,0,0,0.0,0.0,0.0,6,60.0,4,0.26249487499999996,0.361,0.6959295868873596,0.885696875,0.8528333333333333,0.6485475301742554,0.885696875,0.623202,5,,0.9,,,ok,11.720430135726929,
N=6|dead_zone=0.2|link_quality=0.3|n_missions=4|regime=jittery|rrf=60.0,H1,2,3992779370,6,60.0,4,jittery,0.2,0.3,2.0,0.75,0.5,0.5,0.0,1.0,0.9588014981273408,2.549886625190374,0.6666666666666666,0.5925925925925926,0.75,1.8,3,4,0,2.5,3.0,6.879426538944244,6,60.0,4,0.2796016875,0.35683333333333334,0.6958513855934143,0.9146211875,0.88,0.6471295356750488,0.9146211875,0.6350195000000001,4,,0.9,120.0,0,ok,37.468642711639404,
N=6|dead_zone=0.2|link_quality=0.3|n_missions=4|regime=jittery|rrf=60.0,H0,3,1289623761,6,60.0,4,jittery,0.2,0.3,1.25,0.75,0.25,0.25,0.0,0.5,0.46296296296296297,1.5219280948873621,0.5,0.46296296296296297,,,4,0,0,0.0,0.0,0.0,6,60.0,4,0.26249487499999996,0.361,0.6959295868873596,0.885696875,0.8528333333333333,0.6485475301742554,0.885696875,0.623202,5,,0.9,,,ok,12.216760635375977,
N=6|dead_zone=0.2|link_quality=0.3|n_missions=4|regime=jittery|rrf=60.0,H1,3,1289623761,6,60.0,4,jittery,0.2,0.3,1.5,1.0,0.5,0.0,0.0,1.0,0.9307692307692308,2.530622805321796,0.5,0.42857142857142855,1.0,1.6666666666666667,3,4,0,2.25,3.0,6.900835394859314,6,60.0,4,0.26249487499999996,0.361,0.6959295868873596,0.9222008749999999,0.7931666666666667,0.6375249028205872,0.9222008749999999,0.6597059999999999,4,,0.9,120.0,0,ok,37.8948130607605,
N=6|dead_zone=0.2|link_quality=0.3|n_missions=4|regime=jittery|rrf=60.0,H0,4,3672402903,6,60.0,4,jittery,0.2,0.3,0.5,0.5,0.0,0.0,0.0,0.3333333333333333,0.3333333333333333,1.0,0.3333333333333333,0.3333333333333333,,,4,0,0,0.0,0.0,0.0,6,60.0,4,0.284476125,0.3571666666666667,0.6958532929420471,0.8569420625,0.8015,0.6630191802978516,0.8569420625,0.5724659375000001,5,,0.9,,,ok,10.221320390701294,
N=6|dead_zone=0.2|link_quality=0.3|n_missions=4|regime=jittery|rrf=60.0,H1,3,1289623761,6,60.0,4,jittery,0.2,0.3,1.5,1.0,0.5,0.0,0.0,1.0,0.9307692307692308,2.530622805321796,0.5,0.42857142857142855,1.0,1.6666666666666667,3,4,0,2.25,3.0,6.965268313884735,6,60.0,4,0.26249487499999996,0.361,0.6959295868873596,0.9222008749999999,0.7931666666666667,0.6375249028205872,0.9222008749999999,0.6597059999999999,4,,0.9,120.0,0,ok,38.03892660140991,
N=6|dead_zone=0.2|link_quality=0.3|n_missions=4|regime=jittery|rrf=60.0,H0,4,3672402903,6,60.0,4,jittery,0.2,0.3,0.5,0.5,0.0,0.0,0.0,0.3333333333333333,0.3333333333333333,1.0,0.3333333333333333,0.3333333333333333,,,4,0,0,0.0,0.0,0.0,6,60.0,4,0.284476125,0.3571666666666667,0.6958532929420471,0.8569420625,0.8015,0.6630191802978516,0.8569420625,0.5724659375000001,5,,0.9,,,ok,9.895004749298096,
N=6|dead_zone=0.2|link_quality=0.3|n_missions=4|regime=jittery|rrf=60.0,H1,4,3672402903,6,60.0,4,jittery,0.2,0.3,2.25,0.75,0.5,0.5,0.0,1.0,1.0,2.584962500721156,0.8333333333333334,0.7105263157894737,0.75,1.4285714285714286,3,4,0,3.5,3.0,7.552425742149353,6,60.0,4,0.284476125,0.3571666666666667,0.6958532929420471,0.91124925,0.8386666666666667,0.6521865129470825,0.91124925,0.6267731249999999,4,,0.9,120.0,0,ok,41.16972517967224,
N=6|dead_zone=0.2|link_quality=0.3|n_missions=4|regime=jittery|rrf=60.0,H0,5,2764601321,6,60.0,4,jittery,0.2,0.3,0.5,0.5,0.0,0.0,0.0,0.3333333333333333,0.3333333333333333,1.0,0.3333333333333333,0.3333333333333333,,,4,0,0,0.0,0.0,0.0,6,60.0,4,0.2734658125,0.357,0.6959004998207092,0.9132625000000001,0.723,0.665573239326477,0.9132625000000001,0.6397966875000001,5,,0.9,,,ok,9.185355186462402,
N=6|dead_zone=0.2|link_quality=0.3|n_missions=4|regime=jittery|rrf=60.0,H1,4,3672402903,6,60.0,4,jittery,0.2,0.3,2.25,0.75,0.5,0.5,0.0,1.0,1.0,2.584962500721156,0.8333333333333334,0.7105263157894737,0.75,1.4285714285714286,3,4,0,3.5,3.0,7.545072913169861,6,60.0,4,0.284476125,0.3571666666666667,0.6958532929420471,0.91124925,0.8386666666666667,0.6521865129470825,0.91124925,0.6267731249999999,4,,0.9,120.0,0,ok,41.110023975372314,
N=6|dead_zone=0.2|link_quality=0.3|n_missions=4|regime=jittery|rrf=60.0,H0,5,2764601321,6,60.0,4,jittery,0.2,0.3,0.5,0.5,0.0,0.0,0.0,0.3333333333333333,0.3333333333333333,1.0,0.3333333333333333,0.3333333333333333,,,4,0,0,0.0,0.0,0.0,6,60.0,4,0.2734658125,0.357,0.6959004998207092,0.9132625000000001,0.723,0.665573239326477,0.9132625000000001,0.6397966875000001,5,,0.9,,,ok,9.285868406295776,
N=6|dead_zone=0.2|link_quality=0.3|n_missions=4|regime=jittery|rrf=60.0,H1,5,2764601321,6,60.0,4,jittery,0.2,0.3,1.75,1.0,0.75,0.0,0.0,1.0,1.0,2.584962500721156,0.6666666666666666,0.5444444444444444,1.0,3.0,4,4,0,2.0,2.0,6.4382840394973755,6,60.0,4,0.2734658125,0.357,0.6959004998207092,0.936213875,0.8441666666666666,0.5929898023605347,0.936213875,0.6627480625,5,,0.9,120.0,0,ok,36.20543336868286,
N=6|dead_zone=0.2|link_quality=0.3|n_missions=4|regime=jittery|rrf=60.0,H0,6,3667795623,6,60.0,4,jittery,0.2,0.3,1.0,0.75,0.25,0.0,0.0,0.5,0.4444444444444444,1.5,0.5,0.4444444444444444,,,4,0,0,0.0,0.0,0.0,6,60.0,4,0.26024768750000005,0.3595,0.6959475874900818,0.912300375,0.8516666666666667,0.641933262348175,0.912300375,0.6520526875,5,,0.9,,,ok,11.925899744033813,
N=6|dead_zone=0.2|link_quality=0.3|n_missions=4|regime=jittery|rrf=60.0,H1,5,2764601321,6,60.0,4,jittery,0.2,0.3,1.75,1.0,0.75,0.0,0.0,1.0,1.0,2.584962500721156,0.6666666666666666,0.5444444444444444,1.0,3.0,4,4,0,2.0,2.0,6.466881513595581,6,60.0,4,0.2734658125,0.357,0.6959004998207092,0.936213875,0.8441666666666666,0.5929898023605347,0.936213875,0.6627480625,5,,0.9,120.0,0,ok,35.922510385513306,
N=6|dead_zone=0.2|link_quality=0.3|n_missions=4|regime=jittery|rrf=60.0,H0,6,3667795623,6,60.0,4,jittery,0.2,0.3,1.0,0.75,0.25,0.0,0.0,0.5,0.4444444444444444,1.5,0.5,0.4444444444444444,,,4,0,0,0.0,0.0,0.0,6,60.0,4,0.26024768750000005,0.3595,0.6959475874900818,0.912300375,0.8516666666666667,0.641933262348175,0.912300375,0.6520526875,5,,0.9,,,ok,11.75159215927124,
N=6|dead_zone=0.2|link_quality=0.3|n_missions=4|regime=jittery|rrf=60.0,H1,6,3667795623,6,60.0,4,jittery,0.2,0.3,1.5,0.75,0.5,0.75,0.25,1.0,0.9057971014492754,2.5124876891689536,0.5,0.42857142857142855,0.75,1.0,3,4,0,2.5,4.5,4.613590359687805,6,60.0,4,0.26024768750000005,0.3595,0.6959475874900818,0.9325330000000002,0.8463333333333334,0.6393031477928162,0.9325330000000002,0.6722853125000001,4,,0.9,120.0,0,ok,28.81217622756958,
N=6|dead_zone=0.2|link_quality=0.3|n_missions=4|regime=jittery|rrf=60.0,H0,7,929013478,6,60.0,4,jittery,0.2,0.3,0.25,0.25,0.0,0.0,0.0,0.16666666666666666,0.16666666666666666,0.0,0.16666666666666666,0.16666666666666666,,,4,0,0,0.0,0.0,0.0,6,60.0,4,0.26309943750000003,0.3571666666666667,0.6959373950958252,0.7624716875,0.7425,0.6706458926200867,0.7624716875,0.49937225,5,,0.9,,,ok,13.85813021659851,
N=6|dead_zone=0.2|link_quality=0.3|n_missions=4|regime=jittery|rrf=60.0,H1,6,3667795623,6,60.0,4,jittery,0.2,0.3,1.5,0.75,0.5,0.75,0.25,1.0,0.9057971014492754,2.5124876891689536,0.5,0.42857142857142855,0.75,1.0,3,4,0,2.5,4.5,4.675745785236359,6,60.0,4,0.26024768750000005,0.3595,0.6959475874900818,0.9325330000000002,0.8463333333333334,0.6393031477928162,0.9325330000000002,0.6722853125000001,4,,0.9,120.0,0,ok,29.489508390426636,
N=6|dead_zone=0.2|link_quality=0.3|n_missions=4|regime=jittery|rrf=60.0,H0,7,929013478,6,60.0,4,jittery,0.2,0.3,0.25,0.25,0.0,0.0,0.0,0.16666666666666666,0.16666666666666666,0.0,0.16666666666666666,0.16666666666666666,,,4,0,0,0.0,0.0,0.0,6,60.0,4,0.26309943750000003,0.3571666666666667,0.6959373950958252,0.7624716875,0.7425,0.6706458926200867,0.7624716875,0.49937225,5,,0.9,,,ok,7.679228067398071,
N=6|dead_zone=0.2|link_quality=0.3|n_missions=4|regime=jittery|rrf=60.0,H1,7,929013478,6,60.0,4,jittery,0.2,0.3,1.0,0.75,0.25,0.0,0.0,1.0,0.98,2.569362807596701,0.5,0.4444444444444444,0.75,1.75,3,4,0,3.0,2.5,9.932531297206879,6,60.0,4,0.26309943750000003,0.3571666666666667,0.6959373950958252,0.9399801249999999,0.8695,0.6299837827682495,0.9399801249999999,0.6768806875,4,,0.9,120.0,0,ok,51.01170229911804,
N=6|dead_zone=0.2|link_quality=0.3|n_missions=4|regime=jittery|rrf=60.0,H0,8,3924986795,6,60.0,4,jittery,0.2,0.3,0.75,0.5,0.25,0.0,0.0,0.3333333333333333,0.3,0.9182958340544896,0.3333333333333333,0.3,,,4,0,0,0.0,0.0,0.0,6,60.0,4,0.258396875,0.35833333333333334,0.6959220170974731,0.792499625,0.7021666666666667,0.6636368036270142,0.792499625,0.53410275,5,,0.9,,,ok,9.673593997955322,
N=6|dead_zone=0.2|link_quality=0.3|n_missions=4|regime=jittery|rrf=60.0,H1,7,929013478,6,60.0,4,jittery,0.2,0.3,1.0,0.75,0.25,0.0,0.0,1.0,0.98,2.569362807596701,0.5,0.4444444444444444,0.75,1.75,3,4,0,3.0,2.5,9.858451426029205,6,60.0,4,0.26309943750000003,0.3571666666666667,0.6959373950958252,0.9399801249999999,0.8695,0.6299837827682495,0.9399801249999999,0.6768806875,4,,0.9,120.0,0,ok,50.28831720352173,
N=6|dead_zone=0.2|link_quality=0.3|n_missions=4|regime=jittery|rrf=60.0,H0,8,3924986795,6,60.0,4,jittery,0.2,0.3,0.75,0.5,0.25,0.0,0.0,0.3333333333333333,0.3,0.9182958340544896,0.3333333333333333,0.3,,,4,0,0,0.0,0.0,0.0,6,60.0,4,0.258396875,0.35833333333333334,0.6959220170974731,0.792499625,0.7021666666666667,0.6636368036270142,0.792499625,0.53410275,5,,0.9,,,ok,9.371903419494629,
N=6|dead_zone=0.2|link_quality=0.3|n_missions=4|regime=jittery|rrf=60.0,H1,8,3924986795,6,60.0,4,jittery,0.2,0.3,1.5,1.0,0.5,0.5,0.0,1.0,0.9944903581267218,2.5810309627563695,0.6666666666666666,0.6,1.0,1.2666666666666666,4,4,0,3.75,5.0,9.897859990596771,6,60.0,4,0.258396875,0.35833333333333334,0.6959220170974731,0.9504030625000001,0.8546666666666667,0.620331346988678,0.9504030625000001,0.6920061875000001,5,,0.9,120.0,0,ok,49.625373125076294,
N=6|dead_zone=0.2|link_quality=0.3|n_missions=4|regime=jittery|rrf=60.0,H0,9,730444219,6,60.0,4,jittery,0.2,0.3,1.25,0.75,0.25,0.25,0.0,0.5,0.46296296296296297,1.5219280948873621,0.5,0.46296296296296297,,,4,0,0,0.0,0.0,0.0,6,60.0,4,0.2569555,0.3575,0.695949137210846,0.9074385625,0.7295,0.6439638733863831,0.9074385625,0.6504830625,5,,0.9,,,ok,12.81361198425293,
N=6|dead_zone=0.2|link_quality=0.3|n_missions=4|regime=jittery|rrf=60.0,H1,8,3924986795,6,60.0,4,jittery,0.2,0.3,1.5,1.0,0.5,0.5,0.0,1.0,0.9944903581267218,2.5810309627563695,0.6666666666666666,0.6,1.0,1.2666666666666666,4,4,0,3.75,5.0,9.856074333190918,6,60.0,4,0.258396875,0.35833333333333334,0.6959220170974731,0.9504030625000001,0.8546666666666667,0.620331346988678,0.9504030625000001,0.6920061875000001,5,,0.9,120.0,0,ok,49.939390420913696,
N=6|dead_zone=0.2|link_quality=0.3|n_missions=4|regime=jittery|rrf=60.0,H0,9,730444219,6,60.0,4,jittery,0.2,0.3,1.25,0.75,0.25,0.25,0.0,0.5,0.46296296296296297,1.5219280948873621,0.5,0.46296296296296297,,,4,0,0,0.0,0.0,0.0,6,60.0,4,0.2569555,0.3575,0.695949137210846,0.9074385625,0.7295,0.6439638733863831,0.9074385625,0.6504830625,5,,0.9,,,ok,13.557356119155884,
N=6|dead_zone=0.2|link_quality=0.3|n_missions=4|regime=jittery|rrf=60.0,H1,9,730444219,6,60.0,4,jittery,0.2,0.3,1.5,1.0,0.5,0.0,0.0,1.0,0.9768740031897927,2.568092578760857,0.6666666666666666,0.6,1.0,1.8888888888888888,4,4,0,2.25,3.0,6.474229991436005,6,60.0,4,0.2569555,0.3575,0.695949137210846,0.9066347499999999,0.8298333333333333,0.5832688212394714,0.9066347499999999,0.6496792499999999,5,,0.9,120.0,0,ok,37.08276724815369,
N=6|dead_zone=0.2|link_quality=0.3|n_missions=4|regime=jittery|rrf=60.0,H0,10,2204072595,6,60.0,4,jittery,0.2,0.3,0.5,0.5,0.0,0.0,0.0,0.3333333333333333,0.3333333333333333,1.0,0.3333333333333333,0.3333333333333333,,,4,0,0,0.0,0.0,0.0,6,60.0,4,0.26838431250000006,0.35833333333333334,0.695931613445282,0.7367653125,0.6668333333333333,0.6686278581619263,0.7367653125,0.46838099999999994,5,,0.9,,,ok,9.675151824951172,
N=6|dead_zone=0.2|link_quality=0.3|n_missions=4|regime=jittery|rrf=60.0,H1,9,730444219,6,60.0,4,jittery,0.2,0.3,1.5,1.0,0.5,0.0,0.0,1.0,0.9768740031897927,2.568092578760857,0.6666666666666666,0.6,1.0,1.8888888888888888,4,4,0,2.25,3.0,6.427496671676636,6,60.0,4,0.2569555,0.3575,0.695949137210846,0.9066347499999999,0.8298333333333333,0.5832688212394714,0.9066347499999999,0.6496792499999999,5,,0.9,120.0,0,ok,36.668505907058716,
N=6|dead_zone=0.2|link_quality=0.3|n_missions=4|regime=jittery|rrf=60.0,H0,10,2204072595,6,60.0,4,jittery,0.2,0.3,0.5,0.5,0.0,0.0,0.0,0.3333333333333333,0.3333333333333333,1.0,0.3333333333333333,0.3333333333333333,,,4,0,0,0.0,0.0,0.0,6,60.0,4,0.26838431250000006,0.35833333333333334,0.695931613445282,0.7367653125,0.6668333333333333,0.6686278581619263,0.7367653125,0.46838099999999994,5,,0.9,,,ok,9.248557567596436,
N=6|dead_zone=0.2|link_quality=0.3|n_missions=4|regime=jittery|rrf=60.0,H1,10,2204072595,6,60.0,4,jittery,0.2,0.3,2.0,1.0,0.75,0.75,0.0,1.0,0.9803921568627451,2.5700813738380264,0.8333333333333334,0.7619047619047619,1.0,1.2666666666666666,4,4,0,3.75,4.75,9.229948878288269,6,60.0,4,0.26838431250000006,0.35833333333333334,0.695931613445282,0.9424195625,0.8655,0.5910399556159973,0.9424195625,0.67403525,5,,0.9,120.0,0,ok,46.973921060562134,
N=6|dead_zone=0.2|link_quality=0.3|n_missions=4|regime=jittery|rrf=60.0,H0,11,748054067,6,60.0,4,jittery,0.2,0.3,1.75,1.0,0.5,0.25,0.0,0.6666666666666666,0.6282051282051282,1.9502120649147465,0.6666666666666666,0.6282051282051282,,,4,0,0,0.0,0.0,0.0,6,60.0,4,0.26069393750000003,0.3575,0.6959758996963501,0.951191875,0.8891666666666667,0.5772578716278076,0.951191875,0.6904979375,5,,0.9,,,ok,15.408279657363892,
N=6|dead_zone=0.2|link_quality=0.3|n_missions=4|regime=jittery|rrf=60.0,H1,10,2204072595,6,60.0,4,jittery,0.2,0.3,2.0,1.0,0.75,0.75,0.0,1.0,0.9803921568627451,2.5700813738380264,0.8333333333333334,0.7619047619047619,1.0,1.2666666666666666,4,4,0,3.75,4.75,9.295400559902191,6,60.0,4,0.26838431250000006,0.35833333333333334,0.695931613445282,0.9424195625,0.8655,0.5910399556159973,0.9424195625,0.67403525,5,,0.9,120.0,0,ok,47.252596378326416,
N=6|dead_zone=0.2|link_quality=0.3|n_missions=4|regime=jittery|rrf=60.0,H0,11,748054067,6,60.0,4,jittery,0.2,0.3,1.75,1.0,0.5,0.25,0.0,0.6666666666666666,0.6282051282051282,1.9502120649147465,0.6666666666666666,0.6282051282051282,,,4,0,0,0.0,0.0,0.0,6,60.0,4,0.26069393750000003,0.3575,0.6959758996963501,0.951191875,0.8891666666666667,0.5772578716278076,0.951191875,0.6904979375,5,,0.9,,,ok,16.057420253753662,
N=6|dead_zone=0.2|link_quality=0.3|n_missions=4|regime=jittery|rrf=60.0,H1,11,748054067,6,60.0,4,jittery,0.2,0.3,0.75,0.75,0.0,0.0,0.0,1.0,0.9473684210526315,2.5419822842863984,0.5,0.5,0.75,1.3076923076923077,3,4,0,3.25,3.75,9.911034047603607,6,60.0,4,0.26069393750000003,0.3575,0.6959758996963501,0.9182390625,0.808,0.6249077320098877,0.9182390625,0.657545125,4,,0.9,120.0,0,ok,50.73109579086304,
N=6|dead_zone=0.2|link_quality=0.3|n_missions=4|regime=jittery|rrf=60.0,H0,12,4284170487,6,60.0,4,jittery,0.2,0.3,0.75,0.75,0.0,0.0,0.0,0.3333333333333333,0.3,0.9182958340544896,0.3333333333333333,0.3,,,4,0,0,0.0,0.0,0.0,6,60.0,4,0.2695794375,0.36033333333333334,0.6959244608879089,0.913798375,0.8275,0.6400418877601624,0.913798375,0.6442189375,5,,0.9,,,ok,9.170485496520996,
N=6|dead_zone=0.2|link_quality=0.3|n_missions=4|regime=jittery|rrf=60.0,H1,11,748054067,6,60.0,4,jittery,0.2,0.3,0.75,0.75,0.0,0.0,0.0,1.0,0.9473684210526315,2.5419822842863984,0.5,0.5,0.75,1.3076923076923077,3,4,0,3.25,3.75,9.797373235225677,6,60.0,4,0.26069393750000003,0.3575,0.6959758996963501,0.9182390625,0.808,0.6249077320098877,0.9182390625,0.657545125,4,,0.9,120.0,0,ok,50.28096413612366,
N=6|dead_zone=0.2|link_quality=0.3|n_missions=4|regime=jittery|rrf=60.0,H0,12,4284170487,6,60.0,4,jittery,0.2,0.3,0.75,0.75,0.0,0.0,0.0,0.3333333333333333,0.3,0.9182958340544896,0.3333333333333333,0.3,,,4,0,0,0.0,0.0,0.0,6,60.0,4,0.2695794375,0.36033333333333334,0.6959244608879089,0.913798375,0.8275,0.6400418877601624,0.913798375,0.6442189375,5,,0.9,,,ok,9.582765579223633,
N=6|dead_zone=0.2|link_quality=0.3|n_missions=4|regime=jittery|rrf=60.0,H1,12,4284170487,6,60.0,4,jittery,0.2,0.3,1.25,1.0,0.25,0.25,0.0,1.0,0.9259259259259259,2.5301249653149704,0.3333333333333333,0.32051282051282054,1.0,1.2,4,4,0,2.5,4.0,5.530117988586426,6,60.0,4,0.2695794375,0.36033333333333334,0.6959244608879089,0.9223079375000001,0.8073333333333333,0.5771759748458862,0.9223079375000001,0.6527285,5,,0.9,120.0,0,ok,31.96150302886963,
N=6|dead_zone=0.2|link_quality=0.3|n_missions=4|regime=jittery|rrf=60.0,H0,13,381052943,6,60.0,4,jittery,0.2,0.3,0.75,0.5,0.25,0.0,0.0,0.3333333333333333,0.3,0.9182958340544896,0.3333333333333333,0.3,,,4,0,0,0.0,0.0,0.0,6,60.0,4,0.250469375,0.3566666666666667,0.6960039138793945,0.8589853749999999,0.7683333333333333,0.6742315888404846,0.8589853749999999,0.608516,5,,0.9,,,ok,9.685296535491943,
N=6|dead_zone=0.2|link_quality=0.3|n_missions=4|regime=jittery|rrf=60.0,H1,12,4284170487,6,60.0,4,jittery,0.2,0.3,1.25,1.0,0.25,0.25,0.0,1.0,0.9259259259259259,2.5301249653149704,0.3333333333333333,0.32051282051282054,1.0,1.2,4,4,0,2.5,4.0,5.53028416633606,6,60.0,4,0.2695794375,0.36033333333333334,0.6959244608879089,0.9223079375000001,0.8073333333333333,0.5771759748458862,0.9223079375000001,0.6527285,5,,0.9,120.0,0,ok,32.38235831260681,
N=6|dead_zone=0.2|link_quality=0.3|n_missions=4|regime=jittery|rrf=60.0,H0,13,381052943,6,60.0,4,jittery,0.2,0.3,0.75,0.5,0.25,0.0,0.0,0.3333333333333333,0.3,0.9182958340544896,0.3333333333333333,0.3,,,4,0,0,0.0,0.0,0.0,6,60.0,4,0.250469375,0.3566666666666667,0.6960039138793945,0.8589853749999999,0.7683333333333333,0.6742315888404846,0.8589853749999999,0.608516,5,,0.9,,,ok,9.703761339187622,
N=6|dead_zone=0.2|link_quality=0.3|n_missions=4|regime=jittery|rrf=60.0,H1,13,381052943,6,60.0,4,jittery,0.2,0.3,1.5,1.0,0.5,1.0,0.0,1.0,0.9036144578313253,2.5058231002082847,0.6666666666666666,0.5,1.0,1.5,4,4,0,2.0,4.0,5.703470349311829,6,60.0,4,0.250469375,0.3566666666666667,0.6960039138793945,0.9540216250000001,0.7945,0.5575635433197021,0.9540216250000001,0.7035522500000001,5,,0.9,120.0,0,ok,32.97985911369324,
N=6|dead_zone=0.2|link_quality=0.3|n_missions=4|regime=jittery|rrf=60.0,H0,14,2821674926,6,60.0,4,jittery,0.2,0.3,0.5,0.5,0.0,0.0,0.0,0.3333333333333333,0.3333333333333333,1.0,0.3333333333333333,0.3333333333333333,,,4,0,0,0.0,0.0,0.0,6,60.0,4,0.27450687500000004,0.3575,0.6959043145179749,0.8799469375,0.8248333333333333,0.6650774478912354,0.8799469375,0.6054400624999999,5,,0.9,,,ok,9.946566581726074,
N=6|dead_zone=0.2|link_quality=0.3|n_missions=4|regime=jittery|rrf=60.0,H1,13,381052943,6,60.0,4,jittery,0.2,0.3,1.5,1.0,0.5,1.0,0.0,1.0,0.9036144578313253,2.5058231002082847,0.6666666666666666,0.5,1.0,1.5,4,4,0,2.0,4.0,5.713677883148193,6,60.0,4,0.250469375,0.3566666666666667,0.6960039138793945,0.9540216250000001,0.7945,0.5575635433197021,0.9540216250000001,0.7035522500000001,5,,0.9,120.0,0,ok,33.06649160385132,
N=6|dead_zone=0.2|link_quality=0.3|n_missions=4|regime=jittery|rrf=60.0,H0,14,2821674926,6,60.0,4,jittery,0.2,0.3,0.5,0.5,0.0,0.0,0.0,0.3333333333333333,0.3333333333333333,1.0,0.3333333333333333,0.3333333333333333,,,4,0,0,0.0,0.0,0.0,6,60.0,4,0.27450687500000004,0.3575,0.6959043145179749,0.8799469375,0.8248333333333333,0.6650774478912354,0.8799469375,0.6054400624999999,5,,0.9,,,ok,9.979391813278198,
N=6|dead_zone=0.2|link_quality=0.3|n_missions=4|regime=jittery|rrf=60.0,H1,14,2821674926,6,60.0,4,jittery,0.2,0.3,1.0,0.75,0.25,0.0,0.0,1.0,0.9638783269961977,2.5576960545647154,0.3333333333333333,0.3333333333333333,0.75,1.4615384615384615,3,4,0,3.25,3.5,10.67549866437912,6,60.0,4,0.27450687500000004,0.3575,0.6959043145179749,0.8912319999999999,0.7871666666666667,0.6213858127593994,0.8912319999999999,0.6167251249999999,4,,0.9,120.0,0,ok,53.61629581451416,
N=6|dead_zone=0.2|link_quality=0.3|n_missions=4|regime=jittery|rrf=60.0,H0,15,3622488151,6,60.0,4,jittery,0.2,0.3,1.0,0.5,0.5,0.0,0.0,0.5,0.4444444444444444,1.5,0.5,0.4444444444444444,,,4,0,0,0.0,0.0,0.0,6,60.0,4,0.2857030625,0.36233333333333334,0.6958263516426086,0.870271875,0.7313333333333333,0.6677032709121704,0.870271875,0.5845688125,5,,0.9,,,ok,11.402458190917969,
N=6|dead_zone=0.2|link_quality=0.3|n_missions=4|regime=jittery|rrf=60.0,H1,14,2821674926,6,60.0,4,jittery,0.2,0.3,1.0,0.75,0.25,0.0,0.0,1.0,0.9638783269961977,2.5576960545647154,0.3333333333333333,0.3333333333333333,0.75,1.4615384615384615,3,4,0,3.25,3.5,10.673916220664978,6,60.0,4,0.27450687500000004,0.3575,0.6959043145179749,0.8912319999999999,0.7871666666666667,0.6213858127593994,0.8912319999999999,0.6167251249999999,4,,0.9,120.0,0,ok,53.44293236732483,
N=6|dead_zone=0.2|link_quality=0.3|n_missions=4|regime=jittery|rrf=60.0,H0,15,3622488151,6,60.0,4,jittery,0.2,0.3,1.0,0.5,0.5,0.0,0.0,0.5,0.4444444444444444,1.5,0.5,0.4444444444444444,,,4,0,0,0.0,0.0,0.0,6,60.0,4,0.2857030625,0.36233333333333334,0.6958263516426086,0.870271875,0.7313333333333333,0.6677032709121704,0.870271875,0.5845688125,5,,0.9,,,ok,11.870470762252808,
N=6|dead_zone=0.2|link_quality=0.3|n_missions=4|regime=jittery|rrf=60.0,H1,15,3622488151,6,60.0,4,jittery,0.2,0.3,1.0,0.5,0.5,0.0,0.0,1.0,0.9407158836689038,2.5395226027180158,0.5,0.4444444444444444,0.5,1.6,2,4,0,2.5,2.0,6.968730568885803,6,60.0,4,0.2857030625,0.36233333333333334,0.6958263516426086,0.9064285625,0.8133333333333334,0.6660127639770508,0.9064285625,0.6207255,3,,0.9,120.0,0,ok,38.07972764968872,
N=6|dead_zone=0.2|link_quality=0.3|n_missions=4|regime=jittery|rrf=60.0,H0,16,114518060,6,60.0,4,jittery,0.2,0.3,1.25,1.0,0.25,0.0,0.0,0.3333333333333333,0.32051282051282054,0.9709505944546686,0.3333333333333333,0.32051282051282054,,,4,0,0,0.0,0.0,0.0,6,60.0,4,0.2696218125,0.35683333333333334,0.6959390640258789,0.9365431875,0.879,0.5852658152580261,0.9365431875,0.666921375,5,,0.9,,,ok,10.398951768875122,
N=6|dead_zone=0.2|link_quality=0.3|n_missions=4|regime=jittery|rrf=60.0,H1,15,3622488151,6,60.0,4,jittery,0.2,0.3,1.5,1.0,0.5,0.5,0.0,1.0,0.9627285513361463,2.5549782766546327,0.6666666666666666,0.6,1.0,1.7272727272727273,4,4,0,2.75,4.0,7.0064573884010315,6,60.0,4,0.2857030625,0.36233333333333334,0.6958263516426086,0.95896275,0.8875,0.5422067046165466,0.95896275,0.6732596875,5,,0.9,120.0,0,ok,38.16220664978027,
N=6|dead_zone=0.2|link_quality=0.3|n_missions=4|regime=jittery|rrf=60.0,H0,16,114518060,6,60.0,4,jittery,0.2,0.3,1.25,1.0,0.25,0.0,0.0,0.3333333333333333,0.32051282051282054,0.9709505944546686,0.3333333333333333,0.32051282051282054,,,4,0,0,0.0,0.0,0.0,6,60.0,4,0.2696218125,0.35683333333333334,0.6959390640258789,0.9365431875,0.879,0.5852658152580261,0.9365431875,0.666921375,5,,0.9,,,ok,11.03454065322876,
N=6|dead_zone=0.2|link_quality=0.3|n_missions=4|regime=jittery|rrf=60.0,H1,16,114518060,6,60.0,4,jittery,0.2,0.3,2.25,1.0,0.75,0.5,0.0,1.0,1.0,2.584962500721156,0.6666666666666666,0.6428571428571429,1.0,2.1818181818181817,4,4,0,2.75,2.75,7.999739229679108,6,60.0,4,0.2696218125,0.35683333333333334,0.6959390640258789,0.9531891875000001,0.857,0.5652763843536377,0.9531891875000001,0.6835673750000002,5,,0.9,120.0,0,ok,42.8169949054718,
N=6|dead_zone=0.2|link_quality=0.3|n_missions=4|regime=jittery|rrf=60.0,H0,17,517022915,6,60.0,4,jittery,0.2,0.3,1.0,0.75,0.25,0.0,0.0,0.5,0.4444444444444444,1.5,0.5,0.4444444444444444,,,4,0,0,0.0,0.0,0.0,6,60.0,4,0.2573641875,0.3575,0.6959485411643982,0.9099908124999999,0.7581666666666667,0.6338491439819336,0.9099908124999999,0.6526266249999999,5,,0.9,,,ok,12.440418004989624,
N=6|dead_zone=0.2|link_quality=0.3|n_missions=4|regime=jittery|rrf=60.0,H1,16,114518060,6,60.0,4,jittery,0.2,0.3,2.25,1.0,0.75,0.5,0.0,1.0,1.0,2.584962500721156,0.6666666666666666,0.6428571428571429,1.0,2.1818181818181817,4,4,0,2.75,2.75,7.936834990978241,6,60.0,4,0.2696218125,0.35683333333333334,0.6959390640258789,0.9531891875000001,0.857,0.5652763843536377,0.9531891875000001,0.6835673750000002,5,,0.9,120.0,0,ok,42.585089683532715,
N=6|dead_zone=0.2|link_quality=0.3|n_missions=4|regime=jittery|rrf=60.0,H0,17,517022915,6,60.0,4,jittery,0.2,0.3,1.0,0.75,0.25,0.0,0.0,0.5,0.4444444444444444,1.5,0.5,0.4444444444444444,,,4,0,0,0.0,0.0,0.0,6,60.0,4,0.2573641875,0.3575,0.6959485411643982,0.9099908124999999,0.7581666666666667,0.6338491439819336,0.9099908124999999,0.6526266249999999,5,,0.9,,,ok,17.842578887939453,
N=6|dead_zone=0.2|link_quality=0.3|n_missions=4|regime=jittery|rrf=60.0,H1,17,517022915,6,60.0,4,jittery,0.2,0.3,2.0,1.0,0.75,0.25,0.0,1.0,1.0,2.584962500721156,0.8333333333333334,0.7619047619047619,1.0,2.0,4,4,0,3.0,2.75,9.43125867843628,6,60.0,4,0.2573641875,0.3575,0.6959485411643982,0.9683854375,0.9056666666666666,0.5856245756149292,0.9683854375,0.7110212499999999,5,3,0.9,120.0,0,ok,48.497870206832886,
N=6|dead_zone=0.2|link_quality=0.3|n_missions=4|regime=jittery|rrf=60.0,H0,18,3584543510,6,60.0,4,jittery,0.2,0.3,1.25,0.75,0.5,0.0,0.0,0.5,0.3787878787878788,1.3709505944546687,0.5,0.3787878787878788,,,4,0,0,0.0,0.0,0.0,6,60.0,4,0.261061125,0.3591666666666667,0.6959506869316101,0.8971511249999999,0.7835,0.626673698425293,0.8971511249999999,0.6360899999999999,5,,0.9,,,ok,11.83292293548584,
N=6|dead_zone=0.2|link_quality=0.3|n_missions=4|regime=jittery|rrf=60.0,H1,17,517022915,6,60.0,4,jittery,0.2,0.3,2.0,1.0,0.75,0.25,0.0,1.0,1.0,2.584962500721156,0.8333333333333334,0.7619047619047619,1.0,2.0,4,4,0,3.0,2.75,9.481352686882019,6,60.0,4,0.2573641875,0.3575,0.6959485411643982,0.9683854375,0.9056666666666666,0.5856245756149292,0.9683854375,0.7110212499999999,5,3,0.9,120.0,0,ok,49.058271408081055,
N=6|dead_zone=0.2|link_quality=0.3|n_missions=4|regime=jittery|rrf=60.0,H0,18,3584543510,6,60.0,4,jittery,0.2,0.3,1.25,0.75,0.5,0.0,0.0,0.5,0.3787878787878788,1.3709505944546687,0.5,0.3787878787878788,,,4,0,0,0.0,0.0,0.0,6,60.0,4,0.261061125,0.3591666666666667,0.6959506869316101,0.8971511249999999,0.7835,0.626673698425293,0.8971511249999999,0.6360899999999999,5,,0.9,,,ok,12.362925052642822,
N=6|dead_zone=0.2|link_quality=0.3|n_missions=4|regime=jittery|rrf=60.0,H1,18,3584543510,6,60.0,4,jittery,0.2,0.3,2.5,0.75,0.75,0.75,0.0,1.0,0.9908256880733946,2.5782520862715406,1.0,0.8333333333333334,0.75,1.5,3,4,0,3.5,3.0,7.816490828990936,6,60.0,4,0.261061125,0.3591666666666667,0.6959506869316101,0.931908625,0.8516666666666667,0.6313255429267883,0.931908625,0.6708475,4,,0.9,120.0,0,ok,41.407121896743774,
N=6|dead_zone=0.2|link_quality=0.3|n_missions=4|regime=jittery|rrf=60.0,H0,19,578403063,6,60.0,4,jittery,0.2,0.3,0.75,0.75,0.0,0.0,0.0,0.3333333333333333,0.3,0.9182958340544896,0.3333333333333333,0.3,,,4,0,0,0.0,0.0,0.0,6,60.0,4,0.256320625,0.3561666666666667,0.6959835886955261,0.9207127499999999,0.7901666666666667,0.6443738341331482,0.9207127499999999,0.6643921249999998,5,,0.9,,,ok,9.88187837600708,
N=6|dead_zone=0.2|link_quality=0.3|n_missions=4|regime=jittery|rrf=60.0,H1,18,3584543510,6,60.0,4,jittery,0.2,0.3,2.5,0.75,0.75,0.75,0.0,1.0,0.9908256880733946,2.5782520862715406,1.0,0.8333333333333334,0.75,1.5,3,4,0,3.5,3.0,7.798059046268463,6,60.0,4,0.261061125,0.3591666666666667,0.6959506869316101,0.931908625,0.8516666666666667,0.6313255429267883,0.931908625,0.6708475,4,,0.9,120.0,0,ok,41.5678071975708,
N=6|dead_zone=0.2|link_quality=0.3|n_missions=4|regime=jittery|rrf=60.0,H0,19,578403063,6,60.0,4,jittery,0.2,0.3,0.75,0.75,0.0,0.0,0.0,0.3333333333333333,0.3,0.9182958340544896,0.3333333333333333,0.3,,,4,0,0,0.0,0.0,0.0,6,60.0,4,0.256320625,0.3561666666666667,0.6959835886955261,0.9207127499999999,0.7901666666666667,0.6443738341331482,0.9207127499999999,0.6643921249999998,5,,0.9,,,ok,10.760797500610352,
N=6|dead_zone=0.2|link_quality=0.3|n_missions=4|regime=jittery|rrf=60.0,H1,19,578403063,6,60.0,4,jittery,0.2,0.3,1.5,1.0,0.25,0.25,0.0,1.0,0.9003115264797508,2.495824228840344,0.5,0.5,1.0,1.3333333333333333,4,4,0,3.0,4.75,7.981650769710541,6,60.0,4,0.256320625,0.3561666666666667,0.6959835886955261,0.9511835625,0.8353333333333334,0.5940207242965698,0.9511835625,0.6948629374999999,5,,0.9,120.0,0,ok,43.109039068222046,
N=6|dead_zone=0.2|link_quality=0.5|n_missions=4|regime=jittery|rrf=60.0,H0,0,1125387818,6,60.0,4,jittery,0.2,0.5,1.25,0.75,0.5,0.0,0.0,0.6666666666666666,0.5952380952380952,1.9219280948873623,0.6666666666666666,0.5952380952380952,,,4,0,0,0.0,0.0,0.0,6,60.0,4,0.2561405625,0.35683333333333334,0.6959709525108337,0.9212560625,0.815,0.6509621739387512,0.9212560625,0.6651155,5,,0.9,,,ok,14.108551263809204,
N=6|dead_zone=0.2|link_quality=0.3|n_missions=4|regime=jittery|rrf=60.0,H1,19,578403063,6,60.0,4,jittery,0.2,0.3,1.5,1.0,0.25,0.25,0.0,1.0,0.9003115264797508,2.495824228840344,0.5,0.5,1.0,1.3333333333333333,4,4,0,3.0,4.75,7.957402348518372,6,60.0,4,0.256320625,0.3561666666666667,0.6959835886955261,0.9511835625,0.8353333333333334,0.5940207242965698,0.9511835625,0.6948629374999999,5,,0.9,120.0,0,ok,42.573877573013306,
N=6|dead_zone=0.2|link_quality=0.5|n_missions=4|regime=jittery|rrf=60.0,H0,0,1125387818,6,60.0,4,jittery,0.2,0.5,1.25,0.75,0.5,0.0,0.0,0.6666666666666666,0.5952380952380952,1.9219280948873623,0.6666666666666666,0.5952380952380952,,,4,0,0,0.0,0.0,0.0,6,60.0,4,0.2561405625,0.35683333333333334,0.6959709525108337,0.9212560625,0.815,0.6509621739387512,0.9212560625,0.6651155,5,,0.9,,,ok,14.564631223678589,
N=6|dead_zone=0.2|link_quality=0.5|n_missions=4|regime=jittery|rrf=60.0,H1,0,1125387818,6,60.0,4,jittery,0.2,0.5,1.5,1.0,0.5,0.5,0.0,1.0,0.9496124031007752,2.5410778334035165,0.8333333333333334,0.75,1.0,2.4285714285714284,4,4,0,1.75,3.0,5.6342931389808655,6,60.0,4,0.2561405625,0.35683333333333334,0.6959709525108337,0.9833818749999998,0.802,0.5682682394981384,0.9833818749999998,0.7272413124999999,5,,0.9,120.0,0,ok,32.663124084472656,
N=6|dead_zone=0.2|link_quality=0.5|n_missions=4|regime=jittery|rrf=60.0,H0,1,2549584357,6,60.0,4,jittery,0.2,0.5,1.75,1.0,0.75,0.0,0.0,0.6666666666666666,0.5444444444444444,1.8423709931771088,0.6666666666666666,0.5444444444444444,,,4,0,0,0.0,0.0,0.0,6,60.0,4,0.27515456250000003,0.35983333333333334,0.6959079504013062,0.9494326875,0.9045,0.5642905235290527,0.9494326875,0.674278125,5,4,0.9,,,ok,15.699825763702393,
N=6|dead_zone=0.2|link_quality=0.5|n_missions=4|regime=jittery|rrf=60.0,H1,0,1125387818,6,60.0,4,jittery,0.2,0.5,1.5,1.0,0.5,0.5,0.0,1.0,0.9496124031007752,2.5410778334035165,0.8333333333333334,0.75,1.0,2.4285714285714284,4,4,0,1.75,3.0,5.7590014934539795,6,60.0,4,0.2561405625,0.35683333333333334,0.6959709525108337,0.9833818749999998,0.802,0.5682682394981384,0.9833818749999998,0.7272413124999999,5,,0.9,120.0,0,ok,33.54648280143738,
N=6|dead_zone=0.2|link_quality=0.5|n_missions=4|regime=jittery|rrf=60.0,H0,1,2549584357,6,60.0,4,jittery,0.2,0.5,1.75,1.0,0.75,0.0,0.0,0.6666666666666666,0.5444444444444444,1.8423709931771088,0.6666666666666666,0.5444444444444444,,,4,0,0,0.0,0.0,0.0,6,60.0,4,0.27515456250000003,0.35983333333333334,0.6959079504013062,0.9494326875,0.9045,0.5642905235290527,0.9494326875,0.674278125,5,4,0.9,,,ok,14.625437021255493,
N=6|dead_zone=0.2|link_quality=0.5|n_missions=4|regime=jittery|rrf=60.0,H1,1,2549584357,6,60.0,4,jittery,0.2,0.5,2.5,1.0,1.0,0.5,0.0,1.0,1.0,2.584962500721156,0.8333333333333334,0.7575757575757576,1.0,2.4,4,4,0,2.5,2.75,8.669785737991333,6,60.0,4,0.27515456250000003,0.35983333333333334,0.6959079504013062,0.9447732499999999,0.8776666666666667,0.5873435735702515,0.9447732499999999,0.6696186874999999,5,,0.9,120.0,0,ok,45.15480709075928,
N=6|dead_zone=0.2|link_quality=0.5|n_missions=4|regime=jittery|rrf=60.0,H0,2,3510487655,6,60.0,4,jittery,0.2,0.5,1.0,1.0,0.0,0.0,0.0,0.3333333333333333,0.3333333333333333,1.0,0.3333333333333333,0.3333333333333333,,,4,0,0,0.0,0.0,0.0,6,60.0,4,0.260760125,0.3561666666666667,0.6959506869316101,0.9269460000000002,0.7973333333333333,0.5714691281318665,0.9270292500000001,0.6661858750000001,5,,0.9,,,ok,10.388352870941162,
N=6|dead_zone=0.2|link_quality=0.5|n_missions=4|regime=jittery|rrf=60.0,H1,1,2549584357,6,60.0,4,jittery,0.2,0.5,2.5,1.0,1.0,0.5,0.0,1.0,1.0,2.584962500721156,0.8333333333333334,0.7575757575757576,1.0,2.4,4,4,0,2.5,2.5,8.644467651844025,6,60.0,4,0.27515456250000003,0.35983333333333334,0.6959079504013062,0.9447732499999999,0.8776666666666667,0.5873435735702515,0.9447732499999999,0.6696186874999999,5,,0.9,120.0,0,ok,44.742799043655396,
N=6|dead_zone=0.2|link_quality=0.5|n_missions=4|regime=jittery|rrf=60.0,H0,2,3510487655,6,60.0,4,jittery,0.2,0.5,1.0,1.0,0.0,0.0,0.0,0.3333333333333333,0.3333333333333333,1.0,0.3333333333333333,0.3333333333333333,,,4,0,0,0.0,0.0,0.0,6,60.0,4,0.260760125,0.3561666666666667,0.6959506869316101,0.9269460000000002,0.7973333333333333,0.5714691281318665,0.9270292500000001,0.6661858750000001,5,,0.9,,,ok,10.477598190307617,
N=6|dead_zone=0.2|link_quality=0.5|n_missions=4|regime=jittery|rrf=60.0,H1,2,3510487655,6,60.0,4,jittery,0.2,0.5,2.0,1.0,1.0,0.0,0.0,1.0,0.9941176470588236,2.580689952806082,0.8333333333333334,0.6666666666666666,1.0,1.5833333333333333,4,4,0,3.0,3.5,9.252261757850647,6,60.0,4,0.260760125,0.3561666666666667,0.6959506869316101,0.9509099375000001,0.9,0.5754525065422058,0.9509099375000001,0.6901498125000001,5,4,0.9,120.0,0,ok,47.70539593696594,
N=6|dead_zone=0.2|link_quality=0.5|n_missions=4|regime=jittery|rrf=60.0,H0,3,2967462570,6,60.0,4,jittery,0.2,0.5,2.25,1.0,1.0,0.25,0.0,0.6666666666666666,0.6428571428571429,1.974937501201927,0.6666666666666666,0.6428571428571429,,,4,0,0,0.0,0.0,0.0,6,60.0,4,0.2578119375,0.357,0.6959769129753113,0.95545475,0.8436666666666667,0.5696526765823364,0.95545475,0.6976428125,5,,0.9,,,ok,15.054797172546387,
N=6|dead_zone=0.2|link_quality=0.5|n_missions=4|regime=jittery|rrf=60.0,H1,2,3510487655,6,60.0,4,jittery,0.2,0.5,2.0,1.0,1.0,0.0,0.0,1.0,0.9941176470588236,2.580689952806082,0.8333333333333334,0.6666666666666666,1.0,1.5833333333333333,4,4,0,3.0,3.5,9.215872049331665,6,60.0,4,0.260760125,0.3561666666666667,0.6959506869316101,0.9509099375000001,0.9,0.5754525065422058,0.9509099375000001,0.6901498125000001,5,4,0.9,120.0,0,ok,47.583765745162964,
N=6|dead_zone=0.2|link_quality=0.5|n_missions=4|regime=jittery|rrf=60.0,H0,3,2967462570,6,60.0,4,jittery,0.2,0.5,2.25,1.0,1.0,0.25,0.0,0.6666666666666666,0.6428571428571429,1.974937501201927,0.6666666666666666,0.6428571428571429,,,4,0,0,0.0,0.0,0.0,6,60.0,4,0.2578119375,0.357,0.6959769129753113,0.95545475,0.8436666666666667,0.5696526765823364,0.95545475,0.6976428125,5,,0.9,,,ok,14.947722673416138,
N=6|dead_zone=0.2|link_quality=0.5|n_missions=4|regime=jittery|rrf=60.0,H1,3,2967462570,6,60.0,4,jittery,0.2,0.5,1.75,0.75,0.5,0.25,0.0,1.0,0.9801864801864801,2.570439739002145,0.8333333333333334,0.6282051282051282,0.75,1.4,2,4,0,2.5,3.0,6.013008177280426,6,60.0,4,0.2578119375,0.357,0.6959769129753113,0.8482876875,0.5748333333333333,0.6719517111778259,0.8482876875,0.5904757500000001,3,,0.9,120.0,0,ok,34.321110010147095,
N=6|dead_zone=0.2|link_quality=0.5|n_missions=4|regime=jittery|rrf=60.0,H0,4,3254545573,6,60.0,4,jittery,0.2,0.5,0.75,0.5,0.25,0.0,0.0,0.5,0.5,1.584962500721156,0.5,0.5,,,4,0,0,0.0,0.0,0.0,6,60.0,4,0.257962375,0.3555,0.6959430575370789,0.8895816875,0.7951666666666667,0.664861261844635,0.8895816875,0.6316193125,5,,0.9,,,ok,18.42694878578186,
N=6|dead_zone=0.2|link_quality=0.5|n_missions=4|regime=jittery|rrf=60.0,H1,3,2967462570,6,60.0,4,jittery,0.2,0.5,1.75,0.75,0.5,0.25,0.0,1.0,0.9801864801864801,2.570439739002145,0.8333333333333334,0.6282051282051282,0.75,1.4,2,4,0,2.5,3.0,6.016764223575592,6,60.0,4,0.2578119375,0.357,0.6959769129753113,0.8482876875,0.5748333333333333,0.6719517111778259,0.8482876875,0.5904757500000001,3,,0.9,120.0,0,ok,34.62001872062683,
N=6|dead_zone=0.2|link_quality=0.5|n_missions=4|regime=jittery|rrf=60.0,H0,4,3254545573,6,60.0,4,jittery,0.2,0.5,0.75,0.5,0.25,0.0,0.0,0.5,0.5,1.584962500721156,0.5,0.5,,,4,0,0,0.0,0.0,0.0,6,60.0,4,0.257962375,0.3555,0.6959430575370789,0.8895816875,0.7951666666666667,0.664861261844635,0.8895816875,0.6316193125,5,,0.9,,,ok,11.352821350097656,
N=6|dead_zone=0.2|link_quality=0.5|n_missions=4|regime=jittery|rrf=60.0,H1,4,3254545573,6,60.0,4,jittery,0.2,0.5,1.5,0.5,0.5,0.5,0.0,1.0,0.9959349593495935,2.581896859914352,0.6666666666666666,0.6,0.5,1.4285714285714286,2,4,0,3.5,2.0,9.770561218261719,6,60.0,4,0.257962375,0.3555,0.6959430575370789,0.8738378124999999,0.7521666666666667,0.6609671711921692,0.8738378124999999,0.6158754375,3,,0.9,120.0,0,ok,49.68758988380432,
N=6|dead_zone=0.2|link_quality=0.5|n_missions=4|regime=jittery|rrf=60.0,H0,5,2669851898,6,60.0,4,jittery,0.2,0.5,1.75,0.75,0.75,0.25,0.0,0.8333333333333334,0.7424242424242424,2.2359263506290326,0.8333333333333334,0.7424242424242424,,,4,0,0,0.0,0.0,0.0,6,60.0,4,0.258039875,0.3556666666666667,0.6959676146507263,0.9059827500000001,0.8313333333333334,0.6392939686775208,0.9059827500000001,0.647942875,5,,0.9,,,ok,16.38861322402954,
N=6|dead_zone=0.2|link_quality=0.5|n_missions=4|regime=jittery|rrf=60.0,H1,4,3254545573,6,60.0,4,jittery,0.2,0.5,1.5,0.5,0.5,0.5,0.0,1.0,0.9959349593495935,2.581896859914352,0.6666666666666666,0.6,0.5,1.4285714285714286,2,4,0,3.5,2.0,9.62207305431366,6,60.0,4,0.257962375,0.3555,0.6959430575370789,0.8738378124999999,0.7521666666666667,0.6609671711921692,0.8738378124999999,0.6158754375,3,,0.9,120.0,0,ok,49.24305582046509,
N=6|dead_zone=0.2|link_quality=0.5|n_missions=4|regime=jittery|rrf=60.0,H0,5,2669851898,6,60.0,4,jittery,0.2,0.5,1.75,0.75,0.75,0.25,0.0,0.8333333333333334,0.7424242424242424,2.2359263506290326,0.8333333333333334,0.7424242424242424,,,4,0,0,0.0,0.0,0.0,6,60.0,4,0.258039875,0.3556666666666667,0.6959676146507263,0.9059827500000001,0.8313333333333334,0.6392939686775208,0.9059827500000001,0.647942875,5,,0.9,,,ok,17.146040678024292,
N=6|dead_zone=0.2|link_quality=0.5|n_missions=4|regime=jittery|rrf=60.0,H1,5,2669851898,6,60.0,4,jittery,0.2,0.5,2.75,1.0,1.0,0.5,0.0,1.0,1.0,2.584962500721156,1.0,0.8768115942028986,1.0,2.4,4,4,0,2.5,2.75,7.192773282527924,6,60.0,4,0.258039875,0.3556666666666667,0.6959676146507263,0.9579293124999999,0.8243333333333334,0.5570393800735474,0.9579293124999999,0.6998894375,5,,0.9,120.0,0,ok,39.10332751274109,
N=6|dead_zone=0.2|link_quality=0.5|n_missions=4|regime=jittery|rrf=60.0,H0,6,252683462,6,60.0,4,jittery,0.2,0.5,1.25,0.75,0.5,0.0,0.0,0.6666666666666666,0.5952380952380952,1.9219280948873623,0.6666666666666666,0.5952380952380952,,,4,0,0,0.0,0.0,0.0,6,60.0,4,0.2685341875,0.357,0.6959136724472046,0.9427419375,0.8276666666666667,0.6430028676986694,0.9427419375,0.67420775,5,,0.9,,,ok,14.527226686477661,
N=6|dead_zone=0.2|link_quality=0.5|n_missions=4|regime=jittery|rrf=60.0,H1,5,2669851898,6,60.0,4,jittery,0.2,0.5,2.75,1.0,1.0,0.5,0.0,1.0,1.0,2.584962500721156,1.0,0.8768115942028986,1.0,2.4,4,4,0,2.5,2.75,7.211093068122864,6,60.0,4,0.258039875,0.3556666666666667,0.6959676146507263,0.9579293124999999,0.8243333333333334,0.5570393800735474,0.9579293124999999,0.6998894375,5,,0.9,120.0,0,ok,38.784972190856934,
N=6|dead_zone=0.2|link_quality=0.5|n_missions=4|regime=jittery|rrf=60.0,H0,6,252683462,6,60.0,4,jittery,0.2,0.5,1.25,0.75,0.5,0.0,0.0,0.6666666666666666,0.5952380952380952,1.9219280948873623,0.6666666666666666,0.5952380952380952,,,4,0,0,0.0,0.0,0.0,6,60.0,4,0.2685341875,0.357,0.6959136724472046,0.9427419375,0.8276666666666667,0.6430028676986694,0.9427419375,0.67420775,5,,0.9,,,ok,14.272652864456177,
N=6|dead_zone=0.2|link_quality=0.5|n_missions=4|regime=jittery|rrf=60.0,H1,6,252683462,6,60.0,4,jittery,0.2,0.5,1.25,1.0,0.25,0.25,0.0,1.0,0.9377289377289377,2.537101752714581,0.5,0.3787878787878788,1.0,1.1666666666666667,4,4,0,3.0,4.0,7.6013577580451965,6,60.0,4,0.2685341875,0.357,0.6959136724472046,0.9181472500000001,0.8125,0.5646204948425293,0.9181472500000001,0.6496130625000001,5,,0.9,120.0,0,ok,40.789002895355225,
N=6|dead_zone=0.2|link_quality=0.5|n_missions=4|regime=jittery|rrf=60.0,H0,7,4290118643,6,60.0,4,jittery,0.2,0.5,1.25,0.75,0.25,0.25,0.0,0.6666666666666666,0.5952380952380952,1.9219280948873623,0.6666666666666666,0.5952380952380952,,,4,0,0,0.0,0.0,0.0,6,60.0,4,0.2593896875,0.35983333333333334,0.6959757208824158,0.9502582500000001,0.7973333333333333,0.6289782524108887,0.9502582500000001,0.6908685625000001,5,,0.9,,,ok,14.146729230880737,
N=6|dead_zone=0.2|link_quality=0.5|n_missions=4|regime=jittery|rrf=60.0,H1,6,252683462,6,60.0,4,jittery,0.2,0.5,1.25,1.0,0.25,0.25,0.0,1.0,0.9377289377289377,2.537101752714581,0.5,0.3787878787878788,1.0,1.1666666666666667,4,4,0,3.0,4.0,7.563264727592468,6,60.0,4,0.2685341875,0.357,0.6959136724472046,0.9181472500000001,0.8125,0.5646204948425293,0.9181472500000001,0.6496130625000001,5,,0.9,120.0,0,ok,40.363664865493774,
N=6|dead_zone=0.2|link_quality=0.5|n_missions=4|regime=jittery|rrf=60.0,H0,7,4290118643,6,60.0,4,jittery,0.2,0.5,1.25,0.75,0.25,0.25,0.0,0.6666666666666666,0.5952380952380952,1.9219280948873623,0.6666666666666666,0.5952380952380952,,,4,0,0,0.0,0.0,0.0,6,60.0,4,0.2593896875,0.35983333333333334,0.6959757208824158,0.9502582500000001,0.7973333333333333,0.6289782524108887,0.9502582500000001,0.6908685625000001,5,,0.9,,,ok,14.064446210861206,
N=6|dead_zone=0.2|link_quality=0.5|n_missions=4|regime=jittery|rrf=60.0,H1,7,4290118643,6,60.0,4,jittery,0.2,0.5,0.75,0.5,0.25,0.0,0.0,1.0,0.9918032786885246,2.578992712198113,0.3333333333333333,0.3,0.5,1.5,2,4,0,3.0,2.0,9.045626401901245,6,60.0,4,0.2593896875,0.35983333333333334,0.6959757208824158,0.8369050625,0.668,0.6746516823768616,0.8369050625,0.5775153749999999,3,,0.9,120.0,0,ok,46.37404489517212,
N=6|dead_zone=0.2|link_quality=0.5|n_missions=4|regime=jittery|rrf=60.0,H0,8,3730797270,6,60.0,4,jittery,0.2,0.5,1.5,1.0,0.25,0.25,0.0,0.6666666666666666,0.6,1.9182958340544896,0.6666666666666666,0.6,,,4,0,0,0.0,0.0,0.0,6,60.0,4,0.28749212500000004,0.3576666666666667,0.6958206295967102,0.9588888125,0.89,0.586792528629303,0.9588888125,0.6713966874999999,5,,0.9,,,ok,14.40163779258728,
N=6|dead_zone=0.2|link_quality=0.5|n_missions=4|regime=jittery|rrf=60.0,H1,7,4290118643,6,60.0,4,jittery,0.2,0.5,0.75,0.5,0.25,0.0,0.0,1.0,0.9918032786885246,2.578992712198113,0.3333333333333333,0.3,0.5,1.5,2,4,0,3.0,2.0,9.03294426202774,6,60.0,4,0.2593896875,0.35983333333333334,0.6959757208824158,0.8369050625,0.668,0.6746516823768616,0.8369050625,0.5775153749999999,3,,0.9,120.0,0,ok,47.036752700805664,
N=6|dead_zone=0.2|link_quality=0.5|n_missions=4|regime=jittery|rrf=60.0,H0,8,3730797270,6,60.0,4,jittery,0.2,0.5,1.5,1.0,0.25,0.25,0.0,0.6666666666666666,0.6,1.9182958340544896,0.6666666666666666,0.6,,,4,0,0,0.0,0.0,0.0,6,60.0,4,0.28749212500000004,0.3576666666666667,0.6958206295967102,0.9588888125,0.89,0.586792528629303,0.9588888125,0.6713966874999999,5,,0.9,,,ok,14.631324768066406,
N=6|dead_zone=0.2|link_quality=0.5|n_missions=4|regime=jittery|rrf=60.0,H1,8,3730797270,6,60.0,4,jittery,0.2,0.5,2.75,1.0,1.0,0.5,0.0,1.0,1.0,2.584962500721156,1.0,0.9603174603174603,1.0,2.0,4,4,0,3.0,3.0,8.666704893112183,6,60.0,4,0.28749212500000004,0.3576666666666667,0.6958206295967102,0.9479008124999999,0.8203333333333334,0.5726742148399353,0.9479008124999999,0.6604086874999999,5,,0.9,120.0,0,ok,44.657084465026855,
N=6|dead_zone=0.2|link_quality=0.5|n_missions=4|regime=jittery|rrf=60.0,H0,9,2691222638,6,60.0,4,jittery,0.2,0.5,2.5,1.0,0.75,0.5,0.0,0.6666666666666666,0.5952380952380952,1.9219280948873623,0.6666666666666666,0.5952380952380952,,,4,0,0,0.0,0.0,0.0,6,60.0,4,0.281604125,0.354,0.69586580991745,0.9400593125,0.8773333333333333,0.5610219836235046,0.9400593125,0.6584551875,5,,0.9,,,ok,14.974853515625,
N=6|dead_zone=0.2|link_quality=0.5|n_missions=4|regime=jittery|rrf=60.0,H1,8,3730797270,6,60.0,4,jittery,0.2,0.5,2.75,1.0,1.0,0.5,0.0,1.0,1.0,2.584962500721156,1.0,0.9603174603174603,1.0,2.0,4,4,0,3.0,3.0,8.650975823402405,6,60.0,4,0.28749212500000004,0.3576666666666667,0.6958206295967102,0.9479008124999999,0.8203333333333334,0.5726742148399353,0.9479008124999999,0.6604086874999999,5,,0.9,120.0,0,ok,44.68463969230652,
N=6|dead_zone=0.2|link_quality=0.5|n_missions=4|regime=jittery|rrf=60.0,H0,9,2691222638,6,60.0,4,jittery,0.2,0.5,2.5,1.0,0.75,0.5,0.0,0.6666666666666666,0.5952380952380952,1.9219280948873623,0.6666666666666666,0.5952380952380952,,,4,0,0,0.0,0.0,0.0,6,60.0,4,0.281604125,0.354,0.69586580991745,0.9400593125,0.8773333333333333,0.5610219836235046,0.9400593125,0.6584551875,5,,0.9,,,ok,15.683750867843628,
N=6|dead_zone=0.2|link_quality=0.5|n_missions=4|regime=jittery|rrf=60.0,H1,9,2691222638,6,60.0,4,jittery,0.2,0.5,2.0,1.0,0.75,0.25,0.0,1.0,0.9818181818181818,2.571541671821925,1.0,0.8888888888888888,1.0,2.0,4,4,0,2.25,3.0,6.428148984909058,6,60.0,4,0.281604125,0.354,0.69586580991745,0.95285425,0.795,0.5625218749046326,0.95285425,0.671250125,5,,0.9,120.0,0,ok,35.91160869598389,
N=6|dead_zone=0.2|link_quality=0.5|n_missions=4|regime=jittery|rrf=60.0,H0,10,3808161416,6,60.0,4,jittery,0.2,0.5,1.5,1.0,0.5,0.0,0.0,0.5,0.42857142857142855,1.4591479170272448,0.5,0.42857142857142855,,,4,0,0,0.0,0.0,0.0,6,60.0,4,0.27919931249999996,0.35483333333333333,0.695874035358429,0.9415481874999999,0.8733333333333333,0.5634082555770874,0.9415481874999999,0.662348875,5,,0.9,,,ok,12.610737085342407,
N=6|dead_zone=0.2|link_quality=0.5|n_missions=4|regime=jittery|rrf=60.0,H1,9,2691222638,6,60.0,4,jittery,0.2,0.5,2.0,1.0,0.75,0.25,0.0,1.0,0.9818181818181818,2.571541671821925,1.0,0.8888888888888888,1.0,2.0,4,4,0,2.25,3.0,6.50456577539444,6,60.0,4,0.281604125,0.354,0.69586580991745,0.95285425,0.795,0.5625218749046326,0.95285425,0.671250125,5,,0.9,120.0,0,ok,36.21106219291687,
N=6|dead_zone=0.2|link_quality=0.5|n_missions=4|regime=jittery|rrf=60.0,H0,10,3808161416,6,60.0,4,jittery,0.2,0.5,1.5,1.0,0.5,0.0,0.0,0.5,0.42857142857142855,1.4591479170272448,0.5,0.42857142857142855,,,4,0,0,0.0,0.0,0.0,6,60.0,4,0.27919931249999996,0.35483333333333333,0.695874035358429,0.9415481874999999,0.8733333333333333,0.5634082555770874,0.9415481874999999,0.662348875,5,,0.9,,,ok,12.572523832321167,
N=6|dead_zone=0.2|link_quality=0.5|n_missions=4|regime=jittery|rrf=60.0,H1,10,3808161416,6,60.0,4,jittery,0.2,0.5,2.0,1.0,0.75,0.25,0.0,1.0,1.0,2.584962500721156,0.8333333333333334,0.7619047619047619,1.0,2.0,4,4,0,3.0,3.0,8.738744497299194,6,60.0,4,0.27919931249999996,0.35483333333333333,0.695874035358429,0.9579900625000001,0.8841666666666667,0.5697379112243652,0.9579900625000001,0.6787907500000001,5,,0.9,120.0,0,ok,45.19084095954895,
N=6|dead_zone=0.2|link_quality=0.5|n_missions=4|regime=jittery|rrf=60.0,H0,11,804503072,6,60.0,4,jittery,0.2,0.5,0.5,0.5,0.0,0.0,0.0,0.3333333333333333,0.3333333333333333,1.0,0.3333333333333333,0.3333333333333333,,,4,0,0,0.0,0.0,0.0,6,60.0,4,0.279969125,0.36133333333333334,0.6958504319190979,0.8242308125,0.7483333333333333,0.6686084866523743,0.8242308125,0.5442616874999999,5,,0.9,,,ok,9.334126710891724,
N=6|dead_zone=0.2|link_quality=0.5|n_missions=4|regime=jittery|rrf=60.0,H1,10,3808161416,6,60.0,4,jittery,0.2,0.5,2.0,1.0,0.75,0.25,0.0,1.0,1.0,2.584962500721156,0.8333333333333334,0.7619047619047619,1.0,2.0,4,4,0,3.0,3.0,8.70197480916977,6,60.0,4,0.27919931249999996,0.35483333333333333,0.695874035358429,0.9579900625000001,0.8841666666666667,0.5697379112243652,0.9579900625000001,0.6787907500000001,5,,0.9,120.0,0,ok,45.068586587905884,
N=6|dead_zone=0.2|link_quality=0.5|n_missions=4|regime=jittery|rrf=60.0,H0,11,804503072,6,60.0,4,jittery,0.2,0.5,0.5,0.5,0.0,0.0,0.0,0.3333333333333333,0.3333333333333333,1.0,0.3333333333333333,0.3333333333333333,,,4,0,0,0.0,0.0,0.0,6,60.0,4,0.279969125,0.36133333333333334,0.6958504319190979,0.8242308125,0.7483333333333333,0.6686084866523743,0.8242308125,0.5442616874999999,5,,0.9,,,ok,15.069918632507324,
N=6|dead_zone=0.2|link_quality=0.5|n_missions=4|regime=jittery|rrf=60.0,H1,11,804503072,6,60.0,4,jittery,0.2,0.5,1.25,1.0,0.25,0.25,0.0,1.0,0.9603174603174603,2.5555489577791533,0.6666666666666666,0.5952380952380952,1.0,1.3636363636363635,3,4,0,2.75,4.0,6.913361370563507,6,60.0,4,0.279969125,0.36133333333333334,0.6958504319190979,0.9211286249999999,0.797,0.6427828073501587,0.9211286249999999,0.6411594999999999,4,,0.9,120.0,0,ok,37.79913568496704,
N=6|dead_zone=0.2|link_quality=0.5|n_missions=4|regime=jittery|rrf=60.0,H0,12,4162853654,6,60.0,4,jittery,0.2,0.5,2.5,1.0,1.0,0.5,0.0,0.6666666666666666,0.5952380952380952,1.895461844238322,0.6666666666666666,0.5952380952380952,,,4,0,0,0.0,0.0,0.0,6,60.0,4,0.257098,0.3566666666666667,0.6959884166717529,0.95385425,0.7956666666666666,0.5596218705177307,0.95385425,0.69675625,5,,0.9,,,ok,15.559377908706665,
N=6|dead_zone=0.2|link_quality=0.5|n_missions=4|regime=jittery|rrf=60.0,H1,11,804503072,6,60.0,4,jittery,0.2,0.5,1.25,1.0,0.25,0.25,0.0,1.0,0.9603174603174603,2.5555489577791533,0.6666666666666666,0.5952380952380952,1.0,1.3636363636363635,3,4,0,2.75,4.0,6.952365934848785,6,60.0,4,0.279969125,0.36133333333333334,0.6958504319190979,0.9211286249999999,0.797,0.6427828073501587,0.9211286249999999,0.6411594999999999,4,,0.9,120.0,0,ok,38.1042046546936,
N=6|dead_zone=0.2|link_quality=0.5|n_missions=4|regime=jittery|rrf=60.0,H0,12,4162853654,6,60.0,4,jittery,0.2,0.5,2.5,1.0,1.0,0.5,0.0,0.6666666666666666,0.5952380952380952,1.895461844238322,0.6666666666666666,0.5952380952380952,,,4,0,0,0.0,0.0,0.0,6,60.0,4,0.257098,0.3566666666666667,0.6959884166717529,0.95385425,0.7956666666666666,0.5596218705177307,0.95385425,0.69675625,5,,0.9,,,ok,15.704561710357666,
N=6|dead_zone=0.2|link_quality=0.5|n_missions=4|regime=jittery|rrf=60.0,H1,12,4162853654,6,60.0,4,jittery,0.2,0.5,1.5,1.0,0.25,0.25,0.0,1.0,0.9676145339652449,2.5597927486050476,0.8333333333333334,0.75,1.0,1.7,4,4,0,2.5,4.0,7.173833549022675,6,60.0,4,0.257098,0.3566666666666667,0.6959884166717529,0.9594637500000001,0.7936666666666666,0.5590001344680786,0.9594637500000001,0.70236575,5,,0.9,120.0,0,ok,38.799704790115356,
N=6|dead_zone=0.2|link_quality=0.5|n_missions=4|regime=jittery|rrf=60.0,H0,13,1922365360,6,60.0,4,jittery,0.2,0.5,2.0,1.0,0.5,0.25,0.0,0.8333333333333334,0.7619047619047619,2.25,0.8333333333333334,0.7619047619047619,,,4,0,0,0.0,0.0,0.0,6,60.0,4,0.27307975,0.3556666666666667,0.6959109902381897,0.9647526250000001,0.7913333333333333,0.554715096950531,0.9647526250000001,0.6916728750000001,5,,0.9,,,ok,17.57141351699829,
N=6|dead_zone=0.2|link_quality=0.5|n_missions=4|regime=jittery|rrf=60.0,H1,12,4162853654,6,60.0,4,jittery,0.2,0.5,1.5,1.0,0.25,0.25,0.0,1.0,0.9676145339652449,2.5597927486050476,0.8333333333333334,0.75,1.0,1.7,4,4,0,2.5,4.0,7.1824212074279785,6,60.0,4,0.257098,0.3566666666666667,0.6959884166717529,0.9594637500000001,0.7936666666666666,0.5590001344680786,0.9594637500000001,0.70236575,5,,0.9,120.0,0,ok,38.903653621673584,
N=6|dead_zone=0.2|link_quality=0.5|n_missions=4|regime=jittery|rrf=60.0,H0,13,1922365360,6,60.0,4,jittery,0.2,0.5,2.0,1.0,0.5,0.25,0.0,0.8333333333333334,0.7619047619047619,2.25,0.8333333333333334,0.7619047619047619,,,4,0,0,0.0,0.0,0.0,6,60.0,4,0.27307975,0.3556666666666667,0.6959109902381897,0.9647526250000001,0.7913333333333333,0.554715096950531,0.9647526250000001,0.6916728750000001,5,,0.9,,,ok,17.973430395126343,
N=6|dead_zone=0.2|link_quality=0.5|n_missions=4|regime=jittery|rrf=60.0,H1,13,1922365360,6,60.0,4,jittery,0.2,0.5,1.0,0.75,0.25,0.25,0.0,1.0,0.953514739229025,2.5478527723796076,0.6666666666666666,0.6666666666666666,0.75,1.3333333333333333,3,4,0,3.0,3.75,8.577649712562561,6,60.0,4,0.27307975,0.3556666666666667,0.6959109902381897,0.89829,0.8378333333333333,0.6264733672142029,0.89829,0.6252102500000001,4,,0.9,120.0,0,ok,44.9530508518219,
N=6|dead_zone=0.2|link_quality=0.5|n_missions=4|regime=jittery|rrf=60.0,H0,14,1628692899,6,60.0,4,jittery,0.2,0.5,1.5,1.0,0.5,0.0,0.0,0.3333333333333333,0.3,0.9182958340544896,0.3333333333333333,0.3,,,4,0,0,0.0,0.0,0.0,6,60.0,4,0.2666968125,0.35983333333333334,0.6959230303764343,0.9481043750000001,0.9013333333333333,0.5610863566398621,0.9481043750000001,0.6814075625000001,5,4,0.9,,,ok,10.621134519577026,
N=6|dead_zone=0.2|link_quality=0.5|n_missions=4|regime=jittery|rrf=60.0,H1,13,1922365360,6,60.0,4,jittery,0.2,0.5,1.0,0.75,0.25,0.25,0.0,1.0,0.953514739229025,2.5478527723796076,0.6666666666666666,0.6666666666666666,0.75,1.3333333333333333,3,4,0,3.0,3.75,8.572537183761597,6,60.0,4,0.27307975,0.3556666666666667,0.6959109902381897,0.89829,0.8378333333333333,0.6264733672142029,0.89829,0.6252102500000001,4,,0.9,120.0,0,ok,44.969348669052124,
N=6|dead_zone=0.2|link_quality=0.5|n_missions=4|regime=jittery|rrf=60.0,H0,14,1628692899,6,60.0,4,jittery,0.2,0.5,1.5,1.0,0.5,0.0,0.0,0.3333333333333333,0.3,0.9182958340544896,0.3333333333333333,0.3,,,4,0,0,0.0,0.0,0.0,6,60.0,4,0.2666968125,0.35983333333333334,0.6959230303764343,0.9481043750000001,0.9013333333333333,0.5610863566398621,0.9481043750000001,0.6814075625000001,5,4,0.9,,,ok,10.704348087310791,
N=6|dead_zone=0.2|link_quality=0.5|n_missions=4|regime=jittery|rrf=60.0,H1,14,1628692899,6,60.0,4,jittery,0.2,0.5,1.0,1.0,0.0,0.0,0.0,1.0,0.9152380952380952,2.51653078086117,0.16666666666666666,0.16666666666666666,1.0,1.0833333333333333,4,4,0,3.0,5.0,7.7530664801597595,6,60.0,4,0.2666968125,0.35983333333333334,0.6959230303764343,0.9286203749999999,0.9115,0.5961142778396606,0.9286203749999999,0.6619235625,5,4,0.9,120.0,0,ok,41.18047308921814,
N=6|dead_zone=0.2|link_quality=0.5|n_missions=4|regime=jittery|rrf=60.0,H0,15,1543566816,6,60.0,4,jittery,0.2,0.5,1.75,0.75,0.75,0.25,0.0,0.6666666666666666,0.5444444444444444,1.8423709931771088,0.6666666666666666,0.5444444444444444,,,4,0,0,0.0,0.0,0.0,6,60.0,4,0.27859500000000004,0.35383333333333333,0.6958684921264648,0.924634,0.8473333333333334,0.649137020111084,0.924634,0.6460389999999999,5,,0.9,,,ok,14.942651271820068,
N=6|dead_zone=0.2|link_quality=0.5|n_missions=4|regime=jittery|rrf=60.0,H1,14,1628692899,6,60.0,4,jittery,0.2,0.5,1.0,1.0,0.0,0.0,0.0,1.0,0.9152380952380952,2.51653078086117,0.16666666666666666,0.16666666666666666,1.0,1.0833333333333333,4,4,0,3.0,5.0,7.79611998796463,6,60.0,4,0.2666968125,0.35983333333333334,0.6959230303764343,0.9286203749999999,0.9115,0.5961142778396606,0.9286203749999999,0.6619235625,5,4,0.9,120.0,0,ok,41.21881890296936,
N=6|dead_zone=0.2|link_quality=0.5|n_missions=4|regime=jittery|rrf=60.0,H0,15,1543566816,6,60.0,4,jittery,0.2,0.5,1.75,0.75,0.75,0.25,0.0,0.6666666666666666,0.5444444444444444,1.8423709931771088,0.6666666666666666,0.5444444444444444,,,4,0,0,0.0,0.0,0.0,6,60.0,4,0.27859500000000004,0.35383333333333333,0.6958684921264648,0.924634,0.8473333333333334,0.649137020111084,0.924634,0.6460389999999999,5,,0.9,,,ok,14.862554550170898,
N=6|dead_zone=0.2|link_quality=0.5|n_missions=4|regime=jittery|rrf=60.0,H1,15,1543566816,6,60.0,4,jittery,0.2,0.5,2.5,1.0,1.0,1.0,0.0,1.0,0.94750656167979,2.5370772562283324,0.6666666666666666,0.5952380952380952,1.0,1.6666666666666667,4,4,0,3.0,4.0,7.162871062755585,6,60.0,4,0.27859500000000004,0.35383333333333333,0.6958684921264648,0.9415404375,0.8646666666666667,0.5904036164283752,0.9415404375,0.6629454375,5,,0.9,120.0,0,ok,38.772064447402954,
N=6|dead_zone=0.2|link_quality=0.5|n_missions=4|regime=jittery|rrf=60.0,H0,16,1620327829,6,60.0,4,jittery,0.2,0.5,1.25,0.75,0.5,0.0,0.0,0.5,0.46296296296296297,1.5219280948873621,0.5,0.46296296296296297,,,4,0,0,0.0,0.0,0.0,6,60.0,4,0.27557562500000005,0.35933333333333334,0.6958796977996826,0.941953,0.844,0.6388078331947327,0.941953,0.6663773749999999,5,,0.9,,,ok,14.214705228805542,
N=6|dead_zone=0.2|link_quality=0.5|n_missions=4|regime=jittery|rrf=60.0,H1,15,1543566816,6,60.0,4,jittery,0.2,0.5,2.5,1.0,1.0,1.0,0.0,1.0,0.94750656167979,2.5370772562283324,0.6666666666666666,0.5952380952380952,1.0,1.6666666666666667,4,4,0,3.0,4.0,7.251826584339142,6,60.0,4,0.27859500000000004,0.35383333333333333,0.6958684921264648,0.9415404375,0.8646666666666667,0.5904036164283752,0.9415404375,0.6629454375,5,,0.9,120.0,0,ok,39.17051100730896,
N=6|dead_zone=0.2|link_quality=0.5|n_missions=4|regime=jittery|rrf=60.0,H0,16,1620327829,6,60.0,4,jittery,0.2,0.5,1.25,0.75,0.5,0.0,0.0,0.5,0.46296296296296297,1.5219280948873621,0.5,0.46296296296296297,,,4,0,0,0.0,0.0,0.0,6,60.0,4,0.27557562500000005,0.35933333333333334,0.6958796977996826,0.941953,0.844,0.6388078331947327,0.941953,0.6663773749999999,5,,0.9,,,ok,13.60821533203125,
N=6|dead_zone=0.2|link_quality=0.5|n_missions=4|regime=jittery|rrf=60.0,H1,16,1620327829,6,60.0,4,jittery,0.2,0.5,1.5,1.0,0.25,0.25,0.0,1.0,0.9818181818181818,2.571541671821925,0.6666666666666666,0.5,1.0,1.8,4,4,0,2.5,3.0,6.440060019493103,6,60.0,4,0.27557562500000005,0.35933333333333334,0.6958796977996826,0.9635119999999999,0.8605,0.5486994385719299,0.9635119999999999,0.6879363749999998,5,,0.9,120.0,0,ok,37.73670744895935,
N=6|dead_zone=0.2|link_quality=0.5|n_missions=4|regime=jittery|rrf=60.0,H0,17,3505550941,6,60.0,4,jittery,0.2,0.5,0.5,0.5,0.0,0.0,0.0,0.3333333333333333,0.3333333333333333,1.0,0.3333333333333333,0.3333333333333333,,,4,0,0,0.0,0.0,0.0,6,60.0,4,0.2686355624999999,0.3565,0.6958836317062378,0.8641840000000001,0.8003333333333333,0.6663711667060852,0.8641840000000001,0.5955484375000002,5,,0.9,,,ok,10.245003700256348,
N=6|dead_zone=0.2|link_quality=0.5|n_missions=4|regime=jittery|rrf=60.0,H1,16,1620327829,6,60.0,4,jittery,0.2,0.5,1.5,1.0,0.25,0.25,0.0,1.0,0.9818181818181818,2.571541671821925,0.6666666666666666,0.5,1.0,1.8,4,4,0,2.5,3.0,6.441075325012207,6,60.0,4,0.27557562500000005,0.35933333333333334,0.6958796977996826,0.9635119999999999,0.8605,0.5486994385719299,0.9635119999999999,0.6879363749999998,5,,0.9,120.0,0,ok,37.76676416397095,
N=6|dead_zone=0.2|link_quality=0.5|n_missions=4|regime=jittery|rrf=60.0,H0,17,3505550941,6,60.0,4,jittery,0.2,0.5,0.5,0.5,0.0,0.0,0.0,0.3333333333333333,0.3333333333333333,1.0,0.3333333333333333,0.3333333333333333,,,4,0,0,0.0,0.0,0.0,6,60.0,4,0.2686355624999999,0.3565,0.6958836317062378,0.8641840000000001,0.8003333333333333,0.6663711667060852,0.8641840000000001,0.5955484375000002,5,,0.9,,,ok,9.353754997253418,
N=6|dead_zone=0.2|link_quality=0.5|n_missions=4|regime=jittery|rrf=60.0,H1,17,3505550941,6,60.0,4,jittery,0.2,0.5,1.0,0.75,0.25,0.0,0.0,1.0,0.9768740031897927,2.5666948891817953,0.6666666666666666,0.6666666666666666,0.75,1.5833333333333333,3,4,0,3.0,3.0,10.057815492153168,6,60.0,4,0.2686355624999999,0.3565,0.6958836317062378,0.9589554375,0.7901666666666667,0.6391474008560181,0.9589554375,0.6903198750000001,4,,0.9,120.0,0,ok,50.880695819854736,
N=6|dead_zone=0.2|link_quality=0.5|n_missions=4|regime=jittery|rrf=60.0,H0,18,1879225268,6,60.0,4,jittery,0.2,0.5,0.75,0.5,0.25,0.0,0.0,0.3333333333333333,0.3,0.9182958340544896,0.3333333333333333,0.3,,,4,0,0,0.0,0.0,0.0,6,60.0,4,0.2646870625,0.3586666666666667,0.6959184408187866,0.910522625,0.757,0.6625590324401855,0.910522625,0.6458355625000001,5,,0.9,,,ok,9.568972110748291,
N=6|dead_zone=0.2|link_quality=0.5|n_missions=4|regime=jittery|rrf=60.0,H1,17,3505550941,6,60.0,4,jittery,0.2,0.5,1.0,0.75,0.25,0.0,0.0,1.0,0.9768740031897927,2.5666948891817953,0.6666666666666666,0.6666666666666666,0.75,1.5833333333333333,3,4,0,3.0,3.0,10.020951688289642,6,60.0,4,0.2686355624999999,0.3565,0.6958836317062378,0.9589554375,0.7901666666666667,0.6391474008560181,0.9589554375,0.6903198750000001,4,,0.9,120.0,0,ok,49.9676947593689,
N=6|dead_zone=0.2|link_quality=0.5|n_missions=4|regime=jittery|rrf=60.0,H0,18,1879225268,6,60.0,4,jittery,0.2,0.5,0.75,0.5,0.25,0.0,0.0,0.3333333333333333,0.3,0.9182958340544896,0.3333333333333333,0.3,,,4,0,0,0.0,0.0,0.0,6,60.0,4,0.2646870625,0.3586666666666667,0.6959184408187866,0.910522625,0.757,0.6625590324401855,0.910522625,0.6458355625000001,5,,0.9,,,ok,9.943114757537842,
N=6|dead_zone=0.2|link_quality=0.5|n_missions=4|regime=jittery|rrf=60.0,H1,18,1879225268,6,60.0,4,jittery,0.2,0.5,1.0,1.0,0.0,0.0,0.0,1.0,0.9473684210526315,2.5419822842863984,0.3333333333333333,0.26666666666666666,1.0,1.6363636363636365,4,4,0,2.75,3.5,7.181136965751648,6,60.0,4,0.2646870625,0.3586666666666667,0.6959184408187866,0.9547625624999999,0.885,0.5875382423400879,0.9547625624999999,0.6900754999999998,5,,0.9,120.0,0,ok,38.836846590042114,
N=6|dead_zone=0.2|link_quality=0.5|n_missions=4|regime=jittery|rrf=60.0,H0,19,1863372093,6,60.0,4,jittery,0.2,0.5,0.5,0.5,0.0,0.0,0.0,0.3333333333333333,0.3333333333333333,1.0,0.3333333333333333,0.3333333333333333,,,4,0,0,0.0,0.0,0.0,6,60.0,4,0.280192875,0.3561666666666667,0.6958943605422974,0.8408242500000002,0.7441666666666666,0.665460467338562,0.8408242500000002,0.5606313750000002,5,,0.9,,,ok,9.608225584030151,
N=6|dead_zone=0.2|link_quality=0.5|n_missions=4|regime=jittery|rrf=60.0,H1,18,1879225268,6,60.0,4,jittery,0.2,0.5,1.0,1.0,0.0,0.0,0.0,1.0,0.9473684210526315,2.5419822842863984,0.3333333333333333,0.26666666666666666,1.0,1.6363636363636365,4,4,0,2.75,3.5,7.238487482070923,6,60.0,4,0.2646870625,0.3586666666666667,0.6959184408187866,0.9547625624999999,0.885,0.5875382423400879,0.9547625624999999,0.6900754999999998,5,,0.9,120.0,0,ok,39.00553870201111,
N=6|dead_zone=0.2|link_quality=0.5|n_missions=4|regime=jittery|rrf=60.0,H0,19,1863372093,6,60.0,4,jittery,0.2,0.5,0.5,0.5,0.0,0.0,0.0,0.3333333333333333,0.3333333333333333,1.0,0.3333333333333333,0.3333333333333333,,,4,0,0,0.0,0.0,0.0,6,60.0,4,0.280192875,0.3561666666666667,0.6958943605422974,0.8408242500000002,0.7441666666666666,0.665460467338562,0.8408242500000002,0.5606313750000002,5,,0.9,,,ok,9.618059635162354,
N=6|dead_zone=0.2|link_quality=0.5|n_missions=4|regime=jittery|rrf=60.0,H1,19,1863372093,6,60.0,4,jittery,0.2,0.5,1.75,1.0,0.5,0.25,0.0,1.0,0.978319783197832,2.5683164932728872,0.8333333333333334,0.7424242424242424,1.0,2.0,4,4,0,2.5,3.0,7.789128541946411,6,60.0,4,0.280192875,0.3561666666666667,0.6958943605422974,0.9458380624999999,0.8276666666666667,0.5833393335342407,0.9458380624999999,0.6656451874999999,5,,0.9,120.0,0,ok,41.755372524261475,
N=6|dead_zone=0.2|link_quality=0.7|n_missions=4|regime=jittery|rrf=60.0,H0,0,2292977861,6,60.0,4,jittery,0.2,0.7,1.25,0.75,0.5,0.0,0.0,0.6666666666666666,0.5952380952380952,1.9219280948873623,0.6666666666666666,0.5952380952380952,,,4,0,0,0.0,0.0,0.0,6,60.0,4,0.2537946875,0.356,0.6960034370422363,0.9110450625000001,0.8896666666666667,0.6317912936210632,0.9110450625000001,0.657250375,5,,0.9,,,ok,14.20575761795044,
N=6|dead_zone=0.2|link_quality=0.5|n_missions=4|regime=jittery|rrf=60.0,H1,19,1863372093,6,60.0,4,jittery,0.2,0.5,1.75,1.0,0.5,0.25,0.0,1.0,0.978319783197832,2.5683164932728872,0.8333333333333334,0.7424242424242424,1.0,2.0,4,4,0,2.5,3.0,7.776902616024017,6,60.0,4,0.280192875,0.3561666666666667,0.6958943605422974,0.9458380624999999,0.8276666666666667,0.5833393335342407,0.9458380624999999,0.6656451874999999,5,,0.9,120.0,0,ok,41.33354330062866,
N=6|dead_zone=0.2|link_quality=0.7|n_missions=4|regime=jittery|rrf=60.0,H0,0,2292977861,6,60.0,4,jittery,0.2,0.7,1.25,0.75,0.5,0.0,0.0,0.6666666666666666,0.5952380952380952,1.9219280948873623,0.6666666666666666,0.5952380952380952,,,4,0,0,0.0,0.0,0.0,6,60.0,4,0.2537946875,0.356,0.6960034370422363,0.9110450625000001,0.8896666666666667,0.6317912936210632,0.9110450625000001,0.657250375,5,,0.9,,,ok,14.427487850189209,
N=6|dead_zone=0.2|link_quality=0.7|n_missions=4|regime=jittery|rrf=60.0,H1,0,2292977861,6,60.0,4,jittery,0.2,0.7,1.25,1.0,0.25,0.0,0.0,1.0,1.0,2.584962500721156,0.5,0.46296296296296297,1.0,2.0,4,4,0,3.0,3.0,9.481334209442139,6,60.0,4,0.2537946875,0.356,0.6960034370422363,0.97207725,0.7886666666666666,0.5611097812652588,0.97207725,0.7182825625,5,,0.9,120.0,0,ok,48.574153661727905,
N=6|dead_zone=0.2|link_quality=0.7|n_missions=4|regime=jittery|rrf=60.0,H0,1,88875009,6,60.0,4,jittery,0.2,0.7,2.25,1.0,0.5,0.25,0.0,0.8333333333333334,0.7105263157894737,2.197159723424149,0.8333333333333334,0.7105263157894737,,,4,0,0,0.0,0.0,0.0,6,60.0,4,0.2559814375,0.3561666666666667,0.6959878206253052,0.9633403125000001,0.9098333333333334,0.5841134786605835,0.9633403125000001,0.707358875,5,4,0.9,,,ok,25.130723476409912,
N=6|dead_zone=0.2|link_quality=0.7|n_missions=4|regime=jittery|rrf=60.0,H1,0,2292977861,6,60.0,4,jittery,0.2,0.7,1.25,1.0,0.25,0.0,0.0,1.0,1.0,2.584962500721156,0.5,0.46296296296296297,1.0,2.0,4,4,0,3.0,3.0,9.4244926571846,6,60.0,4,0.2537946875,0.356,0.6960034370422363,0.97207725,0.7886666666666666,0.5611097812652588,0.97207725,0.7182825625,5,,0.9,120.0,0,ok,48.004770278930664,
N=6|dead_zone=0.2|link_quality=0.7|n_missions=4|regime=jittery|rrf=60.0,H0,1,88875009,6,60.0,4,jittery,0.2,0.7,2.25,1.0,0.5,0.25,0.0,0.8333333333333334,0.7105263157894737,2.197159723424149,0.8333333333333334,0.7105263157894737,,,4,0,0,0.0,0.0,0.0,6,60.0,4,0.2559814375,0.3561666666666667,0.6959878206253052,0.9633403125000001,0.9098333333333334,0.5841134786605835,0.9633403125000001,0.707358875,5,4,0.9,,,ok,19.178224086761475,
N=6|dead_zone=0.2|link_quality=0.7|n_missions=4|regime=jittery|rrf=60.0,H1,1,88875009,6,60.0,4,jittery,0.2,0.7,2.75,1.0,0.75,0.5,0.0,1.0,1.0,2.584962500721156,0.8333333333333334,0.7469135802469136,1.0,2.4,3,4,0,2.5,2.5,6.367606937885284,6,60.0,4,0.2559814375,0.3561666666666667,0.6959878206253052,0.89347775,0.7891666666666667,0.6390816569328308,0.89347775,0.6374963124999999,4,,0.9,120.0,0,ok,36.978049993515015,
N=6|dead_zone=0.2|link_quality=0.7|n_missions=4|regime=jittery|rrf=60.0,H0,2,3750655976,6,60.0,4,jittery,0.2,0.7,1.25,0.75,0.5,0.0,0.0,0.5,0.46296296296296297,1.5219280948873621,0.5,0.46296296296296297,,,4,0,0,0.0,0.0,0.0,6,60.0,4,0.278595625,0.35483333333333333,0.6959072351455688,0.9061695,0.8078333333333333,0.6334534287452698,0.9061695,0.627573875,5,,0.9,,,ok,13.734538316726685,
N=6|dead_zone=0.2|link_quality=0.7|n_missions=4|regime=jittery|rrf=60.0,H1,1,88875009,6,60.0,4,jittery,0.2,0.7,2.75,1.0,0.75,0.5,0.0,1.0,1.0,2.584962500721156,0.8333333333333334,0.7469135802469136,1.0,2.4,3,4,0,2.5,2.5,6.323941230773926,6,60.0,4,0.2559814375,0.3561666666666667,0.6959878206253052,0.89347775,0.7891666666666667,0.6390816569328308,0.89347775,0.6374963124999999,4,,0.9,120.0,0,ok,36.23077869415283,
N=6|dead_zone=0.2|link_quality=0.7|n_missions=4|regime=jittery|rrf=60.0,H0,2,3750655976,6,60.0,4,jittery,0.2,0.7,1.25,0.75,0.5,0.0,0.0,0.5,0.46296296296296297,1.5219280948873621,0.5,0.46296296296296297,,,4,0,0,0.0,0.0,0.0,6,60.0,4,0.278595625,0.35483333333333333,0.6959072351455688,0.9061695,0.8078333333333333,0.6334534287452698,0.9061695,0.627573875,5,,0.9,,,ok,13.328543663024902,
N=6|dead_zone=0.2|link_quality=0.7|n_missions=4|regime=jittery|rrf=60.0,H1,2,3750655976,6,60.0,4,jittery,0.2,0.7,1.5,0.75,0.5,0.25,0.0,1.0,0.9863123993558777,2.574994719337605,0.8333333333333334,0.75,0.75,1.4285714285714286,3,4,0,3.5,3.0,9.106393337249756,6,60.0,4,0.278595625,0.35483333333333333,0.6959072351455688,0.9271946875,0.8048333333333333,0.6118577122688293,0.9271946875,0.6485990625,4,,0.9,120.0,0,ok,47.79592990875244,
N=6|dead_zone=0.2|link_quality=0.7|n_missions=4|regime=jittery|rrf=60.0,H0,3,877390609,6,60.0,4,jittery,0.2,0.7,3.0,1.0,1.0,1.0,0.0,0.8333333333333334,0.75,2.2295739585136225,0.8333333333333334,0.75,,,4,0,0,0.0,0.0,0.0,6,60.0,4,0.2516136875,0.359,0.6959902048110962,0.960024125,0.8688333333333333,0.5748088955879211,0.960024125,0.7084104375,5,,0.9,,,ok,18.68813920021057,
N=6|dead_zone=0.2|link_quality=0.7|n_missions=4|regime=jittery|rrf=60.0,H1,2,3750655976,6,60.0,4,jittery,0.2,0.7,1.5,0.75,0.5,0.25,0.0,1.0,0.9863123993558777,2.574994719337605,0.8333333333333334,0.75,0.75,1.4285714285714286,3,4,0,3.5,3.0,9.099682867527008,6,60.0,4,0.278595625,0.35483333333333333,0.6959072351455688,0.9271946875,0.8048333333333333,0.6118577122688293,0.9271946875,0.6485990625,4,,0.9,120.0,0,ok,47.420953035354614,
N=6|dead_zone=0.2|link_quality=0.7|n_missions=4|regime=jittery|rrf=60.0,H0,3,877390609,6,60.0,4,jittery,0.2,0.7,3.0,1.0,1.0,1.0,0.0,0.8333333333333334,0.75,2.2295739585136225,0.8333333333333334,0.75,,,4,0,0,0.0,0.0,0.0,6,60.0,4,0.2516136875,0.359,0.6959902048110962,0.960024125,0.8688333333333333,0.5748088955879211,0.960024125,0.7084104375,5,,0.9,,,ok,19.10691785812378,
N=6|dead_zone=0.2|link_quality=0.7|n_missions=4|regime=jittery|rrf=60.0,H1,3,877390609,6,60.0,4,jittery,0.2,0.7,1.25,0.75,0.5,0.5,0.0,1.0,0.9258188824662813,2.525901556843535,0.5,0.46296296296296297,0.75,1.2307692307692308,3,4,0,3.25,3.75,9.191249251365662,6,60.0,4,0.2516136875,0.359,0.6959902048110962,0.9226373750000001,0.7865,0.6315053105354309,0.9226373750000001,0.6710236875000001,4,,0.9,120.0,0,ok,47.50935983657837,
N=6|dead_zone=0.2|link_quality=0.7|n_missions=4|regime=jittery|rrf=60.0,H0,4,1153953262,6,60.0,4,jittery,0.2,0.7,2.5,1.0,1.0,0.5,0.0,0.6666666666666666,0.5555555555555556,1.8464393446710154,0.6666666666666666,0.5555555555555556,,,4,0,0,0.0,0.0,0.0,6,60.0,4,0.2789740625,0.35633333333333334,0.695881187915802,0.939532625,0.7935,0.5847796201705933,0.939532625,0.6605585625,5,,0.9,,,ok,15.65617036819458,
N=6|dead_zone=0.2|link_quality=0.7|n_missions=4|regime=jittery|rrf=60.0,H1,3,877390609,6,60.0,4,jittery,0.2,0.7,1.25,0.75,0.5,0.5,0.0,1.0,0.9258188824662813,2.525901556843535,0.5,0.46296296296296297,0.75,1.2307692307692308,3,4,0,3.25,3.75,9.186858773231506,6,60.0,4,0.2516136875,0.359,0.6959902048110962,0.9226373750000001,0.7865,0.6315053105354309,0.9226373750000001,0.6710236875000001,4,,0.9,120.0,0,ok,47.04584813117981,
N=6|dead_zone=0.2|link_quality=0.7|n_missions=4|regime=jittery|rrf=60.0,H0,4,1153953262,6,60.0,4,jittery,0.2,0.7,2.5,1.0,1.0,0.5,0.0,0.6666666666666666,0.5555555555555556,1.8464393446710154,0.6666666666666666,0.5555555555555556,,,4,0,0,0.0,0.0,0.0,6,60.0,4,0.2789740625,0.35633333333333334,0.695881187915802,0.939532625,0.7935,0.5847796201705933,0.939532625,0.6605585625,5,,0.9,,,ok,16.274102449417114,
N=6|dead_zone=0.2|link_quality=0.7|n_missions=4|regime=jittery|rrf=60.0,H1,4,1153953262,6,60.0,4,jittery,0.2,0.7,2.5,1.0,0.75,0.5,0.0,1.0,0.9950248756218906,2.5812908992306927,1.0,0.7575757575757576,1.0,1.8333333333333333,4,4,0,3.0,3.75,8.655255794525146,6,60.0,4,0.2789740625,0.35633333333333334,0.695881187915802,0.9484710000000001,0.859,0.5554311275482178,0.9484710000000001,0.6694969375000001,5,,0.9,120.0,0,ok,45.079015254974365,
N=6|dead_zone=0.2|link_quality=0.7|n_missions=4|regime=jittery|rrf=60.0,H0,5,162897169,6,60.0,4,jittery,0.2,0.7,2.0,1.0,1.0,0.0,0.0,0.8333333333333334,0.7619047619047619,2.25,0.8333333333333334,0.7619047619047619,,,4,0,0,0.0,0.0,0.0,6,60.0,4,0.270531625,0.3555,0.6959048509597778,0.9543675,0.8411666666666666,0.5544964671134949,0.9543675,0.683835875,5,2,0.9,,,ok,16.966310024261475,
N=6|dead_zone=0.2|link_quality=0.7|n_missions=4|regime=jittery|rrf=60.0,H1,4,1153953262,6,60.0,4,jittery,0.2,0.7,2.5,1.0,0.75,0.5,0.0,1.0,0.9950248756218906,2.5812908992306927,1.0,0.7575757575757576,1.0,1.8333333333333333,4,4,0,3.0,3.75,8.623781025409698,6,60.0,4,0.2789740625,0.35633333333333334,0.695881187915802,0.9484710000000001,0.859,0.5554311275482178,0.9484710000000001,0.6694969375000001,5,,0.9,120.0,0,ok,44.566468238830566,
N=6|dead_zone=0.2|link_quality=0.7|n_missions=4|regime=jittery|rrf=60.0,H0,5,162897169,6,60.0,4,jittery,0.2,0.7,2.0,1.0,1.0,0.0,0.0,0.8333333333333334,0.7619047619047619,2.25,0.8333333333333334,0.7619047619047619,,,4,0,0,0.0,0.0,0.0,6,60.0,4,0.270531625,0.3555,0.6959048509597778,0.9543675,0.8411666666666666,0.5544964671134949,0.9543675,0.683835875,5,2,0.9,,,ok,18.694703340530396,
N=6|dead_zone=0.2|link_quality=0.7|n_missions=4|regime=jittery|rrf=60.0,H1,5,162897169,6,60.0,4,jittery,0.2,0.7,1.75,1.0,0.75,0.0,0.0,1.0,0.9876543209876543,2.5752515262260385,0.5,0.4803921568627451,1.0,2.2,3,4,0,2.5,3.0,6.345178008079529,6,60.0,4,0.270531625,0.3555,0.6959048509597778,0.899742125,0.8223333333333334,0.6398622393608093,0.899742125,0.6292104999999999,4,,0.9,120.0,0,ok,36.04411768913269,
N=6|dead_zone=0.2|link_quality=0.7|n_missions=4|regime=jittery|rrf=60.0,H0,6,621639508,6,60.0,4,jittery,0.2,0.7,2.5,1.0,0.75,0.5,0.0,0.8333333333333334,0.7575757575757576,2.2464393446710154,0.8333333333333334,0.7575757575757576,,,4,0,0,0.0,0.0,0.0,6,60.0,4,0.2808125,0.358,0.695855975151062,0.9429658125,0.8853333333333333,0.565575897693634,0.9429658125,0.6621533125,5,,0.9,,,ok,18.03073263168335,
N=6|dead_zone=0.2|link_quality=0.7|n_missions=4|regime=jittery|rrf=60.0,H1,5,162897169,6,60.0,4,jittery,0.2,0.7,1.75,1.0,0.75,0.0,0.0,1.0,0.9876543209876543,2.5752515262260385,0.5,0.4803921568627451,1.0,2.2,3,4,0,2.5,3.0,6.392187178134918,6,60.0,4,0.270531625,0.3555,0.6959048509597778,0.899742125,0.8223333333333334,0.6398622393608093,0.899742125,0.6292104999999999,4,,0.9,120.0,0,ok,35.91848063468933,
N=6|dead_zone=0.2|link_quality=0.7|n_missions=4|regime=jittery|rrf=60.0,H0,6,621639508,6,60.0,4,jittery,0.2,0.7,2.5,1.0,0.75,0.5,0.0,0.8333333333333334,0.7575757575757576,2.2464393446710154,0.8333333333333334,0.7575757575757576,,,4,0,0,0.0,0.0,0.0,6,60.0,4,0.2808125,0.358,0.695855975151062,0.9429658125,0.8853333333333333,0.565575897693634,0.9429658125,0.6621533125,5,,0.9,,,ok,18.76356530189514,
N=6|dead_zone=0.2|link_quality=0.7|n_missions=4|regime=jittery|rrf=60.0,H1,6,621639508,6,60.0,4,jittery,0.2,0.7,2.0,1.0,1.0,0.0,0.0,1.0,0.9950248756218906,2.581290899230692,0.8333333333333334,0.7619047619047619,1.0,2.0,4,4,0,2.75,3.0,7.971231758594513,6,60.0,4,0.2808125,0.358,0.695855975151062,0.924105625,0.7595,0.5644939541816711,0.924105625,0.643293125,5,,0.9,120.0,0,ok,42.59848189353943,
N=6|dead_zone=0.2|link_quality=0.7|n_missions=4|regime=jittery|rrf=60.0,H0,7,984548389,6,60.0,4,jittery,0.2,0.7,2.0,0.75,0.75,0.5,0.0,0.6666666666666666,0.5925925925925926,1.9056390622295665,0.6666666666666666,0.5925925925925926,,,4,0,0,0.0,0.0,0.0,6,60.0,4,0.28598656250000004,0.3565,0.6958166360855103,0.894325125,0.8731666666666666,0.6493229866027832,0.894325125,0.6083385625,5,,0.9,,,ok,15.286922454833984,
N=6|dead_zone=0.2|link_quality=0.7|n_missions=4|regime=jittery|rrf=60.0,H1,6,621639508,6,60.0,4,jittery,0.2,0.7,2.0,1.0,1.0,0.0,0.0,1.0,0.9950248756218906,2.581290899230692,0.8333333333333334,0.7619047619047619,1.0,2.0,4,4,0,2.75,3.0,7.934471130371094,6,60.0,4,0.2808125,0.358,0.695855975151062,0.924105625,0.7595,0.5644939541816711,0.924105625,0.643293125,5,,0.9,120.0,0,ok,42.06766390800476,
N=6|dead_zone=0.2|link_quality=0.7|n_missions=4|regime=jittery|rrf=60.0,H0,7,984548389,6,60.0,4,jittery,0.2,0.7,2.0,0.75,0.75,0.5,0.0,0.6666666666666666,0.5925925925925926,1.9056390622295665,0.6666666666666666,0.5925925925925926,,,4,0,0,0.0,0.0,0.0,6,60.0,4,0.28598656250000004,0.3565,0.6958166360855103,0.894325125,0.8731666666666666,0.6493229866027832,0.894325125,0.6083385625,5,,0.9,,,ok,22.897505521774292,
N=6|dead_zone=0.2|link_quality=0.7|n_missions=4|regime=jittery|rrf=60.0,H1,7,984548389,6,60.0,4,jittery,0.2,0.7,1.5,1.0,0.5,0.5,0.0,1.0,0.9307692307692308,2.530622805321796,0.6666666666666666,0.5,1.0,1.5,4,4,0,2.5,4.0,5.652857542037964,6,60.0,4,0.28598656250000004,0.3565,0.6958166360855103,0.947577375,0.7971666666666667,0.5712143778800964,0.947577375,0.6615908125000001,5,,0.9,120.0,0,ok,33.24122858047485,
N=6|dead_zone=0.2|link_quality=0.7|n_missions=4|regime=jittery|rrf=60.0,H0,8,2097425949,6,60.0,4,jittery,0.2,0.7,1.5,0.75,0.5,0.25,0.0,0.6666666666666666,0.6,1.9182958340544896,0.6666666666666666,0.6,,,4,0,0,0.0,0.0,0.0,6,60.0,4,0.27534624999999996,0.35983333333333334,0.6959099769592285,0.9280781875,0.8675,0.6443164348602295,0.9280781875,0.6527319375,5,,0.9,,,ok,16.09052276611328,
N=6|dead_zone=0.2|link_quality=0.7|n_missions=4|regime=jittery|rrf=60.0,H1,7,984548389,6,60.0,4,jittery,0.2,0.7,1.5,1.0,0.5,0.5,0.0,1.0,0.9307692307692308,2.530622805321796,0.6666666666666666,0.5,1.0,1.5,4,4,0,2.5,4.0,5.7633286118507385,6,60.0,4,0.28598656250000004,0.3565,0.6958166360855103,0.947577375,0.7971666666666667,0.5712143778800964,0.947577375,0.6615908125000001,5,,0.9,120.0,0,ok,33.76157832145691,
N=6|dead_zone=0.2|link_quality=0.7|n_missions=4|regime=jittery|rrf=60.0,H0,8,2097425949,6,60.0,4,jittery,0.2,0.7,1.5,0.75,0.5,0.25,0.0,0.6666666666666666,0.6,1.9182958340544896,0.6666666666666666,0.6,,,4,0,0,0.0,0.0,0.0,6,60.0,4,0.27534624999999996,0.35983333333333334,0.6959099769592285,0.9280781875,0.8675,0.6443164348602295,0.9280781875,0.6527319375,5,,0.9,,,ok,15.063260316848755,
N=6|dead_zone=0.2|link_quality=0.7|n_missions=4|regime=jittery|rrf=60.0,H1,8,2097425949,6,60.0,4,jittery,0.2,0.7,0.75,0.5,0.25,0.25,0.0,1.0,0.96,2.5545851693377997,0.3333333333333333,0.3,0.5,1.0909090909090908,2,4,0,2.75,2.5,8.16519844532013,6,60.0,4,0.27534624999999996,0.35983333333333334,0.6959099769592285,0.8690848125,0.8301666666666667,0.6585701704025269,0.8690848125,0.5937385625,3,,0.9,120.0,0,ok,43.1680543422699,
N=6|dead_zone=0.2|link_quality=0.7|n_missions=4|regime=jittery|rrf=60.0,H0,9,372048703,6,60.0,4,jittery,0.2,0.7,2.75,1.0,1.0,0.25,0.0,0.8333333333333334,0.7469135802469136,2.2312702546075758,0.8333333333333334,0.7469135802469136,,,4,0,0,0.0,0.0,0.0,6,60.0,4,0.2845273125000001,0.3596666666666667,0.6958492994308472,0.9438521875000001,0.7871666666666667,0.5921346545219421,0.9438521875000001,0.659324875,5,,0.9,,,ok,17.716368913650513,
N=6|dead_zone=0.2|link_quality=0.7|n_missions=4|regime=jittery|rrf=60.0,H1,8,2097425949,6,60.0,4,jittery,0.2,0.7,0.75,0.5,0.25,0.25,0.0,1.0,0.96,2.5545851693377997,0.3333333333333333,0.3,0.5,1.0909090909090908,2,4,0,2.75,2.5,8.163193464279175,6,60.0,4,0.27534624999999996,0.35983333333333334,0.6959099769592285,0.8690848125,0.8301666666666667,0.6585701704025269,0.8690848125,0.5937385625,3,,0.9,120.0,0,ok,42.851778507232666,
N=6|dead_zone=0.2|link_quality=0.7|n_missions=4|regime=jittery|rrf=60.0,H0,9,372048703,6,60.0,4,jittery,0.2,0.7,2.75,1.0,1.0,0.25,0.0,0.8333333333333334,0.7469135802469136,2.2312702546075758,0.8333333333333334,0.7469135802469136,,,4,0,0,0.0,0.0,0.0,6,60.0,4,0.2845273125000001,0.3596666666666667,0.6958492994308472,0.9438521875000001,0.7871666666666667,0.5921346545219421,0.9438521875000001,0.659324875,5,,0.9,,,ok,18.057490348815918,
N=6|dead_zone=0.2|link_quality=0.7|n_missions=4|regime=jittery|rrf=60.0,H1,9,372048703,6,60.0,4,jittery,0.2,0.7,1.25,1.0,0.25,0.25,0.0,1.0,0.9496124031007752,2.5410778334035165,0.5,0.46296296296296297,1.0,1.5454545454545454,4,4,0,2.75,4.0,7.170651614665985,6,60.0,4,0.2845273125000001,0.3596666666666667,0.6958492994308472,0.9333440625,0.7958333333333333,0.5767610669136047,0.9333440625,0.6488167499999999,5,,0.9,120.0,0,ok,39.033315658569336,
N=6|dead_zone=0.2|link_quality=0.7|n_missions=4|regime=jittery|rrf=60.0,H0,10,2899818832,6,60.0,4,jittery,0.2,0.7,2.25,1.0,0.75,0.25,0.0,0.6666666666666666,0.5869565217391305,1.8910611120726526,0.6666666666666666,0.5869565217391305,,,4,0,0,0.0,0.0,0.0,6,60.0,4,0.2608491875,0.3565,0.6959551572799683,0.9691054375,0.8135,0.57430499792099,0.9691054375,0.70825625,5,,0.9,,,ok,15.391643047332764,
N=6|dead_zone=0.2|link_quality=0.7|n_missions=4|regime=jittery|rrf=60.0,H1,9,372048703,6,60.0,4,jittery,0.2,0.7,1.25,1.0,0.25,0.25,0.0,1.0,0.9496124031007752,2.5410778334035165,0.5,0.46296296296296297,1.0,1.5454545454545454,4,4,0,2.75,4.0,7.206028521060944,6,60.0,4,0.2845273125000001,0.3596666666666667,0.6958492994308472,0.9333440625,0.7958333333333333,0.5767610669136047,0.9333440625,0.6488167499999999,5,,0.9,120.0,0,ok,39.1653311252594,
N=6|dead_zone=0.2|link_quality=0.7|n_missions=4|regime=jittery|rrf=60.0,H0,10,2899818832,6,60.0,4,jittery,0.2,0.7,2.25,1.0,0.75,0.25,0.0,0.6666666666666666,0.5869565217391305,1.8910611120726526,0.6666666666666666,0.5869565217391305,,,4,0,0,0.0,0.0,0.0,6,60.0,4,0.2608491875,0.3565,0.6959551572799683,0.9691054375,0.8135,0.57430499792099,0.9691054375,0.70825625,5,,0.9,,,ok,15.1294105052948,
N=6|dead_zone=0.2|link_quality=0.7|n_missions=4|regime=jittery|rrf=60.0,H1,10,2899818832,6,60.0,4,jittery,0.2,0.7,1.75,0.75,0.75,0.25,0.0,1.0,0.9918032786885246,2.578992712198113,0.6666666666666666,0.5444444444444444,0.75,1.6363636363636365,3,4,0,2.75,3.0,8.277177393436432,6,60.0,4,0.2608491875,0.3565,0.6959551572799683,0.92754875,0.734,0.6368072628974915,0.92754875,0.6666995625000001,4,,0.9,120.0,0,ok,43.456785440444946,
N=6|dead_zone=0.2|link_quality=0.7|n_missions=4|regime=jittery|rrf=60.0,H0,11,4084312118,6,60.0,4,jittery,0.2,0.7,2.0,1.0,1.0,0.0,0.0,0.8333333333333334,0.6666666666666666,2.1556390622295662,0.8333333333333334,0.6666666666666666,,,4,0,0,0.0,0.0,0.0,6,60.0,4,0.2536408125,0.36033333333333334,0.6959702372550964,0.9666250000000001,0.7906666666666666,0.5551388263702393,0.9666250000000001,0.7129841875,5,,0.9,,,ok,17.6724693775177,
N=6|dead_zone=0.2|link_quality=0.7|n_missions=4|regime=jittery|rrf=60.0,H1,10,2899818832,6,60.0,4,jittery,0.2,0.7,1.75,0.75,0.75,0.25,0.0,1.0,0.9918032786885246,2.578992712198113,0.6666666666666666,0.5444444444444444,0.75,1.6363636363636365,3,4,0,2.75,3.0,8.413328886032104,6,60.0,4,0.2608491875,0.3565,0.6959551572799683,0.92754875,0.734,0.6368072628974915,0.92754875,0.6666995625000001,4,,0.9,120.0,0,ok,43.69010257720947,
N=6|dead_zone=0.2|link_quality=0.7|n_missions=4|regime=jittery|rrf=60.0,H0,11,4084312118,6,60.0,4,jittery,0.2,0.7,2.0,1.0,1.0,0.0,0.0,0.8333333333333334,0.6666666666666666,2.1556390622295662,0.8333333333333334,0.6666666666666666,,,4,0,0,0.0,0.0,0.0,6,60.0,4,0.2536408125,0.36033333333333334,0.6959702372550964,0.9666250000000001,0.7906666666666666,0.5551388263702393,0.9666250000000001,0.7129841875,5,,0.9,,,ok,16.850452184677124,
N=6|dead_zone=0.2|link_quality=0.7|n_missions=4|regime=jittery|rrf=60.0,H1,11,4084312118,6,60.0,4,jittery,0.2,0.7,2.0,1.0,0.5,0.5,0.0,1.0,1.0,2.584962500721156,0.6666666666666666,0.5925925925925926,1.0,2.0,4,4,0,3.0,3.0,8.700805008411407,6,60.0,4,0.2536408125,0.36033333333333334,0.6959702372550964,0.95259675,0.7953333333333333,0.591879665851593,0.95259675,0.6989559375000001,5,,0.9,120.0,0,ok,45.12678337097168,
N=6|dead_zone=0.2|link_quality=0.7|n_missions=4|regime=jittery|rrf=60.0,H0,12,3544990965,6,60.0,4,jittery,0.2,0.7,2.5,1.0,0.75,0.5,0.0,0.6666666666666666,0.5555555555555556,1.8464393446710154,0.6666666666666666,0.5555555555555556,,,4,0,0,0.0,0.0,0.0,6,60.0,4,0.2949881875,0.3605,0.69577556848526,0.94175975,0.7901666666666667,0.5867351293563843,0.94175975,0.6467715625,5,,0.9,,,ok,15.4920175075531,
N=6|dead_zone=0.2|link_quality=0.7|n_missions=4|regime=jittery|rrf=60.0,H1,11,4084312118,6,60.0,4,jittery,0.2,0.7,2.0,1.0,0.5,0.5,0.0,1.0,1.0,2.584962500721156,0.6666666666666666,0.5925925925925926,1.0,2.0,4,4,0,3.0,3.0,8.703995764255524,6,60.0,4,0.2536408125,0.36033333333333334,0.6959702372550964,0.95259675,0.7953333333333333,0.591879665851593,0.95259675,0.6989559375000001,5,,0.9,120.0,0,ok,45.10432457923889,
N=6|dead_zone=0.2|link_quality=0.7|n_missions=4|regime=jittery|rrf=60.0,H0,12,3544990965,6,60.0,4,jittery,0.2,0.7,2.5,1.0,0.75,0.5,0.0,0.6666666666666666,0.5555555555555556,1.8464393446710154,0.6666666666666666,0.5555555555555556,,,4,0,0,0.0,0.0,0.0,6,60.0,4,0.2949881875,0.3605,0.69577556848526,0.94175975,0.7901666666666667,0.5867351293563843,0.94175975,0.6467715625,5,,0.9,,,ok,15.407883167266846,
N=6|dead_zone=0.2|link_quality=0.7|n_missions=4|regime=jittery|rrf=60.0,H1,12,3544990965,6,60.0,4,jittery,0.2,0.7,1.75,1.0,0.75,0.0,0.0,1.0,0.9712643678160919,2.5608529298361935,0.8333333333333334,0.7424242424242424,1.0,2.3333333333333335,4,4,0,2.25,3.0,7.211211800575256,6,60.0,4,0.2949881875,0.3605,0.69577556848526,0.9705306250000001,0.7958333333333333,0.5794524550437927,0.9705306250000001,0.6755424375000001,5,,0.9,120.0,0,ok,39.14509129524231,
N=6|dead_zone=0.2|link_quality=0.7|n_missions=4|regime=jittery|rrf=60.0,H0,13,1753576128,6,60.0,4,jittery,0.2,0.7,2.0,0.75,0.75,0.5,0.0,0.6666666666666666,0.5333333333333333,1.811278124459133,0.6666666666666666,0.5333333333333333,,,4,0,0,0.0,0.0,0.0,6,60.0,4,0.2542135,0.3565,0.6959711313247681,0.9405368749999999,0.8795,0.6259422302246094,0.9405368749999999,0.686323375,5,,0.9,,,ok,15.453427791595459,
N=6|dead_zone=0.2|link_quality=0.7|n_missions=4|regime=jittery|rrf=60.0,H1,12,3544990965,6,60.0,4,jittery,0.2,0.7,1.75,1.0,0.75,0.0,0.0,1.0,0.9712643678160919,2.5608529298361935,0.8333333333333334,0.7424242424242424,1.0,2.3333333333333335,4,4,0,2.25,3.0,7.189119338989258,6,60.0,4,0.2949881875,0.3605,0.69577556848526,0.9705306250000001,0.7958333333333333,0.5794524550437927,0.9705306250000001,0.6755424375000001,5,,0.9,120.0,0,ok,38.77655291557312,
N=6|dead_zone=0.2|link_quality=0.7|n_missions=4|regime=jittery|rrf=60.0,H0,13,1753576128,6,60.0,4,jittery,0.2,0.7,2.0,0.75,0.75,0.5,0.0,0.6666666666666666,0.5333333333333333,1.811278124459133,0.6666666666666666,0.5333333333333333,,,4,0,0,0.0,0.0,0.0,6,60.0,4,0.2542135,0.3565,0.6959711313247681,0.9405368749999999,0.8795,0.6259422302246094,0.9405368749999999,0.686323375,5,,0.9,,,ok,15.241676330566406,
N=6|dead_zone=0.2|link_quality=0.7|n_missions=4|regime=jittery|rrf=60.0,H1,13,1753576128,6,60.0,4,jittery,0.2,0.7,2.0,1.0,0.75,0.25,0.0,1.0,0.9627720504009164,2.555826019172307,0.6666666666666666,0.5925925925925926,1.0,1.4285714285714286,4,4,0,3.5,4.0,9.229452252388,6,60.0,4,0.2542135,0.3565,0.6959711313247681,0.944021625,0.7815,0.5705394148826599,0.944021625,0.689808125,5,,0.9,120.0,0,ok,47.20343017578125,
N=6|dead_zone=0.2|link_quality=0.7|n_missions=4|regime=jittery|rrf=60.0,H0,14,1478423953,6,60.0,4,jittery,0.2,0.7,2.5,0.75,0.75,0.75,0.0,0.8333333333333334,0.6944444444444444,2.170950594454669,0.8333333333333334,0.6944444444444444,,,4,0,0,0.0,0.0,0.0,6,60.0,4,0.2921040625,0.35683333333333334,0.6957849264144897,0.898995875,0.859,0.6423328518867493,0.898995875,0.6068918125,5,,0.9,,,ok,17.65340781211853,
N=6|dead_zone=0.2|link_quality=0.7|n_missions=4|regime=jittery|rrf=60.0,H1,13,1753576128,6,60.0,4,jittery,0.2,0.7,2.0,1.0,0.75,0.25,0.0,1.0,0.9627720504009164,2.555826019172307,0.6666666666666666,0.5925925925925926,1.0,1.4285714285714286,4,4,0,3.5,4.0,9.2157923579216,6,60.0,4,0.2542135,0.3565,0.6959711313247681,0.944021625,0.7815,0.5705394148826599,0.944021625,0.689808125,5,,0.9,120.0,0,ok,47.05449891090393,
N=6|dead_zone=0.2|link_quality=0.7|n_missions=4|regime=jittery|rrf=60.0,H0,14,1478423953,6,60.0,4,jittery,0.2,0.7,2.5,0.75,0.75,0.75,0.0,0.8333333333333334,0.6944444444444444,2.170950594454669,0.8333333333333334,0.6944444444444444,,,4,0,0,0.0,0.0,0.0,6,60.0,4,0.2921040625,0.35683333333333334,0.6957849264144897,0.898995875,0.859,0.6423328518867493,0.898995875,0.6068918125,5,,0.9,,,ok,17.464521169662476,
N=6|dead_zone=0.2|link_quality=0.7|n_missions=4|regime=jittery|rrf=60.0,H1,14,1478423953,6,60.0,4,jittery,0.2,0.7,1.25,1.0,0.25,0.0,0.0,1.0,0.9876543209876543,2.5752515262260385,0.5,0.3787878787878788,1.0,2.2,4,4,0,2.5,3.0,7.964374303817749,6,60.0,4,0.2921040625,0.35683333333333334,0.6957849264144897,0.9618884375000001,0.9363333333333334,0.5869373083114624,0.9618884375000001,0.6697843750000001,5,4,0.9,120.0,0,ok,42.20291614532471,
N=6|dead_zone=0.2|link_quality=0.7|n_missions=4|regime=jittery|rrf=60.0,H0,15,1886600293,6,60.0,4,jittery,0.2,0.7,2.0,1.0,0.75,0.25,0.0,0.6666666666666666,0.48484848484848486,1.75,0.6666666666666666,0.48484848484848486,,,4,0,0,0.0,0.0,0.0,6,60.0,4,0.2641828125,0.35433333333333333,0.6959213614463806,0.9437576875,0.7778333333333334,0.6010658144950867,0.9437576875,0.679574875,5,,0.9,,,ok,15.599945068359375,
N=6|dead_zone=0.2|link_quality=0.7|n_missions=4|regime=jittery|rrf=60.0,H1,14,1478423953,6,60.0,4,jittery,0.2,0.7,1.25,1.0,0.25,0.0,0.0,1.0,0.9876543209876543,2.5752515262260385,0.5,0.3787878787878788,1.0,2.2,4,4,0,2.5,3.0,8.016109466552734,6,60.0,4,0.2921040625,0.35683333333333334,0.6957849264144897,0.9618884375000001,0.9363333333333334,0.5869373083114624,0.9618884375000001,0.6697843750000001,5,4,0.9,120.0,0,ok,42.08169960975647,
N=6|dead_zone=0.2|link_quality=0.7|n_missions=4|regime=jittery|rrf=60.0,H0,15,1886600293,6,60.0,4,jittery,0.2,0.7,2.0,1.0,0.75,0.25,0.0,0.6666666666666666,0.48484848484848486,1.75,0.6666666666666666,0.48484848484848486,,,4,0,0,0.0,0.0,0.0,6,60.0,4,0.2641828125,0.35433333333333333,0.6959213614463806,0.9437576875,0.7778333333333334,0.6010658144950867,0.9437576875,0.679574875,5,,0.9,,,ok,15.045944213867188,
N=6|dead_zone=0.2|link_quality=0.7|n_missions=4|regime=jittery|rrf=60.0,H1,15,1886600293,6,60.0,4,jittery,0.2,0.7,2.75,1.0,0.75,0.5,0.0,1.0,0.9950248756218906,2.5812908992306927,1.0,0.7469135802469136,1.0,1.4666666666666666,4,4,0,3.75,4.0,8.68271815776825,6,60.0,4,0.2641828125,0.35433333333333333,0.6959213614463806,0.9442781875,0.9088333333333334,0.577544093132019,0.9442781875,0.6800953750000001,5,4,0.9,120.0,0,ok,44.96951913833618,
N=6|dead_zone=0.2|link_quality=0.7|n_missions=4|regime=jittery|rrf=60.0,H0,16,2983319799,6,60.0,4,jittery,0.2,0.7,2.25,0.75,0.75,0.75,0.0,0.6666666666666666,0.5869565217391305,1.8910611120726526,0.6666666666666666,0.5869565217391305,,,4,0,0,0.0,0.0,0.0,6,60.0,4,0.2543665625,0.3585,0.6959823966026306,0.9102179374999999,0.86,0.6510967016220093,0.9102179374999999,0.6558513749999999,5,,0.9,,,ok,16.036571502685547,
N=6|dead_zone=0.2|link_quality=0.7|n_missions=4|regime=jittery|rrf=60.0,H1,15,1886600293,6,60.0,4,jittery,0.2,0.7,2.75,1.0,0.75,0.5,0.0,1.0,0.9950248756218906,2.5812908992306927,1.0,0.7469135802469136,1.0,1.4666666666666666,4,4,0,3.75,4.0,8.695888757705688,6,60.0,4,0.2641828125,0.35433333333333333,0.6959213614463806,0.9442781875,0.9088333333333334,0.577544093132019,0.9442781875,0.6800953750000001,5,4,0.9,120.0,0,ok,44.933475971221924,
N=6|dead_zone=0.2|link_quality=0.7|n_missions=4|regime=jittery|rrf=60.0,H0,16,2983319799,6,60.0,4,jittery,0.2,0.7,2.25,0.75,0.75,0.75,0.0,0.6666666666666666,0.5869565217391305,1.8910611120726526,0.6666666666666666,0.5869565217391305,,,4,0,0,0.0,0.0,0.0,6,60.0,4,0.2543665625,0.3585,0.6959823966026306,0.9102179374999999,0.86,0.6510967016220093,0.9102179374999999,0.6558513749999999,5,,0.9,,,ok,15.226927995681763,
N=6|dead_zone=0.2|link_quality=0.7|n_missions=4|regime=jittery|rrf=60.0,H1,16,2983319799,6,60.0,4,jittery,0.2,0.7,2.25,1.0,0.75,0.5,0.0,1.0,0.9941176470588236,2.580689952806082,1.0,0.9,1.0,2.1,3,4,0,2.5,3.0,8.45578932762146,6,60.0,4,0.2543665625,0.3585,0.6959823966026306,0.9431785625,0.868,0.6295662522315979,0.9431785625,0.688812,4,,0.9,120.0,0,ok,44.41405916213989,
N=6|dead_zone=0.2|link_quality=0.7|n_missions=4|regime=jittery|rrf=60.0,H1,16,2983319799,6,60.0,4,jittery,0.2,0.7,2.5,1.0,1.0,0.5,0.0,1.0,0.9863387978142076,2.5746737280146283,1.0,0.8333333333333334,1.0,2.0,3,4,0,2.5,3.0,7.668296813964844,6,60.0,4,0.2543665625,0.3585,0.6959823966026306,0.9431785625,0.868,0.6295662522315979,0.9431785625,0.688812,4,,0.9,120.0,0,ok,40.98778581619263,
N=6|dead_zone=0.2|link_quality=0.7|n_missions=4|regime=jittery|rrf=60.0,H0,17,556839258,6,60.0,4,jittery,0.2,0.7,1.75,1.0,0.75,0.0,0.0,0.6666666666666666,0.5444444444444444,1.8423709931771084,0.6666666666666666,0.5444444444444444,,,4,0,0,0.0,0.0,0.0,6,60.0,4,0.260079375,0.358,0.6959485411643982,0.9434912499999999,0.7946666666666666,0.6070380806922913,0.9434912499999999,0.6834118749999999,5,,0.9,,,ok,24.224539518356323,
N=6|dead_zone=0.2|link_quality=0.7|n_missions=4|regime=jittery|rrf=60.0,H0,17,556839258,6,60.0,4,jittery,0.2,0.7,1.75,1.0,0.75,0.0,0.0,0.6666666666666666,0.5444444444444444,1.8423709931771084,0.6666666666666666,0.5444444444444444,,,4,0,0,0.0,0.0,0.0,6,60.0,4,0.260079375,0.358,0.6959485411643982,0.9434912499999999,0.7946666666666666,0.6070380806922913,0.9434912499999999,0.6834118749999999,5,,0.9,,,ok,16.816957712173462,
N=6|dead_zone=0.2|link_quality=0.7|n_missions=4|regime=jittery|rrf=60.0,H1,17,556839258,6,60.0,4,jittery,0.2,0.7,0.75,0.5,0.25,0.0,0.0,1.0,0.92018779342723,2.521991319127583,0.3333333333333333,0.3,0.5,1.4166666666666667,2,4,0,3.0,2.0,8.45845878124237,6,60.0,4,0.260079375,0.358,0.6959485411643982,0.8691732500000001,0.7643333333333333,0.6670551896095276,0.8691732500000001,0.6090938750000001,3,,0.9,120.0,0,ok,45.71350431442261,
N=6|dead_zone=0.2|link_quality=0.7|n_missions=4|regime=jittery|rrf=60.0,H1,17,556839258,6,60.0,4,jittery,0.2,0.7,0.75,0.75,0.0,0.0,0.0,1.0,0.9029850746268657,2.499727350514103,0.3333333333333333,0.3,0.75,1.3636363636363635,3,4,0,2.75,3.0,8.394777297973633,6,60.0,4,0.260079375,0.358,0.6959485411643982,0.8587239375,0.7913333333333333,0.6517916917800903,0.8611090625000001,0.5986445625,4,,0.9,120.0,0,ok,45.45892310142517,
N=6|dead_zone=0.2|link_quality=0.7|n_missions=4|regime=jittery|rrf=60.0,H0,18,163098764,6,60.0,4,jittery,0.2,0.7,2.5,1.0,1.0,0.5,0.0,0.6666666666666666,0.6410256410256411,1.9709505944546688,0.6666666666666666,0.6410256410256411,,,4,0,0,0.0,0.0,0.0,6,60.0,4,0.26914762499999995,0.3621666666666667,0.6958906054496765,0.9429695625000001,0.8508333333333333,0.5904290676116943,0.9429695625000001,0.6738219375000001,5,,0.9,,,ok,15.983767032623291,
N=6|dead_zone=0.2|link_quality=0.7|n_missions=4|regime=jittery|rrf=60.0,H0,18,163098764,6,60.0,4,jittery,0.2,0.7,2.5,1.0,1.0,0.5,0.0,0.6666666666666666,0.6410256410256411,1.9709505944546688,0.6666666666666666,0.6410256410256411,,,4,0,0,0.0,0.0,0.0,6,60.0,4,0.26914762499999995,0.3621666666666667,0.6958906054496765,0.9429695625000001,0.8508333333333333,0.5904290676116943,0.9429695625000001,0.6738219375000001,5,,0.9,,,ok,16.58336877822876,
N=6|dead_zone=0.2|link_quality=0.7|n_missions=4|regime=jittery|rrf=60.0,H1,18,163098764,6,60.0,4,jittery,0.2,0.7,2.0,1.0,0.5,0.5,0.0,1.0,0.9950248756218906,2.5812908992306927,0.8333333333333334,0.7619047619047619,1.0,2.0,4,4,0,3.0,3.0,9.529584228992462,6,60.0,4,0.26914762499999995,0.3621666666666667,0.6958906054496765,0.9468996250000001,0.845,0.5751801133155823,0.9468996250000001,0.6777520000000001,5,,0.9,120.0,0,ok,48.84385657310486,
N=6|dead_zone=0.2|link_quality=0.7|n_missions=4|regime=jittery|rrf=60.0,H1,18,163098764,6,60.0,4,jittery,0.2,0.7,2.0,1.0,0.75,0.25,0.0,1.0,1.0,2.584962500721156,0.8333333333333334,0.7619047619047619,1.0,2.0,4,4,0,3.0,3.0,9.382318675518036,6,60.0,4,0.26914762499999995,0.3621666666666667,0.6958906054496765,0.93716275,0.85,0.5683590769767761,0.93716275,0.6680151250000002,5,,0.9,120.0,0,ok,48.34078907966614,
N=6|dead_zone=0.2|link_quality=0.7|n_missions=4|regime=jittery|rrf=60.0,H0,19,667120907,6,60.0,4,jittery,0.2,0.7,1.75,0.75,0.75,0.25,0.0,0.8333333333333334,0.7424242424242424,2.2359263506290326,0.8333333333333334,0.7424242424242424,,,4,0,0,0.0,0.0,0.0,6,60.0,4,0.2620181875,0.3601666666666667,0.6959212422370911,0.9179380000000001,0.8536666666666667,0.6437233090400696,0.9179380000000001,0.6559198125000001,5,,0.9,,,ok,17.62213706970215,
N=6|dead_zone=0.2|link_quality=0.7|n_missions=4|regime=jittery|rrf=60.0,H0,19,667120907,6,60.0,4,jittery,0.2,0.7,1.75,0.75,0.75,0.25,0.0,0.8333333333333334,0.7424242424242424,2.2359263506290326,0.8333333333333334,0.7424242424242424,,,4,0,0,0.0,0.0,0.0,6,60.0,4,0.2620181875,0.3601666666666667,0.6959212422370911,0.9179380000000001,0.8536666666666667,0.6437233090400696,0.9179380000000001,0.6559198125000001,5,,0.9,,,ok,18.1461284160614,
N=6|dead_zone=0.2|link_quality=0.7|n_missions=4|regime=jittery|rrf=60.0,H1,19,667120907,6,60.0,4,jittery,0.2,0.7,1.5,0.75,0.5,0.25,0.0,1.0,0.9444444444444444,2.54146008131956,0.8333333333333334,0.75,0.75,1.7272727272727273,3,4,0,2.75,2.75,9.278647661209106,6,60.0,4,0.2620181875,0.3601666666666667,0.6959212422370911,0.9088101875,0.8236666666666667,0.6441211700439453,0.9088101875,0.646792,4,,0.9,120.0,0,ok,48.021783113479614,
N=6|dead_zone=0.4|link_quality=0.3|n_missions=4|regime=jittery|rrf=60.0,H0,0,3753595226,6,60.0,4,jittery,0.4,0.3,0.75,0.5,0.25,0.0,0.0,0.3333333333333333,0.3,0.9182958340544896,0.3333333333333333,0.3,,,4,0,0,0.0,0.0,0.0,6,60.0,4,0.2536359375,0.3561666666666667,0.6959889531135559,0.868829375,0.7186666666666667,0.6685308218002319,0.868829375,0.6151934375,5,,0.9,,,ok,11.010406017303467,
N=6|dead_zone=0.2|link_quality=0.7|n_missions=4|regime=jittery|rrf=60.0,H1,19,667120907,6,60.0,4,jittery,0.2,0.7,1.5,0.75,0.5,0.25,0.0,1.0,0.9444444444444444,2.54146008131956,0.8333333333333334,0.75,0.75,1.7272727272727273,3,4,0,2.75,2.75,9.224510967731476,6,60.0,4,0.2620181875,0.3601666666666667,0.6959212422370911,0.9088101875,0.8236666666666667,0.6441211700439453,0.9088101875,0.646792,4,,0.9,120.0,0,ok,47.45700812339783,
N=6|dead_zone=0.4|link_quality=0.3|n_missions=4|regime=jittery|rrf=60.0,H0,0,3753595226,6,60.0,4,jittery,0.4,0.3,0.75,0.5,0.25,0.0,0.0,0.3333333333333333,0.3,0.9182958340544896,0.3333333333333333,0.3,,,4,0,0,0.0,0.0,0.0,6,60.0,4,0.2536359375,0.3561666666666667,0.6959889531135559,0.868829375,0.7186666666666667,0.6685308218002319,0.868829375,0.6151934375,5,,0.9,,,ok,11.476879596710205,
N=6|dead_zone=0.4|link_quality=0.3|n_missions=4|regime=jittery|rrf=60.0,H1,0,3753595226,6,60.0,4,jittery,0.4,0.3,2.0,0.75,0.75,0.5,0.0,1.0,0.9959349593495935,2.5818968599143517,0.6666666666666666,0.5925925925925926,0.75,2.1,3,4,0,2.5,2.25,8.454594612121582,6,60.0,4,0.2536359375,0.3561666666666667,0.6959889531135559,0.9203793125,0.8226666666666667,0.641800045967102,0.9203793125,0.666743375,4,,0.9,120.0,0,ok,45.31746816635132,
N=6|dead_zone=0.4|link_quality=0.3|n_missions=4|regime=jittery|rrf=60.0,H0,1,1896068534,6,60.0,4,jittery,0.4,0.3,0.75,0.5,0.25,0.0,0.0,0.5,0.5,1.584962500721156,0.5,0.5,,,4,0,0,0.0,0.0,0.0,6,60.0,4,0.2539984375,0.356,0.6959640979766846,0.8521653125,0.7216666666666667,0.6647392511367798,0.8521653125,0.598166875,5,,0.9,,,ok,12.008860111236572,
N=6|dead_zone=0.4|link_quality=0.3|n_missions=4|regime=jittery|rrf=60.0,H1,0,3753595226,6,60.0,4,jittery,0.4,0.3,2.0,0.75,0.75,0.5,0.0,1.0,0.9959349593495935,2.5818968599143517,0.6666666666666666,0.5925925925925926,0.75,2.1,3,4,0,2.5,2.25,8.47702181339264,6,60.0,4,0.2536359375,0.3561666666666667,0.6959889531135559,0.9203793125,0.8226666666666667,0.641800045967102,0.9203793125,0.666743375,4,,0.9,120.0,0,ok,45.12801241874695,
N=6|dead_zone=0.4|link_quality=0.3|n_missions=4|regime=jittery|rrf=60.0,H0,1,1896068534,6,60.0,4,jittery,0.4,0.3,0.75,0.5,0.25,0.0,0.0,0.5,0.5,1.584962500721156,0.5,0.5,,,4,0,0,0.0,0.0,0.0,6,60.0,4,0.2539984375,0.356,0.6959640979766846,0.8521653125,0.7216666666666667,0.6647392511367798,0.8521653125,0.598166875,5,,0.9,,,ok,13.398190259933472,
N=6|dead_zone=0.4|link_quality=0.3|n_missions=4|regime=jittery|rrf=60.0,H1,1,1896068534,6,60.0,4,jittery,0.4,0.3,2.0,1.0,0.75,0.25,0.0,1.0,0.9704301075268817,2.560671912866221,0.5,0.48484848484848486,1.0,1.6666666666666667,4,4,0,3.0,4.0,8.737330853939056,6,60.0,4,0.2539984375,0.356,0.6959640979766846,0.95644,0.8898333333333334,0.5708723664283752,0.95644,0.7024415625,5,,0.9,120.0,0,ok,46.096177101135254,
N=6|dead_zone=0.4|link_quality=0.3|n_missions=4|regime=jittery|rrf=60.0,H0,2,1680729271,6,60.0,4,jittery,0.4,0.3,0.0,0.0,0.0,0.0,0.0,0.0,1.0,0.0,0.0,1.0,,,4,0,0,0.0,0.0,0.0,6,60.0,4,0.2515695,0.35483333333333333,0.6960079669952393,0.2515695,0.35483333333333333,0.6960079669952393,0.2515695,0.0,5,,0.9,,,ok,5.033730983734131,
N=6|dead_zone=0.4|link_quality=0.3|n_missions=4|regime=jittery|rrf=60.0,H1,1,1896068534,6,60.0,4,jittery,0.4,0.3,2.0,1.0,0.75,0.25,0.0,1.0,0.9704301075268817,2.560671912866221,0.5,0.48484848484848486,1.0,1.6666666666666667,4,4,0,3.0,4.0,8.658013582229614,6,60.0,4,0.2539984375,0.356,0.6959640979766846,0.95644,0.8898333333333334,0.5708723664283752,0.95644,0.7024415625,5,,0.9,120.0,0,ok,45.30130696296692,
N=6|dead_zone=0.4|link_quality=0.3|n_missions=4|regime=jittery|rrf=60.0,H0,2,1680729271,6,60.0,4,jittery,0.4,0.3,0.0,0.0,0.0,0.0,0.0,0.0,1.0,0.0,0.0,1.0,,,4,0,0,0.0,0.0,0.0,6,60.0,4,0.2515695,0.35483333333333333,0.6960079669952393,0.2515695,0.35483333333333333,0.6960079669952393,0.2515695,0.0,5,,0.9,,,ok,4.716866731643677,
N=6|dead_zone=0.4|link_quality=0.3|n_missions=4|regime=jittery|rrf=60.0,H1,2,1680729271,6,60.0,4,jittery,0.4,0.3,2.0,0.75,0.75,0.75,0.0,1.0,0.9603174603174603,2.5503407095463886,0.6666666666666666,0.5925925925925926,0.75,1.7272727272727273,2,4,0,2.75,3.0,7.682688295841217,6,60.0,4,0.2515695,0.35483333333333333,0.6960079669952393,0.8752823750000001,0.8306666666666667,0.6754299402236938,0.8752823750000001,0.623712875,3,,0.9,120.0,0,ok,41.30379796028137,
N=6|dead_zone=0.4|link_quality=0.3|n_missions=4|regime=jittery|rrf=60.0,H1,2,1680729271,6,60.0,4,jittery,0.4,0.3,2.0,0.75,0.75,0.75,0.0,1.0,0.9603174603174603,2.5503407095463886,0.6666666666666666,0.5925925925925926,0.75,1.7272727272727273,2,4,0,2.75,3.0,7.515441715717316,6,60.0,4,0.2515695,0.35483333333333333,0.6960079669952393,0.8752823750000001,0.8306666666666667,0.6754299402236938,0.8752823750000001,0.623712875,3,,0.9,120.0,0,ok,40.63077521324158,
N=6|dead_zone=0.4|link_quality=0.3|n_missions=4|regime=jittery|rrf=60.0,H0,3,1476298190,6,60.0,4,jittery,0.4,0.3,1.75,1.0,0.5,0.25,0.0,0.6666666666666666,0.5444444444444444,1.8423709931771084,0.6666666666666666,0.5444444444444444,,,4,0,0,0.0,0.0,0.0,6,60.0,4,0.25659950000000004,0.35633333333333334,0.6959789991378784,0.96769925,0.8833333333333333,0.5725075006484985,0.96769925,0.71109975,5,,0.9,,,ok,16.17804980278015,
N=6|dead_zone=0.4|link_quality=0.3|n_missions=4|regime=jittery|rrf=60.0,H0,3,1476298190,6,60.0,4,jittery,0.4,0.3,1.75,1.0,0.5,0.25,0.0,0.6666666666666666,0.5444444444444444,1.8423709931771084,0.6666666666666666,0.5444444444444444,,,4,0,0,0.0,0.0,0.0,6,60.0,4,0.25659950000000004,0.35633333333333334,0.6959789991378784,0.96769925,0.8833333333333333,0.5725075006484985,0.96769925,0.71109975,5,,0.9,,,ok,17.382261753082275,
N=6|dead_zone=0.4|link_quality=0.3|n_missions=4|regime=jittery|rrf=60.0,H1,3,1476298190,6,60.0,4,jittery,0.4,0.3,1.25,1.0,0.25,0.25,0.0,1.0,0.9307692307692308,2.530622805321796,0.5,0.46296296296296297,1.0,1.5,4,4,0,2.5,4.0,7.094273626804352,6,60.0,4,0.25659950000000004,0.35633333333333334,0.6959789991378784,0.9558055000000001,0.814,0.5833512544631958,0.9615328125,0.699206,5,,0.9,120.0,0,ok,40.26556086540222,
N=6|dead_zone=0.4|link_quality=0.3|n_missions=4|regime=jittery|rrf=60.0,H0,4,639645282,6,60.0,4,jittery,0.4,0.3,0.5,0.5,0.0,0.0,0.0,0.3333333333333333,0.3333333333333333,1.0,0.3333333333333333,0.3333333333333333,,,4,0,0,0.0,0.0,0.0,6,60.0,4,0.2460425625,0.35633333333333334,0.6960237622261047,0.8999596874999999,0.786,0.659643292427063,0.8999596874999999,0.6539171249999999,5,,0.9,,,ok,9.609235286712646,
N=6|dead_zone=0.4|link_quality=0.3|n_missions=4|regime=jittery|rrf=60.0,H1,3,1476298190,6,60.0,4,jittery,0.4,0.3,1.25,1.0,0.25,0.25,0.0,1.0,0.9307692307692308,2.530622805321796,0.5,0.46296296296296297,1.0,1.5,4,4,0,2.5,4.0,6.986714780330658,6,60.0,4,0.25659950000000004,0.35633333333333334,0.6959789991378784,0.9558055000000001,0.814,0.5833512544631958,0.9615328125,0.699206,5,,0.9,120.0,0,ok,39.37477111816406,
N=6|dead_zone=0.4|link_quality=0.3|n_missions=4|regime=jittery|rrf=60.0,H0,4,639645282,6,60.0,4,jittery,0.4,0.3,0.5,0.5,0.0,0.0,0.0,0.3333333333333333,0.3333333333333333,1.0,0.3333333333333333,0.3333333333333333,,,4,0,0,0.0,0.0,0.0,6,60.0,4,0.2460425625,0.35633333333333334,0.6960237622261047,0.8999596874999999,0.786,0.659643292427063,0.8999596874999999,0.6539171249999999,5,,0.9,,,ok,10.13670015335083,
N=6|dead_zone=0.4|link_quality=0.3|n_missions=4|regime=jittery|rrf=60.0,H1,4,639645282,6,60.0,4,jittery,0.4,0.3,1.5,1.0,0.5,0.0,0.0,1.0,0.9704301075268817,2.560671912866221,0.5,0.5,1.0,1.6153846153846154,4,4,0,3.25,3.75,9.037404239177704,6,60.0,4,0.2460425625,0.35633333333333334,0.6960237622261047,0.9124489375,0.781,0.5739745497703552,0.9124489375,0.666406375,5,,0.9,120.0,0,ok,46.64818286895752,
N=6|dead_zone=0.4|link_quality=0.3|n_missions=4|regime=jittery|rrf=60.0,H0,5,271603714,6,60.0,4,jittery,0.4,0.3,0.75,0.75,0.0,0.0,0.0,0.3333333333333333,0.3,0.9182958340544896,0.3333333333333333,0.3,,,4,0,0,0.0,0.0,0.0,6,60.0,4,0.2613041875,0.3565,0.695954442024231,0.8849775,0.7603333333333333,0.643776535987854,0.8849775,0.6236733125,5,,0.9,,,ok,10.2116117477417,
N=6|dead_zone=0.4|link_quality=0.3|n_missions=4|regime=jittery|rrf=60.0,H1,4,639645282,6,60.0,4,jittery,0.4,0.3,1.5,1.0,0.5,0.0,0.0,1.0,0.9712643678160919,2.560852929836193,0.5,0.5,1.0,1.6153846153846154,4,4,0,3.25,3.75,9.47337120771408,6,60.0,4,0.2460425625,0.35633333333333334,0.6960237622261047,0.9124489375,0.781,0.5739745497703552,0.9124489375,0.666406375,5,,0.9,120.0,0,ok,49.164307594299316,
N=6|dead_zone=0.4|link_quality=0.3|n_missions=4|regime=jittery|rrf=60.0,H0,5,271603714,6,60.0,4,jittery,0.4,0.3,0.75,0.75,0.0,0.0,0.0,0.3333333333333333,0.3,0.9182958340544896,0.3333333333333333,0.3,,,4,0,0,0.0,0.0,0.0,6,60.0,4,0.2613041875,0.3565,0.695954442024231,0.8849775,0.7603333333333333,0.643776535987854,0.8849775,0.6236733125,5,,0.9,,,ok,10.267329454421997,
N=6|dead_zone=0.4|link_quality=0.3|n_missions=4|regime=jittery|rrf=60.0,H1,5,271603714,6,60.0,4,jittery,0.4,0.3,2.5,1.0,0.75,0.5,0.0,1.0,0.9958847736625515,2.5820239409642762,1.0,0.8333333333333334,1.0,1.6428571428571428,4,4,0,3.5,4.0,9.22699111700058,6,60.0,4,0.2613041875,0.3565,0.695954442024231,0.9489345625,0.8706666666666667,0.57747483253479,0.9489345625,0.6876303749999999,5,,0.9,120.0,0,ok,47.71231508255005,
N=6|dead_zone=0.4|link_quality=0.3|n_missions=4|regime=jittery|rrf=60.0,H0,6,735936602,6,60.0,4,jittery,0.4,0.3,1.5,0.75,0.5,0.25,0.0,0.6666666666666666,0.6,1.9182958340544896,0.6666666666666666,0.6,,,4,0,0,0.0,0.0,0.0,6,60.0,4,0.258664375,0.3605,0.6959760785102844,0.9488907499999999,0.8988333333333334,0.6417688131332397,0.9488907499999999,0.690226375,5,,0.9,,,ok,14.770790815353394,
N=6|dead_zone=0.4|link_quality=0.3|n_missions=4|regime=jittery|rrf=60.0,H1,5,271603714,6,60.0,4,jittery,0.4,0.3,2.5,1.0,0.75,0.5,0.0,1.0,0.9897750511247444,2.5773238024297203,1.0,0.8333333333333334,1.0,1.6428571428571428,4,4,0,3.5,3.75,9.115527212619781,6,60.0,4,0.2613041875,0.3565,0.695954442024231,0.9489345625,0.8706666666666667,0.57747483253479,0.9489345625,0.6876303749999999,5,,0.9,120.0,0,ok,47.06397891044617,
N=6|dead_zone=0.4|link_quality=0.3|n_missions=4|regime=jittery|rrf=60.0,H0,6,735936602,6,60.0,4,jittery,0.4,0.3,1.5,0.75,0.5,0.25,0.0,0.6666666666666666,0.6,1.9182958340544896,0.6666666666666666,0.6,,,4,0,0,0.0,0.0,0.0,6,60.0,4,0.258664375,0.3605,0.6959760785102844,0.9488907499999999,0.8988333333333334,0.6417688131332397,0.9488907499999999,0.690226375,5,,0.9,,,ok,24.2033212184906,
N=6|dead_zone=0.4|link_quality=0.3|n_missions=4|regime=jittery|rrf=60.0,H1,6,735936602,6,60.0,4,jittery,0.4,0.3,1.75,1.0,0.5,0.25,0.0,1.0,0.9712643678160919,2.5638902832874373,1.0,0.9074074074074074,1.0,1.5833333333333333,4,4,0,3.0,4.0,7.966593444347382,6,60.0,4,0.258664375,0.3605,0.6959760785102844,0.9525420625000001,0.8078333333333333,0.5914751887321472,0.9525420625000001,0.6938776875000001,5,,0.9,120.0,0,ok,42.86276626586914,
N=6|dead_zone=0.4|link_quality=0.3|n_missions=4|regime=jittery|rrf=60.0,H0,7,4126980074,6,60.0,4,jittery,0.4,0.3,0.75,0.75,0.0,0.0,0.0,0.3333333333333333,0.3,0.9182958340544896,0.3333333333333333,0.3,,,4,0,0,0.0,0.0,0.0,6,60.0,4,0.2601854375,0.3576666666666667,0.6959705948829651,0.9322885000000001,0.8583333333333333,0.6406729221343994,0.9322885000000001,0.6721030625000001,5,,0.9,,,ok,10.819602966308594,
N=6|dead_zone=0.4|link_quality=0.3|n_missions=4|regime=jittery|rrf=60.0,H1,6,735936602,6,60.0,4,jittery,0.4,0.3,1.75,1.0,0.5,0.25,0.0,1.0,0.9712643678160919,2.5638902832874373,1.0,0.9074074074074074,1.0,1.5833333333333333,4,4,0,3.0,4.0,7.957529962062836,6,60.0,4,0.258664375,0.3605,0.6959760785102844,0.9525420625000001,0.8078333333333333,0.5914751887321472,0.9525420625000001,0.6938776875000001,5,,0.9,120.0,0,ok,42.376933574676514,
N=6|dead_zone=0.4|link_quality=0.3|n_missions=4|regime=jittery|rrf=60.0,H0,7,4126980074,6,60.0,4,jittery,0.4,0.3,0.75,0.75,0.0,0.0,0.0,0.3333333333333333,0.3,0.9182958340544896,0.3333333333333333,0.3,,,4,0,0,0.0,0.0,0.0,6,60.0,4,0.2601854375,0.3576666666666667,0.6959705948829651,0.9322885000000001,0.8583333333333333,0.6406729221343994,0.9322885000000001,0.6721030625000001,5,,0.9,,,ok,10.878461837768555,
N=6|dead_zone=0.4|link_quality=0.3|n_missions=4|regime=jittery|rrf=60.0,H1,7,4126980074,6,60.0,4,jittery,0.4,0.3,1.5,0.75,0.75,0.0,0.0,1.0,0.9603174603174603,2.5540665597407552,0.6666666666666666,0.5,0.75,1.3846153846153846,3,4,0,3.25,3.0,8.90767776966095,6,60.0,4,0.2601854375,0.3576666666666667,0.6959705948829651,0.9387016875,0.8395,0.6440081596374512,0.9387016875,0.67851625,4,,0.9,120.0,0,ok,46.78589582443237,
N=6|dead_zone=0.4|link_quality=0.3|n_missions=4|regime=jittery|rrf=60.0,H0,8,1920926220,6,60.0,4,jittery,0.4,0.3,0.5,0.5,0.0,0.0,0.0,0.16666666666666666,0.16666666666666666,0.0,0.16666666666666666,0.16666666666666666,,,4,0,0,0.0,0.0,0.0,6,60.0,4,0.2725381875,0.3565,0.6958916783332825,0.9293593125000001,0.8413333333333334,0.6702879071235657,0.9293593125000001,0.6568211250000002,5,,0.9,,,ok,7.867095470428467,
N=6|dead_zone=0.4|link_quality=0.3|n_missions=4|regime=jittery|rrf=60.0,H1,7,4126980074,6,60.0,4,jittery,0.4,0.3,1.5,0.75,0.75,0.0,0.0,1.0,0.9603174603174603,2.5540665597407552,0.6666666666666666,0.5,0.75,1.3846153846153846,3,4,0,3.25,3.0,8.972360610961914,6,60.0,4,0.2601854375,0.3576666666666667,0.6959705948829651,0.9387016875,0.8395,0.6440081596374512,0.9387016875,0.67851625,4,,0.9,120.0,0,ok,46.959850788116455,
N=6|dead_zone=0.4|link_quality=0.3|n_missions=4|regime=jittery|rrf=60.0,H0,8,1920926220,6,60.0,4,jittery,0.4,0.3,0.5,0.5,0.0,0.0,0.0,0.16666666666666666,0.16666666666666666,0.0,0.16666666666666666,0.16666666666666666,,,4,0,0,0.0,0.0,0.0,6,60.0,4,0.2725381875,0.3565,0.6958916783332825,0.9293593125000001,0.8413333333333334,0.6702879071235657,0.9293593125000001,0.6568211250000002,5,,0.9,,,ok,7.571037292480469,
N=6|dead_zone=0.4|link_quality=0.3|n_missions=4|regime=jittery|rrf=60.0,H1,8,1920926220,6,60.0,4,jittery,0.4,0.3,1.0,1.0,0.0,1.0,0.0,1.0,0.8927813163481954,2.4985884300389443,0.5,0.4444444444444444,1.0,1.2222222222222223,2,4,0,2.25,5.0,5.510575473308563,6,60.0,4,0.2725381875,0.3565,0.6958916783332825,0.9072986875,0.7683333333333333,0.6605090498924255,0.9072986875,0.6347605000000001,3,,0.9,120.0,0,ok,32.35623574256897,
N=6|dead_zone=0.4|link_quality=0.3|n_missions=4|regime=jittery|rrf=60.0,H0,9,167682513,6,60.0,4,jittery,0.4,0.3,0.5,0.5,0.0,0.0,0.0,0.3333333333333333,0.3333333333333333,1.0,0.3333333333333333,0.3333333333333333,,,4,0,0,0.0,0.0,0.0,6,60.0,4,0.2625396875,0.36033333333333334,0.6959545612335205,0.7395296249999999,0.712,0.6611055731773376,0.7395296249999999,0.47698993749999985,5,,0.9,,,ok,10.797955751419067,
N=6|dead_zone=0.4|link_quality=0.3|n_missions=4|regime=jittery|rrf=60.0,H1,8,1920926220,6,60.0,4,jittery,0.4,0.3,1.0,1.0,0.0,1.0,0.0,1.0,0.8927813163481954,2.4985884300389443,0.5,0.4444444444444444,1.0,1.2222222222222223,2,4,0,2.25,5.0,5.514100015163422,6,60.0,4,0.2725381875,0.3565,0.6958916783332825,0.9072986875,0.7683333333333333,0.6605090498924255,0.9072986875,0.6347605000000001,3,,0.9,120.0,0,ok,32.95414352416992,
N=6|dead_zone=0.4|link_quality=0.3|n_missions=4|regime=jittery|rrf=60.0,H0,9,167682513,6,60.0,4,jittery,0.4,0.3,0.5,0.5,0.0,0.0,0.0,0.3333333333333333,0.3333333333333333,1.0,0.3333333333333333,0.3333333333333333,,,4,0,0,0.0,0.0,0.0,6,60.0,4,0.2625396875,0.36033333333333334,0.6959545612335205,0.7395296249999999,0.712,0.6611055731773376,0.7395296249999999,0.47698993749999985,5,,0.9,,,ok,9.649604320526123,
N=6|dead_zone=0.4|link_quality=0.3|n_missions=4|regime=jittery|rrf=60.0,H1,9,167682513,6,60.0,4,jittery,0.4,0.3,2.25,0.75,0.75,0.75,0.0,1.0,0.9282560706401766,2.518378531956389,0.8333333333333334,0.7105263157894737,0.75,1.5454545454545454,3,4,0,2.75,3.0,6.874794244766235,6,60.0,4,0.2625396875,0.36033333333333334,0.6959545612335205,0.92818025,0.8361666666666666,0.6390560865402222,0.92818025,0.6656405625,4,,0.9,120.0,0,ok,38.28069710731506,
N=6|dead_zone=0.4|link_quality=0.3|n_missions=4|regime=jittery|rrf=60.0,H0,10,4117651404,6,60.0,4,jittery,0.4,0.3,1.25,1.0,0.25,0.0,0.0,0.5,0.46296296296296297,1.5219280948873621,0.5,0.46296296296296297,,,4,0,0,0.0,0.0,0.0,6,60.0,4,0.26518862499999996,0.3596666666666667,0.6959508657455444,0.9354594374999999,0.8111666666666667,0.5808190703392029,0.9354594374999999,0.6702708125,5,,0.9,,,ok,13.47166657447815,
N=6|dead_zone=0.4|link_quality=0.3|n_missions=4|regime=jittery|rrf=60.0,H1,9,167682513,6,60.0,4,jittery,0.4,0.3,2.25,0.75,0.75,0.75,0.0,1.0,0.9282560706401766,2.518378531956389,0.8333333333333334,0.7105263157894737,0.75,1.5454545454545454,3,4,0,2.75,3.0,6.859503209590912,6,60.0,4,0.2625396875,0.36033333333333334,0.6959545612335205,0.92818025,0.8361666666666666,0.6390560865402222,0.92818025,0.6656405625,4,,0.9,120.0,0,ok,37.70769429206848,
N=6|dead_zone=0.4|link_quality=0.3|n_missions=4|regime=jittery|rrf=60.0,H0,10,4117651404,6,60.0,4,jittery,0.4,0.3,1.25,1.0,0.25,0.0,0.0,0.5,0.46296296296296297,1.5219280948873621,0.5,0.46296296296296297,,,4,0,0,0.0,0.0,0.0,6,60.0,4,0.26518862499999996,0.3596666666666667,0.6959508657455444,0.9354594374999999,0.8111666666666667,0.5808190703392029,0.9354594374999999,0.6702708125,5,,0.9,,,ok,13.444716691970825,
N=6|dead_zone=0.4|link_quality=0.3|n_missions=4|regime=jittery|rrf=60.0,H1,10,4117651404,6,60.0,4,jittery,0.4,0.3,1.0,0.75,0.25,0.0,0.0,1.0,0.9607843137254902,2.5566567074628233,0.5,0.4444444444444444,0.75,1.6,3,4,0,2.5,2.25,7.682191431522369,6,60.0,4,0.26518862499999996,0.3596666666666667,0.6959508657455444,0.8665585625,0.7598333333333334,0.6490944027900696,0.8665585625,0.6013699375,4,,0.9,120.0,0,ok,41.87761688232422,
N=6|dead_zone=0.4|link_quality=0.3|n_missions=4|regime=jittery|rrf=60.0,H0,11,3398301431,6,60.0,4,jittery,0.4,0.3,0.25,0.25,0.0,0.0,0.0,0.16666666666666666,0.16666666666666666,0.0,0.16666666666666666,0.16666666666666666,,,4,0,0,0.0,0.0,0.0,6,60.0,4,0.283218625,0.3556666666666667,0.695833683013916,0.730425875,0.6556666666666666,0.6781671643257141,0.730425875,0.44720725,5,,0.9,,,ok,8.437421798706055,
N=6|dead_zone=0.4|link_quality=0.3|n_missions=4|regime=jittery|rrf=60.0,H1,10,4117651404,6,60.0,4,jittery,0.4,0.3,1.0,0.75,0.25,0.0,0.0,1.0,0.9607843137254902,2.5566567074628233,0.5,0.4444444444444444,0.75,1.6,3,4,0,2.5,2.25,7.654840290546417,6,60.0,4,0.26518862499999996,0.3596666666666667,0.6959508657455444,0.8665585625,0.7598333333333334,0.6490944027900696,0.8665585625,0.6013699375,4,,0.9,120.0,0,ok,41.49470329284668,
N=6|dead_zone=0.4|link_quality=0.3|n_missions=4|regime=jittery|rrf=60.0,H0,11,3398301431,6,60.0,4,jittery,0.4,0.3,0.25,0.25,0.0,0.0,0.0,0.16666666666666666,0.16666666666666666,0.0,0.16666666666666666,0.16666666666666666,,,4,0,0,0.0,0.0,0.0,6,60.0,4,0.283218625,0.3556666666666667,0.695833683013916,0.730425875,0.6556666666666666,0.6781671643257141,0.730425875,0.44720725,5,,0.9,,,ok,8.091108322143555,
N=6|dead_zone=0.4|link_quality=0.3|n_missions=4|regime=jittery|rrf=60.0,H1,11,3398301431,6,60.0,4,jittery,0.4,0.3,2.0,1.0,0.75,0.25,0.0,1.0,0.978319783197832,2.5683164932728872,1.0,0.8888888888888888,1.0,2.0,4,4,0,2.5,3.0,7.756157100200653,6,60.0,4,0.283218625,0.3556666666666667,0.695833683013916,0.9475229374999999,0.9068333333333334,0.5721842646598816,0.9475229374999999,0.6643043124999999,5,4,0.9,120.0,0,ok,42.26505637168884,
N=6|dead_zone=0.4|link_quality=0.3|n_missions=4|regime=jittery|rrf=60.0,H0,12,3631430053,6,60.0,4,jittery,0.4,0.3,0.75,0.5,0.25,0.0,0.0,0.3333333333333333,0.3,0.9182958340544896,0.3333333333333333,0.3,,,4,0,0,0.0,0.0,0.0,6,60.0,4,0.2610621875,0.35683333333333334,0.6959190964698792,0.833844,0.7271666666666666,0.6675747632980347,0.833844,0.5727818125,5,,0.9,,,ok,10.224561214447021,
N=6|dead_zone=0.4|link_quality=0.3|n_missions=4|regime=jittery|rrf=60.0,H1,11,3398301431,6,60.0,4,jittery,0.4,0.3,2.0,1.0,0.75,0.25,0.0,1.0,0.978319783197832,2.5683164932728872,1.0,0.8888888888888888,1.0,2.0,4,4,0,2.5,3.0,7.7799898982048035,6,60.0,4,0.283218625,0.3556666666666667,0.695833683013916,0.9475229375,0.9068333333333334,0.5721842646598816,0.9475229375,0.6643043125000001,5,4,0.9,120.0,0,ok,42.02184748649597,
N=6|dead_zone=0.4|link_quality=0.3|n_missions=4|regime=jittery|rrf=60.0,H0,12,3631430053,6,60.0,4,jittery,0.4,0.3,0.75,0.5,0.25,0.0,0.0,0.3333333333333333,0.3,0.9182958340544896,0.3333333333333333,0.3,,,4,0,0,0.0,0.0,0.0,6,60.0,4,0.2610621875,0.35683333333333334,0.6959190964698792,0.833844,0.7271666666666666,0.6675747632980347,0.833844,0.5727818125,5,,0.9,,,ok,9.693045139312744,
N=6|dead_zone=0.4|link_quality=0.3|n_missions=4|regime=jittery|rrf=60.0,H1,12,3631430053,6,60.0,4,jittery,0.4,0.3,0.75,0.5,0.25,0.0,0.0,1.0,0.981081081081081,2.571672260071259,0.5,0.5,0.5,1.3333333333333333,2,4,0,3.0,2.0,9.754312217235565,6,60.0,4,0.2610621875,0.35683333333333334,0.6959190964698792,0.8811287499999999,0.756,0.6742818355560303,0.8811287499999999,0.6200665624999999,3,,0.9,120.0,0,ok,49.25106620788574,
N=6|dead_zone=0.4|link_quality=0.3|n_missions=4|regime=jittery|rrf=60.0,H0,13,339328397,6,60.0,4,jittery,0.4,0.3,0.5,0.5,0.0,0.0,0.0,0.3333333333333333,0.3333333333333333,1.0,0.3333333333333333,0.3333333333333333,,,4,0,0,0.0,0.0,0.0,6,60.0,4,0.2708839375,0.3565,0.6959108114242554,0.8915448125,0.8236666666666667,0.6703976988792419,0.8915448125,0.620660875,5,,0.9,,,ok,10.124237775802612,
N=6|dead_zone=0.4|link_quality=0.3|n_missions=4|regime=jittery|rrf=60.0,H1,12,3631430053,6,60.0,4,jittery,0.4,0.3,0.75,0.5,0.25,0.0,0.0,1.0,0.981081081081081,2.571672260071259,0.5,0.5,0.5,1.3333333333333333,2,4,0,3.0,2.0,9.715126156806946,6,60.0,4,0.2610621875,0.35683333333333334,0.6959190964698792,0.8811287499999999,0.756,0.6742818355560303,0.8811287499999999,0.6200665624999999,3,,0.9,120.0,0,ok,48.72794795036316,
N=6|dead_zone=0.4|link_quality=0.3|n_missions=4|regime=jittery|rrf=60.0,H0,13,339328397,6,60.0,4,jittery,0.4,0.3,0.5,0.5,0.0,0.0,0.0,0.3333333333333333,0.3333333333333333,1.0,0.3333333333333333,0.3333333333333333,,,4,0,0,0.0,0.0,0.0,6,60.0,4,0.2708839375,0.3565,0.6959108114242554,0.8915448125,0.8236666666666667,0.6703976988792419,0.8915448125,0.620660875,5,,0.9,,,ok,10.535386085510254,
N=6|dead_zone=0.4|link_quality=0.3|n_missions=4|regime=jittery|rrf=60.0,H1,13,339328397,6,60.0,4,jittery,0.4,0.3,1.0,1.0,0.0,0.0,0.0,1.0,0.9259259259259259,2.53012496531497,0.5,0.4444444444444444,1.0,1.3333333333333333,4,4,0,2.25,3.0,6.304274499416351,6,60.0,4,0.2708839375,0.3565,0.6959108114242554,0.9410248125,0.833,0.6027175188064575,0.9410248125,0.670140875,5,,0.9,120.0,0,ok,36.2513210773468,
N=6|dead_zone=0.4|link_quality=0.3|n_missions=4|regime=jittery|rrf=60.0,H0,14,2053311178,6,60.0,4,jittery,0.4,0.3,0.25,0.25,0.0,0.0,0.0,0.16666666666666666,0.16666666666666666,0.0,0.16666666666666666,0.16666666666666666,,,4,0,0,0.0,0.0,0.0,6,60.0,4,0.2552105,0.35783333333333334,0.6959718465805054,0.7443730000000002,0.7173333333333334,0.6727254390716553,0.7443730000000002,0.48916250000000017,5,,0.9,,,ok,8.670566320419312,
N=6|dead_zone=0.4|link_quality=0.3|n_missions=4|regime=jittery|rrf=60.0,H1,13,339328397,6,60.0,4,jittery,0.4,0.3,1.0,1.0,0.0,0.0,0.0,1.0,0.9259259259259259,2.53012496531497,0.5,0.4444444444444444,1.0,1.3333333333333333,4,4,0,2.25,3.0,6.241145491600037,6,60.0,4,0.2708839375,0.3565,0.6959108114242554,0.9410248125,0.833,0.6027175188064575,0.9410248125,0.670140875,5,,0.9,120.0,0,ok,35.7335467338562,
N=6|dead_zone=0.4|link_quality=0.3|n_missions=4|regime=jittery|rrf=60.0,H0,14,2053311178,6,60.0,4,jittery,0.4,0.3,0.25,0.25,0.0,0.0,0.0,0.16666666666666666,0.16666666666666666,0.0,0.16666666666666666,0.16666666666666666,,,4,0,0,0.0,0.0,0.0,6,60.0,4,0.2552105,0.35783333333333334,0.6959718465805054,0.7443730000000002,0.7173333333333334,0.6727254390716553,0.7443730000000002,0.48916250000000017,5,,0.9,,,ok,8.154750347137451,
N=6|dead_zone=0.4|link_quality=0.3|n_missions=4|regime=jittery|rrf=60.0,H1,14,2053311178,6,60.0,4,jittery,0.4,0.3,1.75,1.0,0.5,0.25,0.0,1.0,0.9876543209876543,2.5752515262260385,0.6666666666666666,0.6282051282051282,1.0,2.2,4,4,0,2.5,3.0,7.299514889717102,6,60.0,4,0.2552105,0.35783333333333334,0.6959718465805054,0.9212890000000001,0.8071666666666667,0.5706179141998291,0.9212890000000001,0.6660785000000001,5,,0.9,120.0,0,ok,40.72398400306702,
N=6|dead_zone=0.4|link_quality=0.3|n_missions=4|regime=jittery|rrf=60.0,H0,15,4257253500,6,60.0,4,jittery,0.4,0.3,0.75,0.5,0.25,0.0,0.0,0.5,0.5,1.584962500721156,0.5,0.5,,,4,0,0,0.0,0.0,0.0,6,60.0,4,0.265001,0.35633333333333334,0.6959393620491028,0.9018118125,0.7628333333333334,0.6724053025245667,0.9018118125,0.6368108125,5,,0.9,,,ok,13.294164896011353,
N=6|dead_zone=0.4|link_quality=0.3|n_missions=4|regime=jittery|rrf=60.0,H1,14,2053311178,6,60.0,4,jittery,0.4,0.3,1.75,1.0,0.5,0.25,0.0,1.0,0.9876543209876543,2.5752515262260385,0.6666666666666666,0.6282051282051282,1.0,2.2,4,4,0,2.5,3.0,7.176261305809021,6,60.0,4,0.2552105,0.35783333333333334,0.6959718465805054,0.9212890000000001,0.8071666666666667,0.5706179141998291,0.9212890000000001,0.6660785000000001,5,,0.9,120.0,0,ok,40.38045811653137,
N=6|dead_zone=0.4|link_quality=0.3|n_missions=4|regime=jittery|rrf=60.0,H0,15,4257253500,6,60.0,4,jittery,0.4,0.3,0.75,0.5,0.25,0.0,0.0,0.5,0.5,1.584962500721156,0.5,0.5,,,4,0,0,0.0,0.0,0.0,6,60.0,4,0.265001,0.35633333333333334,0.6959393620491028,0.9018118125,0.7628333333333334,0.6724053025245667,0.9018118125,0.6368108125,5,,0.9,,,ok,12.850034475326538,
N=6|dead_zone=0.4|link_quality=0.3|n_missions=4|regime=jittery|rrf=60.0,H1,15,4257253500,6,60.0,4,jittery,0.4,0.3,1.5,1.0,0.25,0.25,0.0,1.0,0.9391304347826087,2.531856507158613,0.6666666666666666,0.6,1.0,1.8,3,4,0,2.5,4.0,7.88574343919754,6,60.0,4,0.265001,0.35633333333333334,0.6959393620491028,0.8909006875000001,0.7516666666666667,0.6216825246810913,0.8909006875000001,0.6258996875,4,,0.9,120.0,0,ok,43.19794821739197,
N=6|dead_zone=0.4|link_quality=0.3|n_missions=4|regime=jittery|rrf=60.0,H0,16,2083683783,6,60.0,4,jittery,0.4,0.3,0.5,0.5,0.0,0.0,0.0,0.3333333333333333,0.3333333333333333,1.0,0.3333333333333333,0.3333333333333333,,,4,0,0,0.0,0.0,0.0,6,60.0,4,0.274008,0.35733333333333334,0.6959039568901062,0.8157760000000001,0.72,0.6663569808006287,0.8157760000000001,0.541768,5,,0.9,,,ok,10.822144508361816,
N=6|dead_zone=0.4|link_quality=0.3|n_missions=4|regime=jittery|rrf=60.0,H1,15,4257253500,6,60.0,4,jittery,0.4,0.3,1.5,1.0,0.25,0.25,0.0,1.0,0.9391304347826087,2.531856507158613,0.6666666666666666,0.6,1.0,1.8,3,4,0,2.5,4.0,7.851907551288605,6,60.0,4,0.265001,0.35633333333333334,0.6959393620491028,0.8909006875000001,0.7516666666666667,0.6216825246810913,0.8909006875000001,0.6258996875,4,,0.9,120.0,0,ok,42.57804274559021,
N=6|dead_zone=0.4|link_quality=0.3|n_missions=4|regime=jittery|rrf=60.0,H0,16,2083683783,6,60.0,4,jittery,0.4,0.3,0.5,0.5,0.0,0.0,0.0,0.3333333333333333,0.3333333333333333,1.0,0.3333333333333333,0.3333333333333333,,,4,0,0,0.0,0.0,0.0,6,60.0,4,0.274008,0.35733333333333334,0.6959039568901062,0.8157760000000001,0.72,0.6663569808006287,0.8157760000000001,0.541768,5,,0.9,,,ok,10.073671817779541,
N=6|dead_zone=0.4|link_quality=0.3|n_missions=4|regime=jittery|rrf=60.0,H1,16,2083683783,6,60.0,4,jittery,0.4,0.3,2.5,0.75,0.5,0.5,0.0,1.0,0.9707070707070707,2.562616778534694,1.0,0.8333333333333334,0.75,2.0,3,4,0,2.25,2.25,6.051723837852478,6,60.0,4,0.274008,0.35733333333333334,0.6959039568901062,0.9122496250000001,0.78,0.6491812467575073,0.9122496250000001,0.638241625,4,,0.9,120.0,0,ok,35.52825403213501,
N=6|dead_zone=0.4|link_quality=0.3|n_missions=4|regime=jittery|rrf=60.0,H0,17,2944623914,6,60.0,4,jittery,0.4,0.3,0.5,0.5,0.0,0.0,0.0,0.16666666666666666,0.16666666666666666,0.0,0.16666666666666666,0.16666666666666666,,,4,0,0,0.0,0.0,0.0,6,60.0,4,0.264145125,0.3591666666666667,0.6959481835365295,0.7539429375,0.7916666666666666,0.6723349690437317,0.7539429375,0.4897978125,5,,0.9,,,ok,7.740860223770142,
N=6|dead_zone=0.4|link_quality=0.3|n_missions=4|regime=jittery|rrf=60.0,H1,16,2083683783,6,60.0,4,jittery,0.4,0.3,2.75,0.75,0.75,0.5,0.0,1.0,0.9696969696969697,2.5612781244591325,1.0,0.8768115942028986,0.75,2.0,3,4,0,2.25,2.25,5.986868679523468,6,60.0,4,0.274008,0.35733333333333334,0.6959039568901062,0.8968417500000001,0.7988333333333333,0.6450890302658081,0.8968417500000001,0.6228337500000001,4,,0.9,120.0,0,ok,35.117281913757324,
N=6|dead_zone=0.4|link_quality=0.3|n_missions=4|regime=jittery|rrf=60.0,H0,17,2944623914,6,60.0,4,jittery,0.4,0.3,0.5,0.5,0.0,0.0,0.0,0.16666666666666666,0.16666666666666666,0.0,0.16666666666666666,0.16666666666666666,,,4,0,0,0.0,0.0,0.0,6,60.0,4,0.264145125,0.3591666666666667,0.6959481835365295,0.7539429375,0.7916666666666666,0.6723349690437317,0.7539429375,0.4897978125,5,,0.9,,,ok,7.310095310211182,
N=6|dead_zone=0.4|link_quality=0.3|n_missions=4|regime=jittery|rrf=60.0,H1,17,2944623914,6,60.0,4,jittery,0.4,0.3,1.25,0.5,0.25,0.25,0.0,1.0,0.9922480620155039,2.579434002924965,0.6666666666666666,0.5952380952380952,0.5,1.8,2,4,0,2.5,1.5,7.620313882827759,6,60.0,4,0.264145125,0.3591666666666667,0.6959481835365295,0.8825909375000001,0.7041666666666667,0.6702284216880798,0.8825909375000001,0.6184458125000001,3,,0.9,120.0,0,ok,41.1631555557251,
N=6|dead_zone=0.4|link_quality=0.3|n_missions=4|regime=jittery|rrf=60.0,H0,18,1863405,6,60.0,4,jittery,0.4,0.3,0.75,0.75,0.0,0.0,0.0,0.5,0.5,1.584962500721156,0.5,0.5,,,4,0,0,0.0,0.0,0.0,6,60.0,4,0.2591795625,0.3605,0.6959758996963501,0.9293410625,0.6718333333333333,0.631147563457489,0.9293410625,0.6701615000000001,5,,0.9,,,ok,13.06047248840332,
N=6|dead_zone=0.4|link_quality=0.3|n_missions=4|regime=jittery|rrf=60.0,H1,17,2944623914,6,60.0,4,jittery,0.4,0.3,1.5,0.75,0.25,0.25,0.0,1.0,0.9918032786885246,2.578992712198113,0.8333333333333334,0.75,0.75,1.8,3,4,0,2.5,2.25,7.590407371520996,6,60.0,4,0.264145125,0.3591666666666667,0.6959481835365295,0.930659875,0.8553333333333333,0.6435940265655518,0.930659875,0.66651475,4,,0.9,120.0,0,ok,41.01531505584717,
N=6|dead_zone=0.4|link_quality=0.3|n_missions=4|regime=jittery|rrf=60.0,H0,18,1863405,6,60.0,4,jittery,0.4,0.3,0.75,0.75,0.0,0.0,0.0,0.5,0.5,1.584962500721156,0.5,0.5,,,4,0,0,0.0,0.0,0.0,6,60.0,4,0.2591795625,0.3605,0.6959758996963501,0.9293410625,0.6718333333333333,0.631147563457489,0.9293410625,0.6701615000000001,5,,0.9,,,ok,13.140807390213013,
N=6|dead_zone=0.4|link_quality=0.3|n_missions=4|regime=jittery|rrf=60.0,H1,18,1863405,6,60.0,4,jittery,0.4,0.3,1.5,0.75,0.5,0.5,0.0,1.0,0.9707070707070707,2.562616778534694,0.6666666666666666,0.5,0.75,1.7,3,4,0,2.5,3.0,6.359784722328186,6,60.0,4,0.2591795625,0.3605,0.6959758996963501,0.9191480000000001,0.8335,0.6248982548713684,0.9191480000000001,0.6599684375000001,4,,0.9,120.0,0,ok,37.38316202163696,
N=6|dead_zone=0.4|link_quality=0.3|n_missions=4|regime=jittery|rrf=60.0,H0,19,1123706994,6,60.0,4,jittery,0.4,0.3,1.25,1.0,0.25,0.0,0.0,0.3333333333333333,0.32051282051282054,0.9709505944546686,0.3333333333333333,0.32051282051282054,,,4,0,0,0.0,0.0,0.0,6,60.0,4,0.2493936875,0.35383333333333333,0.6959793567657471,0.9684013124999999,0.915,0.5781481266021729,0.9684013124999999,0.7190076249999999,5,4,0.9,,,ok,11.580487728118896,
N=6|dead_zone=0.4|link_quality=0.3|n_missions=4|regime=jittery|rrf=60.0,H1,18,1863405,6,60.0,4,jittery,0.4,0.3,1.75,0.75,0.75,0.75,0.0,1.0,0.9696969696969697,2.5612781244591325,0.6666666666666666,0.5444444444444444,0.75,1.7,3,4,0,2.5,3.0,6.2593207359313965,6,60.0,4,0.2591795625,0.3605,0.6959758996963501,0.932085625,0.8331666666666667,0.6197806000709534,0.932085625,0.6729060625000001,4,,0.9,120.0,0,ok,36.95771837234497,
N=6|dead_zone=0.4|link_quality=0.3|n_missions=4|regime=jittery|rrf=60.0,H0,19,1123706994,6,60.0,4,jittery,0.4,0.3,1.25,1.0,0.25,0.0,0.0,0.3333333333333333,0.32051282051282054,0.9709505944546686,0.3333333333333333,0.32051282051282054,,,4,0,0,0.0,0.0,0.0,6,60.0,4,0.2493936875,0.35383333333333333,0.6959793567657471,0.9684013124999999,0.915,0.5781481266021729,0.9684013124999999,0.7190076249999999,5,4,0.9,,,ok,11.52182388305664,
N=6|dead_zone=0.4|link_quality=0.3|n_missions=4|regime=jittery|rrf=60.0,H1,19,1123706994,6,60.0,4,jittery,0.4,0.3,2.0,1.0,0.75,0.25,0.0,1.0,0.972972972972973,2.5648312573723095,0.6666666666666666,0.48484848484848486,1.0,1.2857142857142858,4,4,0,3.5,4.0,7.784041523933411,6,60.0,4,0.2493936875,0.35383333333333333,0.6959793567657471,0.9468555625,0.7346666666666667,0.6080906987190247,0.9468555625,0.697461875,5,,0.9,120.0,0,ok,42.87150692939758,
N=6|dead_zone=0.4|link_quality=0.5|n_missions=4|regime=jittery|rrf=60.0,H0,0,2544675704,6,60.0,4,jittery,0.4,0.5,0.75,0.5,0.25,0.0,0.0,0.3333333333333333,0.3,0.9182958340544896,0.3333333333333333,0.3,,,4,0,0,0.0,0.0,0.0,6,60.0,4,0.26616399999999996,0.35933333333333334,0.6959033012390137,0.8798346250000001,0.8221666666666667,0.6738256812095642,0.8798346250000001,0.6136706250000001,5,,0.9,,,ok,10.153377056121826,
N=6|dead_zone=0.4|link_quality=0.3|n_missions=4|regime=jittery|rrf=60.0,H1,19,1123706994,6,60.0,4,jittery,0.4,0.3,2.0,1.0,0.75,0.25,0.0,1.0,0.972972972972973,2.5648312573723095,0.6666666666666666,0.48484848484848486,1.0,1.2857142857142858,4,4,0,3.5,4.0,7.746793746948242,6,60.0,4,0.2493936875,0.35383333333333333,0.6959793567657471,0.9468555625,0.7346666666666667,0.6080906987190247,0.9468555625,0.697461875,5,,0.9,120.0,0,ok,42.174872159957886,
N=6|dead_zone=0.4|link_quality=0.5|n_missions=4|regime=jittery|rrf=60.0,H0,0,2544675704,6,60.0,4,jittery,0.4,0.5,0.75,0.5,0.25,0.0,0.0,0.3333333333333333,0.3,0.9182958340544896,0.3333333333333333,0.3,,,4,0,0,0.0,0.0,0.0,6,60.0,4,0.26616399999999996,0.35933333333333334,0.6959033012390137,0.8798346250000001,0.8221666666666667,0.6738256812095642,0.8798346250000001,0.6136706250000001,5,,0.9,,,ok,9.728375911712646,
N=6|dead_zone=0.4|link_quality=0.5|n_missions=4|regime=jittery|rrf=60.0,H1,0,2544675704,6,60.0,4,jittery,0.4,0.5,0.75,0.75,0.0,0.0,0.0,1.0,0.994824016563147,2.581358330499424,0.5,0.5,0.75,1.5,3,4,0,3.0,3.0,9.06520277261734,6,60.0,4,0.26616399999999996,0.35933333333333334,0.6959033012390137,0.8804003749999999,0.7841666666666667,0.646211564540863,0.8804003749999999,0.614236375,4,,0.9,120.0,0,ok,46.98403239250183,
N=6|dead_zone=0.4|link_quality=0.5|n_missions=4|regime=jittery|rrf=60.0,H0,1,1047897470,6,60.0,4,jittery,0.4,0.5,1.5,1.0,0.5,0.0,0.0,0.5,0.5,1.584962500721156,0.5,0.5,,,4,0,0,0.0,0.0,0.0,6,60.0,4,0.26132875,0.35983333333333334,0.6959125995635986,0.9346203124999999,0.8553333333333333,0.602413535118103,0.9346203124999999,0.6732915624999999,5,,0.9,,,ok,12.860832929611206,
N=6|dead_zone=0.4|link_quality=0.5|n_missions=4|regime=jittery|rrf=60.0,H1,0,2544675704,6,60.0,4,jittery,0.4,0.5,0.75,0.75,0.0,0.0,0.0,1.0,0.994824016563147,2.581358330499424,0.5,0.5,0.75,1.5,3,4,0,3.0,3.0,9.04105943441391,6,60.0,4,0.26616399999999996,0.35933333333333334,0.6959033012390137,0.8804003749999999,0.7841666666666667,0.646211564540863,0.8804003749999999,0.614236375,4,,0.9,120.0,0,ok,46.79676055908203,
N=6|dead_zone=0.4|link_quality=0.5|n_missions=4|regime=jittery|rrf=60.0,H0,1,1047897470,6,60.0,4,jittery,0.4,0.5,1.5,1.0,0.5,0.0,0.0,0.5,0.5,1.584962500721156,0.5,0.5,,,4,0,0,0.0,0.0,0.0,6,60.0,4,0.26132875,0.35983333333333334,0.6959125995635986,0.9346203124999999,0.8553333333333333,0.602413535118103,0.9346203124999999,0.6732915624999999,5,,0.9,,,ok,13.450896501541138,
N=6|dead_zone=0.4|link_quality=0.5|n_missions=4|regime=jittery|rrf=60.0,H1,1,1047897470,6,60.0,4,jittery,0.4,0.5,0.75,0.75,0.0,0.0,0.0,1.0,0.9418604651162791,2.5410194462072706,0.16666666666666666,0.16666666666666666,0.75,1.5454545454545454,3,4,0,2.75,3.0,7.113717138767242,6,60.0,4,0.26132875,0.35983333333333334,0.6959125995635986,0.92487275,0.7903333333333333,0.6437886357307434,0.92487275,0.663544,4,,0.9,120.0,0,ok,39.30214190483093,
N=6|dead_zone=0.4|link_quality=0.5|n_missions=4|regime=jittery|rrf=60.0,H0,2,2768330049,6,60.0,4,jittery,0.4,0.5,0.25,0.25,0.0,0.0,0.0,0.16666666666666666,0.16666666666666666,0.0,0.16666666666666666,0.16666666666666666,,,4,0,0,0.0,0.0,0.0,6,60.0,4,0.27922025,0.3541666666666667,0.6958653330802917,0.7025851875,0.6241666666666666,0.6811661124229431,0.7025851875,0.4233649375,5,,0.9,,,ok,7.832235097885132,
N=6|dead_zone=0.4|link_quality=0.5|n_missions=4|regime=jittery|rrf=60.0,H1,1,1047897470,6,60.0,4,jittery,0.4,0.5,1.0,0.75,0.25,0.25,0.0,1.0,0.9615384615384616,2.553445297804259,0.3333333333333333,0.26666666666666666,0.75,1.5454545454545454,3,4,0,2.75,3.25,7.671798229217529,6,60.0,4,0.26132875,0.35983333333333334,0.6959125995635986,0.9165428125,0.8256666666666667,0.6471979022026062,0.9165428125,0.6552140625,4,,0.9,120.0,0,ok,42.06998372077942,
N=6|dead_zone=0.4|link_quality=0.5|n_missions=4|regime=jittery|rrf=60.0,H0,2,2768330049,6,60.0,4,jittery,0.4,0.5,0.25,0.25,0.0,0.0,0.0,0.16666666666666666,0.16666666666666666,0.0,0.16666666666666666,0.16666666666666666,,,4,0,0,0.0,0.0,0.0,6,60.0,4,0.27922025,0.3541666666666667,0.6958653330802917,0.7025851875,0.6241666666666666,0.6811661124229431,0.7025851875,0.4233649375,5,,0.9,,,ok,7.153987169265747,
N=6|dead_zone=0.4|link_quality=0.5|n_missions=4|regime=jittery|rrf=60.0,H1,2,2768330049,6,60.0,4,jittery,0.4,0.5,1.75,1.0,0.75,0.75,0.0,1.0,0.9003115264797508,2.495824228840344,0.6666666666666666,0.6282051282051282,1.0,1.3333333333333333,3,4,0,3.0,5.0,7.672114133834839,6,60.0,4,0.27922025,0.3541666666666667,0.6958653330802917,0.8296134375,0.7138333333333333,0.6646353602409363,0.8296134375,0.5503931875000001,4,,0.9,120.0,0,ok,41.309407472610474,
N=6|dead_zone=0.4|link_quality=0.5|n_missions=4|regime=jittery|rrf=60.0,H0,3,959927020,6,60.0,4,jittery,0.4,0.5,1.0,1.0,0.0,0.0,0.0,0.3333333333333333,0.26666666666666666,0.8112781244591328,0.3333333333333333,0.26666666666666666,,,4,0,0,0.0,0.0,0.0,6,60.0,4,0.25684806250000003,0.3545,0.6959741115570068,0.9543271874999999,0.8001666666666667,0.5987655520439148,0.9543271874999999,0.6974791249999999,5,,0.9,,,ok,10.446510553359985,
N=6|dead_zone=0.4|link_quality=0.5|n_missions=4|regime=jittery|rrf=60.0,H1,2,2768330049,6,60.0,4,jittery,0.4,0.5,1.75,1.0,0.75,0.75,0.0,1.0,0.9003115264797508,2.495824228840344,0.6666666666666666,0.6282051282051282,1.0,1.3333333333333333,3,4,0,3.0,5.0,7.66206556558609,6,60.0,4,0.27922025,0.3541666666666667,0.6958653330802917,0.8296134375,0.7138333333333333,0.6646353602409363,0.8296134375,0.5503931875000001,4,,0.9,120.0,0,ok,40.8052499294281,
N=6|dead_zone=0.4|link_quality=0.5|n_missions=4|regime=jittery|rrf=60.0,H0,3,959927020,6,60.0,4,jittery,0.4,0.5,1.0,1.0,0.0,0.0,0.0,0.3333333333333333,0.26666666666666666,0.8112781244591328,0.3333333333333333,0.26666666666666666,,,4,0,0,0.0,0.0,0.0,6,60.0,4,0.25684806250000003,0.3545,0.6959741115570068,0.9543271874999999,0.8001666666666667,0.5987655520439148,0.9543271874999999,0.6974791249999999,5,,0.9,,,ok,9.759315967559814,
N=6|dead_zone=0.4|link_quality=0.5|n_missions=4|regime=jittery|rrf=60.0,H1,3,959927020,6,60.0,4,jittery,0.4,0.5,0.5,0.5,0.0,0.0,0.0,1.0,0.9590818363273453,2.550857811547588,0.3333333333333333,0.3333333333333333,0.5,1.7272727272727273,2,4,0,2.75,2.0,7.995543301105499,6,60.0,4,0.25684806250000003,0.3545,0.6959741115570068,0.9130790624999999,0.7363333333333333,0.6507233381271362,0.9130790624999999,0.6562309999999999,3,,0.9,120.0,0,ok,42.5948543548584,
N=6|dead_zone=0.4|link_quality=0.5|n_missions=4|regime=jittery|rrf=60.0,H0,4,3214064870,6,60.0,4,jittery,0.4,0.5,1.5,0.75,0.5,0.25,0.0,0.5,0.5,1.584962500721156,0.5,0.5,,,4,0,0,0.0,0.0,0.0,6,60.0,4,0.261634125,0.357,0.6959341764450073,0.9255094999999999,0.8398333333333333,0.6469348073005676,0.9255094999999999,0.6638753749999999,5,,0.9,,,ok,13.197993040084839,
N=6|dead_zone=0.4|link_quality=0.5|n_missions=4|regime=jittery|rrf=60.0,H1,3,959927020,6,60.0,4,jittery,0.4,0.5,0.75,0.75,0.0,0.0,0.0,1.0,0.9588014981273408,2.549886625190374,0.5,0.5,0.75,1.7272727272727273,3,4,0,2.75,3.0,7.755991697311401,6,60.0,4,0.25684806250000003,0.3545,0.6959741115570068,0.9623714375,0.9353333333333333,0.6217015981674194,0.9623714375,0.705523375,4,3,0.9,120.0,0,ok,42.46013879776001,
N=6|dead_zone=0.4|link_quality=0.5|n_missions=4|regime=jittery|rrf=60.0,H0,4,3214064870,6,60.0,4,jittery,0.4,0.5,1.5,0.75,0.5,0.25,0.0,0.5,0.5,1.584962500721156,0.5,0.5,,,4,0,0,0.0,0.0,0.0,6,60.0,4,0.261634125,0.357,0.6959341764450073,0.9255094999999999,0.8398333333333333,0.6469348073005676,0.9255094999999999,0.6638753749999999,5,,0.9,,,ok,13.04543161392212,
N=6|dead_zone=0.4|link_quality=0.5|n_missions=4|regime=jittery|rrf=60.0,H1,4,3214064870,6,60.0,4,jittery,0.4,0.5,1.75,1.0,0.75,0.0,0.0,1.0,0.9730639730639731,2.565653111645819,0.6666666666666666,0.4298245614035088,1.0,1.3846153846153846,4,4,0,3.25,4.0,7.877695560455322,6,60.0,4,0.261634125,0.357,0.6959341764450073,0.96808725,0.8903333333333333,0.5933910608291626,0.96808725,0.7064531249999999,5,,0.9,120.0,0,ok,42.093339920043945,
N=6|dead_zone=0.4|link_quality=0.5|n_missions=4|regime=jittery|rrf=60.0,H0,5,3768096270,6,60.0,4,jittery,0.4,0.5,1.5,1.0,0.5,0.0,0.0,0.5,0.42857142857142855,1.4591479170272448,0.5,0.42857142857142855,,,4,0,0,0.0,0.0,0.0,6,60.0,4,0.26125112500000003,0.3576666666666667,0.6959161758422852,0.9475155,0.8348333333333333,0.578382134437561,0.9475155,0.6862643749999999,5,,0.9,,,ok,13.522536039352417,
N=6|dead_zone=0.4|link_quality=0.5|n_missions=4|regime=jittery|rrf=60.0,H1,4,3214064870,6,60.0,4,jittery,0.4,0.5,2.0,1.0,1.0,0.0,0.0,1.0,0.9792560801144492,2.569358519239484,0.6666666666666666,0.48484848484848486,1.0,1.4615384615384615,4,4,0,3.25,3.75,8.496458232402802,6,60.0,4,0.261634125,0.357,0.6959341764450073,0.9731251874999999,0.8735,0.5845898985862732,0.9731251874999999,0.7114910624999999,5,,0.9,120.0,0,ok,44.82296442985535,
N=6|dead_zone=0.4|link_quality=0.5|n_missions=4|regime=jittery|rrf=60.0,H0,5,3768096270,6,60.0,4,jittery,0.4,0.5,1.5,1.0,0.5,0.0,0.0,0.5,0.42857142857142855,1.4591479170272448,0.5,0.42857142857142855,,,4,0,0,0.0,0.0,0.0,6,60.0,4,0.26125112500000003,0.3576666666666667,0.6959161758422852,0.9475155,0.8348333333333333,0.578382134437561,0.9475155,0.6862643749999999,5,,0.9,,,ok,13.047961235046387,
N=6|dead_zone=0.4|link_quality=0.5|n_missions=4|regime=jittery|rrf=60.0,H1,5,3768096270,6,60.0,4,jittery,0.4,0.5,1.5,1.0,0.5,0.0,0.0,1.0,0.9473684210526315,2.5419822842863984,0.6666666666666666,0.5,1.0,2.0,4,4,0,2.25,3.0,7.777609467506409,6,60.0,4,0.26125112500000003,0.3576666666666667,0.6959161758422852,0.9287044999999999,0.7928333333333333,0.6063656210899353,0.9287044999999999,0.6674533749999999,5,,0.9,120.0,0,ok,41.849966287612915,
N=6|dead_zone=0.4|link_quality=0.5|n_missions=4|regime=jittery|rrf=60.0,H0,6,44498162,6,60.0,4,jittery,0.4,0.5,1.0,0.75,0.25,0.0,0.0,0.5,0.4444444444444444,1.5,0.5,0.4444444444444444,,,4,0,0,0.0,0.0,0.0,6,60.0,4,0.25220968749999995,0.35833333333333334,0.6959929466247559,0.9345638125,0.8338333333333333,0.6249058246612549,0.9345638125,0.682354125,5,,0.9,,,ok,14.003511190414429,
N=6|dead_zone=0.4|link_quality=0.5|n_missions=4|regime=jittery|rrf=60.0,H1,5,3768096270,6,60.0,4,jittery,0.4,0.5,1.5,1.0,0.5,0.0,0.0,1.0,0.9473684210526315,2.5419822842863984,0.6666666666666666,0.5,1.0,2.0,4,4,0,2.25,3.0,7.765977084636688,6,60.0,4,0.26125112500000003,0.3576666666666667,0.6959161758422852,0.9287044999999999,0.7928333333333333,0.6063656210899353,0.9287044999999999,0.6674533749999999,5,,0.9,120.0,0,ok,41.32771635055542,
N=6|dead_zone=0.4|link_quality=0.5|n_missions=4|regime=jittery|rrf=60.0,H0,6,44498162,6,60.0,4,jittery,0.4,0.5,1.0,0.75,0.25,0.0,0.0,0.5,0.4444444444444444,1.5,0.5,0.4444444444444444,,,4,0,0,0.0,0.0,0.0,6,60.0,4,0.25220968749999995,0.35833333333333334,0.6959929466247559,0.9345638125,0.8338333333333333,0.6249058246612549,0.9345638125,0.682354125,5,,0.9,,,ok,14.221201419830322,
N=6|dead_zone=0.4|link_quality=0.5|n_missions=4|regime=jittery|rrf=60.0,H1,6,44498162,6,60.0,4,jittery,0.4,0.5,2.0,1.0,0.75,0.25,0.0,1.0,1.0,2.584962500721156,0.8333333333333334,0.7619047619047619,1.0,2.0,4,4,0,3.0,3.0,7.965813934803009,6,60.0,4,0.25220968749999995,0.35833333333333334,0.6959929466247559,0.9335568750000001,0.86,0.5971589088439941,0.9335568750000001,0.6813471875000001,5,,0.9,120.0,0,ok,44.58108043670654,
N=6|dead_zone=0.4|link_quality=0.5|n_missions=4|regime=jittery|rrf=60.0,H0,7,1089721701,6,60.0,4,jittery,0.4,0.5,1.25,0.75,0.5,0.0,0.0,0.5,0.46296296296296297,1.5219280948873621,0.5,0.46296296296296297,,,4,0,0,0.0,0.0,0.0,6,60.0,4,0.2759474375,0.35633333333333334,0.6959259510040283,0.9379031250000001,0.7976666666666666,0.6402672529220581,0.9379031250000001,0.6619556875000001,5,,0.9,,,ok,13.119014739990234,
N=6|dead_zone=0.4|link_quality=0.5|n_missions=4|regime=jittery|rrf=60.0,H1,6,44498162,6,60.0,4,jittery,0.4,0.5,2.0,1.0,0.75,0.25,0.0,1.0,1.0,2.584962500721156,0.8333333333333334,0.7619047619047619,1.0,2.0,4,4,0,3.0,3.0,7.949737727642059,6,60.0,4,0.25220968749999995,0.35833333333333334,0.6959929466247559,0.9335568750000001,0.86,0.5971589088439941,0.9335568750000001,0.6813471875000001,5,,0.9,120.0,0,ok,43.888030767440796,
N=6|dead_zone=0.4|link_quality=0.5|n_missions=4|regime=jittery|rrf=60.0,H0,7,1089721701,6,60.0,4,jittery,0.4,0.5,1.25,0.75,0.5,0.0,0.0,0.5,0.46296296296296297,1.5219280948873621,0.5,0.46296296296296297,,,4,0,0,0.0,0.0,0.0,6,60.0,4,0.2759474375,0.35633333333333334,0.6959259510040283,0.9379031250000001,0.7976666666666666,0.6402672529220581,0.9379031250000001,0.6619556875000001,5,,0.9,,,ok,13.133976221084595,
N=6|dead_zone=0.4|link_quality=0.5|n_missions=4|regime=jittery|rrf=60.0,H1,7,1089721701,6,60.0,4,jittery,0.4,0.5,0.75,0.75,0.0,0.0,0.0,1.0,0.8666666666666667,2.468166640552333,0.3333333333333333,0.3,0.75,1.75,3,4,0,2.0,2.25,5.492196440696716,6,60.0,4,0.2759474375,0.35633333333333334,0.6959259510040283,0.9083331875,0.7908333333333334,0.617063581943512,0.9083331875,0.6323857500000001,4,,0.9,120.0,0,ok,32.96895503997803,
N=6|dead_zone=0.4|link_quality=0.5|n_missions=4|regime=jittery|rrf=60.0,H1,7,1089721701,6,60.0,4,jittery,0.4,0.5,0.75,0.75,0.0,0.0,0.0,1.0,0.8666666666666667,2.468166640552333,0.3333333333333333,0.3,0.75,1.75,3,4,0,2.0,2.25,5.492576539516449,6,60.0,4,0.2759474375,0.35633333333333334,0.6959259510040283,0.9083331875,0.7908333333333334,0.617063581943512,0.9083331875,0.6323857500000001,4,,0.9,120.0,0,ok,32.324480295181274,
N=6|dead_zone=0.4|link_quality=0.5|n_missions=4|regime=jittery|rrf=60.0,H0,8,852568211,6,60.0,4,jittery,0.4,0.5,1.0,0.75,0.25,0.0,0.0,0.3333333333333333,0.3333333333333333,1.0,0.3333333333333333,0.3333333333333333,,,4,0,0,0.0,0.0,0.0,6,60.0,4,0.27447993750000005,0.3515,0.6959113478660583,0.9128085,0.7288333333333333,0.6435170769691467,0.9128085,0.6383285624999999,5,,0.9,,,ok,20.423176527023315,
N=6|dead_zone=0.4|link_quality=0.5|n_missions=4|regime=jittery|rrf=60.0,H0,8,852568211,6,60.0,4,jittery,0.4,0.5,1.0,0.75,0.25,0.0,0.0,0.3333333333333333,0.3333333333333333,1.0,0.3333333333333333,0.3333333333333333,,,4,0,0,0.0,0.0,0.0,6,60.0,4,0.27447993750000005,0.3515,0.6959113478660583,0.9128085,0.7288333333333333,0.6435170769691467,0.9128085,0.6383285624999999,5,,0.9,,,ok,11.886866807937622,
N=6|dead_zone=0.4|link_quality=0.5|n_missions=4|regime=jittery|rrf=60.0,H1,8,852568211,6,60.0,4,jittery,0.4,0.5,1.5,1.0,0.5,1.0,0.0,1.0,0.870600414078675,2.4760014634164067,0.5,0.3333333333333333,1.0,1.5,3,4,0,2.0,5.0,5.552099645137787,6,60.0,4,0.27447993750000005,0.3515,0.6959113478660583,0.9285103125,0.8025,0.6367681622505188,0.9285103125,0.654030375,4,,0.9,120.0,0,ok,33.697920083999634,
N=6|dead_zone=0.4|link_quality=0.5|n_missions=4|regime=jittery|rrf=60.0,H1,8,852568211,6,60.0,4,jittery,0.4,0.5,1.75,1.0,0.75,1.0,0.0,1.0,0.8620689655172413,2.4662533999518486,0.5,0.3888888888888889,1.0,1.5,3,4,0,2.0,5.0,5.413559079170227,6,60.0,4,0.27447993750000005,0.3515,0.6959113478660583,0.9256748125,0.8043333333333333,0.6356140971183777,0.9256748125,0.6511948750000001,4,,0.9,120.0,0,ok,32.665849447250366,
N=6|dead_zone=0.4|link_quality=0.5|n_missions=4|regime=jittery|rrf=60.0,H0,9,2755116970,6,60.0,4,jittery,0.4,0.5,0.5,0.5,0.0,0.0,0.0,0.3333333333333333,0.3333333333333333,1.0,0.3333333333333333,0.3333333333333333,,,4,0,0,0.0,0.0,0.0,6,60.0,4,0.26195825,0.3551666666666667,0.6959208846092224,0.8642311249999999,0.75,0.6649705171585083,0.8642311249999999,0.6022728749999999,5,,0.9,,,ok,10.512709379196167,
N=6|dead_zone=0.4|link_quality=0.5|n_missions=4|regime=jittery|rrf=60.0,H0,9,2755116970,6,60.0,4,jittery,0.4,0.5,0.5,0.5,0.0,0.0,0.0,0.3333333333333333,0.3333333333333333,1.0,0.3333333333333333,0.3333333333333333,,,4,0,0,0.0,0.0,0.0,6,60.0,4,0.26195825,0.3551666666666667,0.6959208846092224,0.8642311249999999,0.75,0.6649705171585083,0.8642311249999999,0.6022728749999999,5,,0.9,,,ok,10.77855134010315,
N=6|dead_zone=0.4|link_quality=0.5|n_missions=4|regime=jittery|rrf=60.0,H1,9,2755116970,6,60.0,4,jittery,0.4,0.5,1.0,0.75,0.25,0.25,0.0,1.0,0.9496124031007752,2.5410778334035165,0.3333333333333333,0.3333333333333333,0.75,1.6666666666666667,3,4,0,3.0,3.0,9.998013973236084,6,60.0,4,0.26195825,0.3551666666666667,0.6959208846092224,0.9479676875,0.7983333333333333,0.6428785920143127,0.9479676875,0.6860094375000001,4,,0.9,120.0,0,ok,51.45260238647461,
N=6|dead_zone=0.4|link_quality=0.5|n_missions=4|regime=jittery|rrf=60.0,H1,9,2755116970,6,60.0,4,jittery,0.4,0.5,1.0,0.75,0.25,0.25,0.0,1.0,0.9496124031007752,2.5410778334035165,0.3333333333333333,0.3333333333333333,0.75,1.6666666666666667,3,4,0,3.0,3.0,10.019559264183044,6,60.0,4,0.26195825,0.3551666666666667,0.6959208846092224,0.9479676875,0.7983333333333333,0.6428785920143127,0.9479676875,0.6860094375000001,4,,0.9,120.0,0,ok,50.44207739830017,
N=6|dead_zone=0.4|link_quality=0.5|n_missions=4|regime=jittery|rrf=60.0,H0,10,1196297180,6,60.0,4,jittery,0.4,0.5,0.75,0.75,0.0,0.0,0.0,0.3333333333333333,0.3,0.9182958340544896,0.3333333333333333,0.3,,,4,0,0,0.0,0.0,0.0,6,60.0,4,0.25212362499999996,0.35833333333333334,0.6959930062294006,0.9040683749999999,0.7976666666666666,0.6330684423446655,0.9040683749999999,0.65194475,5,,0.9,,,ok,11.332622528076172,
N=6|dead_zone=0.4|link_quality=0.5|n_missions=4|regime=jittery|rrf=60.0,H0,10,1196297180,6,60.0,4,jittery,0.4,0.5,0.75,0.75,0.0,0.0,0.0,0.3333333333333333,0.3,0.9182958340544896,0.3333333333333333,0.3,,,4,0,0,0.0,0.0,0.0,6,60.0,4,0.25212362499999996,0.35833333333333334,0.6959930062294006,0.9040683749999999,0.7976666666666666,0.6330684423446655,0.9040683749999999,0.65194475,5,,0.9,,,ok,11.627185583114624,
N=6|dead_zone=0.4|link_quality=0.5|n_missions=4|regime=jittery|rrf=60.0,H1,10,1196297180,6,60.0,4,jittery,0.4,0.5,1.75,1.0,0.75,0.75,0.0,1.0,0.9585289514866979,2.5528906080283003,0.3333333333333333,0.32666666666666666,1.0,1.5454545454545454,4,4,0,2.75,4.0,6.386210858821869,6,60.0,4,0.25212362499999996,0.35833333333333334,0.6959930062294006,0.9593574374999999,0.8466666666666667,0.5906491279602051,0.9593574374999999,0.7072338125,5,,0.9,120.0,0,ok,37.76602625846863,
N=6|dead_zone=0.4|link_quality=0.5|n_missions=4|regime=jittery|rrf=60.0,H1,10,1196297180,6,60.0,4,jittery,0.4,0.5,3.0,1.0,1.0,1.0,0.0,1.0,0.9704301075268817,2.560671912866221,1.0,0.75,1.0,1.6666666666666667,4,4,0,3.0,4.0,6.939159512519836,6,60.0,4,0.25212362499999996,0.35833333333333334,0.6959930062294006,0.9587005625,0.8906666666666667,0.5647278428077698,0.9587005625,0.7065769375000001,5,3,0.9,120.0,0,ok,39.57106328010559,
N=6|dead_zone=0.4|link_quality=0.5|n_missions=4|regime=jittery|rrf=60.0,H0,11,155452644,6,60.0,4,jittery,0.4,0.5,1.0,0.75,0.25,0.0,0.0,0.5,0.4444444444444444,1.5,0.5,0.4444444444444444,,,4,0,0,0.0,0.0,0.0,6,60.0,4,0.24898312500000003,0.3526666666666667,0.695993185043335,0.8894924375000001,0.7971666666666667,0.6416168808937073,0.8894924375000001,0.6405093125000001,5,,0.9,,,ok,13.109807968139648,
N=6|dead_zone=0.4|link_quality=0.5|n_missions=4|regime=jittery|rrf=60.0,H0,11,155452644,6,60.0,4,jittery,0.4,0.5,1.0,0.75,0.25,0.0,0.0,0.5,0.4444444444444444,1.5,0.5,0.4444444444444444,,,4,0,0,0.0,0.0,0.0,6,60.0,4,0.24898312500000003,0.3526666666666667,0.695993185043335,0.8894924375000001,0.7971666666666667,0.6416168808937073,0.8894924375000001,0.6405093125000001,5,,0.9,,,ok,13.365755558013916,
N=6|dead_zone=0.4|link_quality=0.5|n_missions=4|regime=jittery|rrf=60.0,H1,11,155452644,6,60.0,4,jittery,0.4,0.5,1.5,0.75,0.5,0.25,0.0,1.0,0.9477317554240631,2.541487035565223,0.6666666666666666,0.6,0.75,1.8,3,4,0,2.5,3.0,7.271823942661285,6,60.0,4,0.24898312500000003,0.3526666666666667,0.695993185043335,0.9051710625,0.7243333333333334,0.6394534707069397,0.9051710625,0.6561879374999999,4,,0.9,120.0,0,ok,40.20558762550354,
N=6|dead_zone=0.4|link_quality=0.5|n_missions=4|regime=jittery|rrf=60.0,H1,11,155452644,6,60.0,4,jittery,0.4,0.5,1.5,0.75,0.5,0.25,0.0,1.0,0.9696969696969697,2.5612781244591325,0.6666666666666666,0.6,0.75,1.8,3,4,0,2.5,3.0,7.722358286380768,6,60.0,4,0.24898312500000003,0.3526666666666667,0.695993185043335,0.9051710625,0.7243333333333334,0.6394534707069397,0.9051710625,0.6561879374999999,4,,0.9,120.0,0,ok,42.08583664894104,
N=6|dead_zone=0.4|link_quality=0.5|n_missions=4|regime=jittery|rrf=60.0,H0,12,2965768413,6,60.0,4,jittery,0.4,0.5,1.75,1.0,0.5,0.25,0.0,0.6666666666666666,0.6282051282051282,1.9502120649147465,0.6666666666666666,0.6282051282051282,,,4,0,0,0.0,0.0,0.0,6,60.0,4,0.272618,0.35633333333333334,0.6958786845207214,0.9613136250000001,0.8815,0.586617648601532,0.9613136250000001,0.688695625,5,,0.9,,,ok,15.66821837425232,
N=6|dead_zone=0.4|link_quality=0.5|n_missions=4|regime=jittery|rrf=60.0,H0,12,2965768413,6,60.0,4,jittery,0.4,0.5,1.75,1.0,0.5,0.25,0.0,0.6666666666666666,0.6282051282051282,1.9502120649147465,0.6666666666666666,0.6282051282051282,,,4,0,0,0.0,0.0,0.0,6,60.0,4,0.272618,0.35633333333333334,0.6958786845207214,0.9613136250000001,0.8815,0.586617648601532,0.9613136250000001,0.688695625,5,,0.9,,,ok,16.28710675239563,
N=6|dead_zone=0.4|link_quality=0.5|n_missions=4|regime=jittery|rrf=60.0,H1,12,2965768413,6,60.0,4,jittery,0.4,0.5,1.75,1.0,0.5,0.25,0.0,1.0,0.9941176470588236,2.580689952806082,0.6666666666666666,0.5444444444444444,1.0,2.090909090909091,4,4,0,2.75,3.0,9.495070695877075,6,60.0,4,0.272618,0.35633333333333334,0.6958786845207214,0.9207943125000001,0.7895,0.5781762599945068,0.9207943125000001,0.6481763125000001,5,,0.9,120.0,0,ok,49.269750356674194,
N=6|dead_zone=0.4|link_quality=0.5|n_missions=4|regime=jittery|rrf=60.0,H1,12,2965768413,6,60.0,4,jittery,0.4,0.5,2.0,1.0,0.75,0.25,0.0,1.0,0.9970344009489917,2.5827423149511795,0.6666666666666666,0.5925925925925926,1.0,2.090909090909091,4,4,0,2.75,3.0,9.389754176139832,6,60.0,4,0.272618,0.35633333333333334,0.6958786845207214,0.9534017499999999,0.8208333333333333,0.5800055265426636,0.9534017499999999,0.6807837499999999,5,,0.9,120.0,0,ok,48.70717096328735,
N=6|dead_zone=0.4|link_quality=0.5|n_missions=4|regime=jittery|rrf=60.0,H0,13,2746135771,6,60.0,4,jittery,0.4,0.5,1.5,1.0,0.5,0.0,0.0,0.6666666666666666,0.6,1.9182958340544896,0.6666666666666666,0.6,,,4,0,0,0.0,0.0,0.0,6,60.0,4,0.2791208125,0.357,0.6958795785903931,0.9096408124999998,0.8318333333333333,0.5823231339454651,0.9096408124999998,0.6305199999999999,5,,0.9,,,ok,14.95961046218872,
N=6|dead_zone=0.4|link_quality=0.5|n_missions=4|regime=jittery|rrf=60.0,H0,13,2746135771,6,60.0,4,jittery,0.4,0.5,1.5,1.0,0.5,0.0,0.0,0.6666666666666666,0.6,1.9182958340544896,0.6666666666666666,0.6,,,4,0,0,0.0,0.0,0.0,6,60.0,4,0.2791208125,0.357,0.6958795785903931,0.9096408124999998,0.8318333333333333,0.5823231339454651,0.9096408124999998,0.6305199999999999,5,,0.9,,,ok,15.650447368621826,
N=6|dead_zone=0.4|link_quality=0.5|n_missions=4|regime=jittery|rrf=60.0,H1,13,2746135771,6,60.0,4,jittery,0.4,0.5,1.5,0.75,0.75,0.0,0.0,1.0,1.0,2.584962500721156,0.8333333333333334,0.75,0.75,1.5,3,4,0,3.0,3.0,8.153711497783661,6,60.0,4,0.2791208125,0.357,0.6958795785903931,0.9205141874999999,0.8735,0.6377376914024353,0.9205141874999999,0.6413933749999999,4,,0.9,120.0,0,ok,43.50689125061035,
N=6|dead_zone=0.4|link_quality=0.5|n_missions=4|regime=jittery|rrf=60.0,H0,14,2309662305,6,60.0,4,jittery,0.4,0.5,0.5,0.5,0.0,0.0,0.0,0.16666666666666666,0.16666666666666666,0.0,0.16666666666666666,0.16666666666666666,,,4,0,0,0.0,0.0,0.0,6,60.0,4,0.2781938125,0.3581666666666667,0.6958943009376526,0.84934775,0.6858333333333333,0.6650644540786743,0.84934775,0.5711539374999999,5,,0.9,,,ok,7.891175031661987,
N=6|dead_zone=0.4|link_quality=0.5|n_missions=4|regime=jittery|rrf=60.0,H1,13,2746135771,6,60.0,4,jittery,0.4,0.5,1.5,0.75,0.75,0.0,0.0,1.0,1.0,2.584962500721156,0.8333333333333334,0.75,0.75,1.5,3,4,0,3.0,3.0,8.147464632987976,6,60.0,4,0.2791208125,0.357,0.6958795785903931,0.9205141874999999,0.8735,0.6377376914024353,0.9205141874999999,0.6413933749999999,4,,0.9,120.0,0,ok,42.8576340675354,
N=6|dead_zone=0.4|link_quality=0.5|n_missions=4|regime=jittery|rrf=60.0,H0,14,2309662305,6,60.0,4,jittery,0.4,0.5,0.5,0.5,0.0,0.0,0.0,0.16666666666666666,0.16666666666666666,0.0,0.16666666666666666,0.16666666666666666,,,4,0,0,0.0,0.0,0.0,6,60.0,4,0.2781938125,0.3581666666666667,0.6958943009376526,0.84934775,0.6858333333333333,0.6650644540786743,0.84934775,0.5711539374999999,5,,0.9,,,ok,8.22840666770935,
N=6|dead_zone=0.4|link_quality=0.5|n_missions=4|regime=jittery|rrf=60.0,H1,14,2309662305,6,60.0,4,jittery,0.4,0.5,1.25,1.0,0.25,0.0,0.0,1.0,0.9950248756218906,2.5812908992306927,0.5,0.3787878787878788,1.0,2.0,4,4,0,3.0,3.0,9.016470074653625,6,60.0,4,0.2781938125,0.3581666666666667,0.6958943009376526,0.94460075,0.8371666666666666,0.5628575086593628,0.94460075,0.6664069374999999,5,,0.9,120.0,0,ok,46.84539008140564,
N=6|dead_zone=0.4|link_quality=0.5|n_missions=4|regime=jittery|rrf=60.0,H0,15,2103591158,6,60.0,4,jittery,0.4,0.5,1.5,0.75,0.5,0.25,0.0,0.6666666666666666,0.6,1.9182958340544893,0.6666666666666666,0.6,,,4,0,0,0.0,0.0,0.0,6,60.0,4,0.2454684375,0.35733333333333334,0.6960239410400391,0.92548125,0.8285,0.6453565359115601,0.92548125,0.6800128125,5,,0.9,,,ok,15.169748544692993,
N=6|dead_zone=0.4|link_quality=0.5|n_missions=4|regime=jittery|rrf=60.0,H1,14,2309662305,6,60.0,4,jittery,0.4,0.5,1.5,1.0,0.5,0.0,0.0,1.0,1.0,2.584962500721156,0.5,0.42857142857142855,1.0,2.0,4,4,0,3.0,3.0,9.4845911860466,6,60.0,4,0.2781938125,0.3581666666666667,0.6958943009376526,0.9576275625000001,0.8316666666666667,0.5650311708450317,0.9576275625000001,0.6794337500000001,5,,0.9,120.0,0,ok,49.23448419570923,
N=6|dead_zone=0.4|link_quality=0.5|n_missions=4|regime=jittery|rrf=60.0,H0,15,2103591158,6,60.0,4,jittery,0.4,0.5,1.5,0.75,0.5,0.25,0.0,0.6666666666666666,0.6,1.9182958340544893,0.6666666666666666,0.6,,,4,0,0,0.0,0.0,0.0,6,60.0,4,0.2454684375,0.35733333333333334,0.6960239410400391,0.92548125,0.8285,0.6453565359115601,0.92548125,0.6800128125,5,,0.9,,,ok,15.601276874542236,
N=6|dead_zone=0.4|link_quality=0.5|n_missions=4|regime=jittery|rrf=60.0,H1,15,2103591158,6,60.0,4,jittery,0.4,0.5,2.5,1.0,1.0,1.0,0.0,1.0,0.9709219858156029,2.5615073285515564,0.8333333333333334,0.6944444444444444,1.0,1.6666666666666667,4,4,0,3.0,3.75,7.090740978717804,6,60.0,4,0.2454684375,0.35733333333333334,0.6960239410400391,0.9526171250000002,0.8963333333333333,0.576706051826477,0.9526171250000002,0.7071486875000002,5,,0.9,120.0,0,ok,39.26112604141235,
N=6|dead_zone=0.4|link_quality=0.5|n_missions=4|regime=jittery|rrf=60.0,H0,16,3243895672,6,60.0,4,jittery,0.4,0.5,1.25,0.75,0.5,0.0,0.0,0.5,0.3787878787878788,1.3709505944546687,0.5,0.3787878787878788,,,4,0,0,0.0,0.0,0.0,6,60.0,4,0.29580062500000004,0.35683333333333334,0.6958116292953491,0.9285600625,0.8853333333333333,0.6267259120941162,0.9285600625,0.6327594375,5,,0.9,,,ok,12.978742837905884,
N=6|dead_zone=0.4|link_quality=0.5|n_missions=4|regime=jittery|rrf=60.0,H1,15,2103591158,6,60.0,4,jittery,0.4,0.5,2.75,1.0,1.0,1.0,0.0,1.0,0.9704301075268817,2.560671912866221,0.8333333333333334,0.7469135802469136,1.0,1.6666666666666667,4,4,0,3.0,3.75,6.9690967202186584,6,60.0,4,0.2454684375,0.35733333333333334,0.6960239410400391,0.9546895,0.9078333333333334,0.5754189491271973,0.9546895,0.7092210624999999,5,4,0.9,120.0,0,ok,38.45348596572876,
N=6|dead_zone=0.4|link_quality=0.5|n_missions=4|regime=jittery|rrf=60.0,H0,16,3243895672,6,60.0,4,jittery,0.4,0.5,1.25,0.75,0.5,0.0,0.0,0.5,0.3787878787878788,1.3709505944546687,0.5,0.3787878787878788,,,4,0,0,0.0,0.0,0.0,6,60.0,4,0.29580062500000004,0.35683333333333334,0.6958116292953491,0.9285600625,0.8853333333333333,0.6267259120941162,0.9285600625,0.6327594375,5,,0.9,,,ok,23.377253770828247,
N=6|dead_zone=0.4|link_quality=0.5|n_missions=4|regime=jittery|rrf=60.0,H1,16,3243895672,6,60.0,4,jittery,0.4,0.5,1.75,1.0,0.75,0.75,0.0,1.0,0.9408602150537635,2.534175692826769,0.8333333333333334,0.6282051282051282,1.0,1.8888888888888888,4,4,0,2.25,4.0,6.478601634502411,6,60.0,4,0.29580062500000004,0.35683333333333334,0.6958116292953491,0.9517359375,0.9191666666666667,0.5587371587753296,0.9517359375,0.6559353124999999,5,4,0.9,120.0,0,ok,36.931180477142334,
N=6|dead_zone=0.4|link_quality=0.5|n_missions=4|regime=jittery|rrf=60.0,H0,17,260076146,6,60.0,4,jittery,0.4,0.5,0.5,0.5,0.0,0.0,0.0,0.3333333333333333,0.3333333333333333,1.0,0.3333333333333333,0.3333333333333333,,,4,0,0,0.0,0.0,0.0,6,60.0,4,0.275798875,0.3576666666666667,0.6958874464035034,0.8372331875,0.7398333333333333,0.6770285367965698,0.8372331875,0.5614343125,5,,0.9,,,ok,10.185875415802002,
N=6|dead_zone=0.4|link_quality=0.5|n_missions=4|regime=jittery|rrf=60.0,H1,16,3243895672,6,60.0,4,jittery,0.4,0.5,1.75,1.0,0.75,0.75,0.0,1.0,0.9408602150537635,2.534175692826769,0.8333333333333334,0.6282051282051282,1.0,1.8888888888888888,4,4,0,2.25,4.0,6.439887166023254,6,60.0,4,0.29580062500000004,0.35683333333333334,0.6958116292953491,0.9517359375,0.9191666666666667,0.5587371587753296,0.9517359375,0.6559353124999999,5,4,0.9,120.0,0,ok,36.284777879714966,
N=6|dead_zone=0.4|link_quality=0.5|n_missions=4|regime=jittery|rrf=60.0,H0,17,260076146,6,60.0,4,jittery,0.4,0.5,0.5,0.5,0.0,0.0,0.0,0.3333333333333333,0.3333333333333333,1.0,0.3333333333333333,0.3333333333333333,,,4,0,0,0.0,0.0,0.0,6,60.0,4,0.275798875,0.3576666666666667,0.6958874464035034,0.8372331875,0.7398333333333333,0.6770285367965698,0.8372331875,0.5614343125,5,,0.9,,,ok,10.064181804656982,
N=6|dead_zone=0.4|link_quality=0.5|n_missions=4|regime=jittery|rrf=60.0,H1,17,260076146,6,60.0,4,jittery,0.4,0.5,0.75,0.5,0.25,0.25,0.0,1.0,0.92018779342723,2.520244207153756,0.3333333333333333,0.3,0.5,1.4,2,4,0,2.5,2.0,7.726698338985443,6,60.0,4,0.275798875,0.3576666666666667,0.6958874464035034,0.727630625,0.7648333333333334,0.6701525449752808,0.727630625,0.45183175,3,,0.9,120.0,0,ok,41.910513401031494,
N=6|dead_zone=0.4|link_quality=0.5|n_missions=4|regime=jittery|rrf=60.0,H0,18,1209378078,6,60.0,4,jittery,0.4,0.5,1.0,0.75,0.25,0.0,0.0,0.5,0.4444444444444444,1.5,0.5,0.4444444444444444,,,4,0,0,0.0,0.0,0.0,6,60.0,4,0.25021668750000003,0.359,0.6959874629974365,0.9363403125,0.8286666666666667,0.5923401713371277,0.9363403125,0.686123625,5,,0.9,,,ok,12.627678155899048,
N=6|dead_zone=0.4|link_quality=0.5|n_missions=4|regime=jittery|rrf=60.0,H1,17,260076146,6,60.0,4,jittery,0.4,0.5,0.75,0.5,0.25,0.25,0.0,1.0,0.92018779342723,2.520244207153756,0.3333333333333333,0.3,0.5,1.4,2,4,0,2.5,2.0,7.668519020080566,6,60.0,4,0.275798875,0.3576666666666667,0.6958874464035034,0.727630625,0.7648333333333334,0.6701525449752808,0.727630625,0.45183175,3,,0.9,120.0,0,ok,41.22841167449951,
N=6|dead_zone=0.4|link_quality=0.5|n_missions=4|regime=jittery|rrf=60.0,H0,18,1209378078,6,60.0,4,jittery,0.4,0.5,1.0,0.75,0.25,0.0,0.0,0.5,0.4444444444444444,1.5,0.5,0.4444444444444444,,,4,0,0,0.0,0.0,0.0,6,60.0,4,0.25021668750000003,0.359,0.6959874629974365,0.9363403125,0.8286666666666667,0.5923401713371277,0.9363403125,0.686123625,5,,0.9,,,ok,12.314300298690796,
N=6|dead_zone=0.4|link_quality=0.5|n_missions=4|regime=jittery|rrf=60.0,H1,18,1209378078,6,60.0,4,jittery,0.4,0.5,2.5,1.0,1.0,0.5,0.0,1.0,1.0,2.584962500721156,1.0,0.8333333333333334,1.0,2.0,4,4,0,3.0,3.0,9.420137584209442,6,60.0,4,0.25021668750000003,0.359,0.6959874629974365,0.9483785624999999,0.7941666666666667,0.5619085431098938,0.9483785624999999,0.6981618749999998,5,,0.9,120.0,0,ok,48.09098696708679,
N=6|dead_zone=0.4|link_quality=0.5|n_missions=4|regime=jittery|rrf=60.0,H0,19,469940108,6,60.0,4,jittery,0.4,0.5,1.75,0.75,0.5,0.25,0.0,0.6666666666666666,0.5444444444444444,1.8423709931771084,0.6666666666666666,0.5444444444444444,,,4,0,0,0.0,0.0,0.0,6,60.0,4,0.25858175,0.3541666666666667,0.6959366202354431,0.896541,0.8223333333333334,0.6410548686981201,0.896541,0.63795925,5,,0.9,,,ok,15.998205184936523,
N=6|dead_zone=0.4|link_quality=0.5|n_missions=4|regime=jittery|rrf=60.0,H1,18,1209378078,6,60.0,4,jittery,0.4,0.5,2.5,1.0,1.0,0.5,0.0,1.0,1.0,2.584962500721156,1.0,0.8333333333333334,1.0,2.0,4,4,0,3.0,3.0,9.383252918720245,6,60.0,4,0.25021668750000003,0.359,0.6959874629974365,0.9483785624999999,0.7941666666666667,0.5619085431098938,0.9483785624999999,0.6981618749999998,5,,0.9,120.0,0,ok,47.909088134765625,
N=6|dead_zone=0.4|link_quality=0.5|n_missions=4|regime=jittery|rrf=60.0,H0,19,469940108,6,60.0,4,jittery,0.4,0.5,1.75,0.75,0.5,0.25,0.0,0.6666666666666666,0.5444444444444444,1.8423709931771084,0.6666666666666666,0.5444444444444444,,,4,0,0,0.0,0.0,0.0,6,60.0,4,0.25858175,0.3541666666666667,0.6959366202354431,0.896541,0.8223333333333334,0.6410548686981201,0.896541,0.63795925,5,,0.9,,,ok,16.528630256652832,
N=6|dead_zone=0.4|link_quality=0.5|n_missions=4|regime=jittery|rrf=60.0,H1,19,469940108,6,60.0,4,jittery,0.4,0.5,2.0,1.0,0.5,0.25,0.0,1.0,0.9792560801144492,2.5693585192394837,0.6666666666666666,0.5925925925925926,1.0,1.3571428571428572,4,4,0,3.5,3.75,7.261490881443024,6,60.0,4,0.25858175,0.3541666666666667,0.6959366202354431,0.9476233125000001,0.89,0.5540408492088318,0.9476233125000001,0.6890415625000001,5,,0.9,120.0,0,ok,40.51106238365173,
N=6|dead_zone=0.4|link_quality=0.7|n_missions=4|regime=jittery|rrf=60.0,H0,0,1128892093,6,60.0,4,jittery,0.4,0.7,1.5,0.75,0.5,0.25,0.0,0.6666666666666666,0.6,1.9182958340544893,0.6666666666666666,0.6,,,4,0,0,0.0,0.0,0.0,6,60.0,4,0.264405,0.3565,0.6959340572357178,0.9327953125,0.877,0.6432763338088989,0.9327953125,0.6683903125,5,,0.9,,,ok,16.109957456588745,
N=6|dead_zone=0.4|link_quality=0.5|n_missions=4|regime=jittery|rrf=60.0,H1,19,469940108,6,60.0,4,jittery,0.4,0.5,2.0,1.0,0.5,0.25,0.0,1.0,0.9792560801144492,2.5693585192394837,0.6666666666666666,0.5925925925925926,1.0,1.3571428571428572,4,4,0,3.5,3.75,7.172325849533081,6,60.0,4,0.25858175,0.3541666666666667,0.6959366202354431,0.9476233125000001,0.89,0.5540408492088318,0.9476233125000001,0.6890415625000001,5,,0.9,120.0,0,ok,39.96625781059265,
N=6|dead_zone=0.4|link_quality=0.7|n_missions=4|regime=jittery|rrf=60.0,H0,0,1128892093,6,60.0,4,jittery,0.4,0.7,1.5,0.75,0.5,0.25,0.0,0.6666666666666666,0.6,1.9182958340544893,0.6666666666666666,0.6,,,4,0,0,0.0,0.0,0.0,6,60.0,4,0.264405,0.3565,0.6959340572357178,0.9327953125,0.877,0.6432763338088989,0.9327953125,0.6683903125,5,,0.9,,,ok,16.502123594284058,
N=6|dead_zone=0.4|link_quality=0.7|n_missions=4|regime=jittery|rrf=60.0,H1,0,1128892093,6,60.0,4,jittery,0.4,0.7,2.75,1.0,0.75,0.5,0.0,1.0,0.9970344009489917,2.5827423149511795,1.0,0.8768115942028986,1.0,2.090909090909091,4,4,0,2.75,3.0,6.454599738121033,6,60.0,4,0.264405,0.3565,0.6959340572357178,0.9545486249999999,0.8758333333333334,0.57234787940979,0.9545486249999999,0.6901436249999999,5,,0.9,120.0,0,ok,37.426520109176636,
N=6|dead_zone=0.4|link_quality=0.7|n_missions=4|regime=jittery|rrf=60.0,H0,1,1527141901,6,60.0,4,jittery,0.4,0.7,1.25,0.75,0.25,0.25,0.0,0.5,0.3787878787878788,1.3709505944546687,0.5,0.3787878787878788,,,4,0,0,0.0,0.0,0.0,6,60.0,4,0.26142975,0.36133333333333334,0.6959266066551208,0.9171943749999999,0.8296666666666667,0.6384581327438354,0.9171943749999999,0.6557646249999999,5,,0.9,,,ok,13.514142751693726,
N=6|dead_zone=0.4|link_quality=0.7|n_missions=4|regime=jittery|rrf=60.0,H1,0,1128892093,6,60.0,4,jittery,0.4,0.7,2.75,1.0,0.75,0.5,0.0,1.0,0.9970344009489917,2.5827423149511795,1.0,0.8768115942028986,1.0,2.090909090909091,4,4,0,2.75,3.0,6.5363017320632935,6,60.0,4,0.264405,0.3565,0.6959340572357178,0.9545486249999999,0.8758333333333334,0.57234787940979,0.9545486249999999,0.6901436249999999,5,,0.9,120.0,0,ok,37.58531141281128,
N=6|dead_zone=0.4|link_quality=0.7|n_missions=4|regime=jittery|rrf=60.0,H0,1,1527141901,6,60.0,4,jittery,0.4,0.7,1.25,0.75,0.25,0.25,0.0,0.5,0.3787878787878788,1.3709505944546687,0.5,0.3787878787878788,,,4,0,0,0.0,0.0,0.0,6,60.0,4,0.26142975,0.36133333333333334,0.6959266066551208,0.9171943749999999,0.8296666666666667,0.6384581327438354,0.9171943749999999,0.6557646249999999,5,,0.9,,,ok,13.216355323791504,
N=6|dead_zone=0.4|link_quality=0.7|n_missions=4|regime=jittery|rrf=60.0,H1,1,1527141901,6,60.0,4,jittery,0.4,0.7,1.5,1.0,0.5,0.0,0.0,1.0,1.0,2.584962500721156,0.5,0.5,1.0,2.0,4,4,0,3.0,2.5,9.480804145336151,6,60.0,4,0.26142975,0.36133333333333334,0.6959266066551208,0.952169875,0.881,0.5704739093780518,0.952169875,0.690740125,5,,0.9,120.0,0,ok,49.16336798667908,
N=6|dead_zone=0.4|link_quality=0.7|n_missions=4|regime=jittery|rrf=60.0,H0,2,541356775,6,60.0,4,jittery,0.4,0.7,1.75,1.0,0.5,0.25,0.0,0.5,0.4803921568627451,1.5566567074628228,0.5,0.4803921568627451,,,4,0,0,0.0,0.0,0.0,6,60.0,4,0.25660112500000004,0.3565,0.6959701180458069,0.9433395625000001,0.9195,0.5896275639533997,0.9433395625000001,0.6867384375000001,5,4,0.9,,,ok,14.344362497329712,
N=6|dead_zone=0.4|link_quality=0.7|n_missions=4|regime=jittery|rrf=60.0,H1,1,1527141901,6,60.0,4,jittery,0.4,0.7,1.5,1.0,0.5,0.0,0.0,1.0,1.0,2.584962500721156,0.5,0.5,1.0,2.0,4,4,0,3.0,2.5,9.424787104129791,6,60.0,4,0.26142975,0.36133333333333334,0.6959266066551208,0.952169875,0.881,0.5704739093780518,0.952169875,0.690740125,5,,0.9,120.0,0,ok,48.162843227386475,
N=6|dead_zone=0.4|link_quality=0.7|n_missions=4|regime=jittery|rrf=60.0,H0,2,541356775,6,60.0,4,jittery,0.4,0.7,1.75,1.0,0.5,0.25,0.0,0.5,0.4803921568627451,1.5566567074628228,0.5,0.4803921568627451,,,4,0,0,0.0,0.0,0.0,6,60.0,4,0.25660112500000004,0.3565,0.6959701180458069,0.9433395625000001,0.9195,0.5896275639533997,0.9433395625000001,0.6867384375000001,5,4,0.9,,,ok,14.207535982131958,
N=6|dead_zone=0.4|link_quality=0.7|n_missions=4|regime=jittery|rrf=60.0,H1,2,541356775,6,60.0,4,jittery,0.4,0.7,0.75,0.5,0.25,0.0,0.0,1.0,0.9230769230769231,2.5272925846688996,0.5,0.5,0.5,1.2,2,4,0,2.5,2.0,7.474766910076141,6,60.0,4,0.25660112500000004,0.3565,0.6959701180458069,0.8512806875,0.7746666666666666,0.6671942472457886,0.8512806875,0.5946795624999999,3,,0.9,120.0,0,ok,41.592915058135986,
N=6|dead_zone=0.4|link_quality=0.7|n_missions=4|regime=jittery|rrf=60.0,H0,3,1487571060,6,60.0,4,jittery,0.4,0.7,1.5,1.0,0.5,0.0,0.0,0.5,0.5,1.584962500721156,0.5,0.5,,,4,0,0,0.0,0.0,0.0,6,60.0,4,0.26924187499999996,0.3565,0.6958821415901184,0.968250375,0.7925,0.5853491425514221,0.968250375,0.6990085,5,,0.9,,,ok,13.890650510787964,
N=6|dead_zone=0.4|link_quality=0.7|n_missions=4|regime=jittery|rrf=60.0,H1,2,541356775,6,60.0,4,jittery,0.4,0.7,0.75,0.5,0.25,0.0,0.0,1.0,0.9230769230769231,2.5272925846688996,0.5,0.5,0.5,1.2,2,4,0,2.5,2.0,7.482226848602295,6,60.0,4,0.25660112500000004,0.3565,0.6959701180458069,0.8512806875,0.7746666666666666,0.6671942472457886,0.8512806875,0.5946795624999999,3,,0.9,120.0,0,ok,41.03179144859314,
N=6|dead_zone=0.4|link_quality=0.7|n_missions=4|regime=jittery|rrf=60.0,H0,3,1487571060,6,60.0,4,jittery,0.4,0.7,1.5,1.0,0.5,0.0,0.0,0.5,0.5,1.584962500721156,0.5,0.5,,,4,0,0,0.0,0.0,0.0,6,60.0,4,0.26924187499999996,0.3565,0.6958821415901184,0.968250375,0.7925,0.5853491425514221,0.968250375,0.6990085,5,,0.9,,,ok,13.698980569839478,
N=6|dead_zone=0.4|link_quality=0.7|n_missions=4|regime=jittery|rrf=60.0,H1,3,1487571060,6,60.0,4,jittery,0.4,0.7,1.25,0.5,0.5,0.25,0.0,1.0,0.9480286738351255,2.545999197128142,0.5,0.46296296296296297,0.5,1.1666666666666667,2,4,0,3.0,2.0,6.660247564315796,6,60.0,4,0.26924187499999996,0.3565,0.6958821415901184,0.8442665,0.8071666666666667,0.6641833782196045,0.8442665,0.5750246250000001,3,,0.9,120.0,0,ok,38.370957136154175,
N=6|dead_zone=0.4|link_quality=0.7|n_missions=4|regime=jittery|rrf=60.0,H0,4,2414982670,6,60.0,4,jittery,0.4,0.7,1.75,1.0,0.5,0.25,0.0,0.5,0.4803921568627451,1.5566567074628228,0.5,0.4803921568627451,,,4,0,0,0.0,0.0,0.0,6,60.0,4,0.273255375,0.3621666666666667,0.6958684921264648,0.947020375,0.7873333333333333,0.5692061185836792,0.947020375,0.673765,5,,0.9,,,ok,14.453936100006104,
N=6|dead_zone=0.4|link_quality=0.7|n_missions=4|regime=jittery|rrf=60.0,H1,3,1487571060,6,60.0,4,jittery,0.4,0.7,1.5,0.75,0.5,0.25,0.0,1.0,0.9922480620155039,2.579434002924965,0.6666666666666666,0.6,0.75,1.3333333333333333,3,4,0,3.0,3.25,7.372247517108917,6,60.0,4,0.26924187499999996,0.3565,0.6958821415901184,0.8829670624999999,0.8393333333333334,0.6395758390426636,0.8829670624999999,0.6137251874999999,4,,0.9,120.0,0,ok,41.37311863899231,
N=6|dead_zone=0.4|link_quality=0.7|n_missions=4|regime=jittery|rrf=60.0,H0,4,2414982670,6,60.0,4,jittery,0.4,0.7,1.75,1.0,0.5,0.25,0.0,0.5,0.4803921568627451,1.5566567074628228,0.5,0.4803921568627451,,,4,0,0,0.0,0.0,0.0,6,60.0,4,0.273255375,0.3621666666666667,0.6958684921264648,0.947020375,0.7873333333333333,0.5692061185836792,0.947020375,0.673765,5,,0.9,,,ok,14.055094480514526,
N=6|dead_zone=0.4|link_quality=0.7|n_missions=4|regime=jittery|rrf=60.0,H1,4,2414982670,6,60.0,4,jittery,0.4,0.7,1.5,1.0,0.5,0.0,0.0,1.0,0.966183574879227,2.55887184844536,0.6666666666666666,0.6,1.0,1.6666666666666667,4,4,0,3.0,3.5,9.395731151103973,6,60.0,4,0.273255375,0.3621666666666667,0.6958684921264648,0.9332986875000001,0.8088333333333333,0.5912336111068726,0.9332986875000001,0.6600433125,5,,0.9,120.0,0,ok,49.32442545890808,
N=6|dead_zone=0.4|link_quality=0.7|n_missions=4|regime=jittery|rrf=60.0,H0,5,3087830648,6,60.0,4,jittery,0.4,0.7,0.75,0.75,0.0,0.0,0.0,0.3333333333333333,0.3,0.9182958340544896,0.3333333333333333,0.3,,,4,0,0,0.0,0.0,0.0,6,60.0,4,0.259957625,0.35433333333333333,0.6959567070007324,0.90651675,0.7966666666666666,0.6468185782432556,0.90651675,0.646559125,5,,0.9,,,ok,11.323642253875732,
N=6|dead_zone=0.4|link_quality=0.7|n_missions=4|regime=jittery|rrf=60.0,H1,4,2414982670,6,60.0,4,jittery,0.4,0.7,1.5,1.0,0.5,0.0,0.0,1.0,0.966183574879227,2.55887184844536,0.6666666666666666,0.6,1.0,1.6666666666666667,4,4,0,3.0,3.5,9.375948071479797,6,60.0,4,0.273255375,0.3621666666666667,0.6958684921264648,0.9332986875000001,0.8088333333333333,0.5912336111068726,0.9332986875000001,0.6600433125,5,,0.9,120.0,0,ok,48.60261940956116,
N=6|dead_zone=0.4|link_quality=0.7|n_missions=4|regime=jittery|rrf=60.0,H0,5,3087830648,6,60.0,4,jittery,0.4,0.7,0.75,0.75,0.0,0.0,0.0,0.3333333333333333,0.3,0.9182958340544896,0.3333333333333333,0.3,,,4,0,0,0.0,0.0,0.0,6,60.0,4,0.259957625,0.35433333333333333,0.6959567070007324,0.90651675,0.7966666666666666,0.6468185782432556,0.90651675,0.646559125,5,,0.9,,,ok,10.705036163330078,
N=6|dead_zone=0.4|link_quality=0.7|n_missions=4|regime=jittery|rrf=60.0,H1,5,3087830648,6,60.0,4,jittery,0.4,0.7,2.5,1.0,0.75,0.75,0.0,1.0,0.9970344009489917,2.5827423149511795,0.8333333333333334,0.7575757575757576,1.0,2.090909090909091,4,4,0,2.75,3.0,7.964590013027191,6,60.0,4,0.259957625,0.35433333333333333,0.6959567070007324,0.9478251875000001,0.869,0.5775067806243896,0.9478251875000001,0.6878675625000001,5,,0.9,120.0,0,ok,43.36107087135315,
N=6|dead_zone=0.4|link_quality=0.7|n_missions=4|regime=jittery|rrf=60.0,H0,6,2144415600,6,60.0,4,jittery,0.4,0.7,2.5,1.0,0.75,0.5,0.0,0.6666666666666666,0.5555555555555556,1.8464393446710154,0.6666666666666666,0.5555555555555556,,,4,0,0,0.0,0.0,0.0,6,60.0,4,0.2708914375,0.3581666666666667,0.6959335207939148,0.96356225,0.7871666666666667,0.5724596381187439,0.96356225,0.6926708125,5,,0.9,,,ok,17.394450902938843,
N=6|dead_zone=0.4|link_quality=0.7|n_missions=4|regime=jittery|rrf=60.0,H1,5,3087830648,6,60.0,4,jittery,0.4,0.7,2.5,1.0,0.75,0.75,0.0,1.0,0.9970344009489917,2.5827423149511795,0.8333333333333334,0.7575757575757576,1.0,2.090909090909091,4,4,0,2.75,3.0,7.925736904144287,6,60.0,4,0.259957625,0.35433333333333333,0.6959567070007324,0.9478251875000001,0.869,0.5775067806243896,0.9478251875000001,0.6878675625000001,5,,0.9,120.0,0,ok,42.7601273059845,
N=6|dead_zone=0.4|link_quality=0.7|n_missions=4|regime=jittery|rrf=60.0,H0,6,2144415600,6,60.0,4,jittery,0.4,0.7,2.5,1.0,0.75,0.5,0.0,0.6666666666666666,0.5555555555555556,1.8464393446710154,0.6666666666666666,0.5555555555555556,,,4,0,0,0.0,0.0,0.0,6,60.0,4,0.2708914375,0.3581666666666667,0.6959335207939148,0.96356225,0.7871666666666667,0.5724596381187439,0.96356225,0.6926708125,5,,0.9,,,ok,17.17173194885254,
N=6|dead_zone=0.4|link_quality=0.7|n_missions=4|regime=jittery|rrf=60.0,H1,6,2144415600,6,60.0,4,jittery,0.4,0.7,1.25,0.5,0.5,0.25,0.0,1.0,0.9883040935672515,2.5766212201074916,0.6666666666666666,0.5952380952380952,0.5,1.3636363636363635,2,4,0,2.75,2.0,6.810039699077606,6,60.0,4,0.2708914375,0.3581666666666667,0.6959335207939148,0.8576311875,0.8576666666666667,0.6680271029472351,0.8576311875,0.58673975,3,,0.9,120.0,0,ok,38.93743705749512,
N=6|dead_zone=0.4|link_quality=0.7|n_missions=4|regime=jittery|rrf=60.0,H0,7,1092156728,6,60.0,4,jittery,0.4,0.7,1.5,1.0,0.5,0.0,0.0,0.5,0.3333333333333333,1.2516291673878228,0.5,0.3333333333333333,,,4,0,0,0.0,0.0,0.0,6,60.0,4,0.24748850000000003,0.35683333333333334,0.6960057020187378,0.914856,0.8661666666666666,0.5824418067932129,0.9236173125,0.6673675,5,,0.9,,,ok,14.244104623794556,
N=6|dead_zone=0.4|link_quality=0.7|n_missions=4|regime=jittery|rrf=60.0,H1,6,2144415600,6,60.0,4,jittery,0.4,0.7,1.5,0.75,0.5,0.25,0.0,1.0,0.9918032786885246,2.578992712198113,0.6666666666666666,0.6,0.75,1.4545454545454546,3,4,0,2.75,3.0,7.7328513860702515,6,60.0,4,0.2708914375,0.3581666666666667,0.6959335207939148,0.9143339375,0.8555,0.6549025774002075,0.9143339375,0.6434425,4,,0.9,120.0,0,ok,42.49169039726257,
N=6|dead_zone=0.4|link_quality=0.7|n_missions=4|regime=jittery|rrf=60.0,H0,7,1092156728,6,60.0,4,jittery,0.4,0.7,1.5,1.0,0.5,0.0,0.0,0.5,0.3333333333333333,1.2516291673878228,0.5,0.3333333333333333,,,4,0,0,0.0,0.0,0.0,6,60.0,4,0.24748850000000003,0.35683333333333334,0.6960057020187378,0.914856,0.8661666666666666,0.5824418067932129,0.9236173125,0.6673675,5,,0.9,,,ok,13.62212347984314,
N=6|dead_zone=0.4|link_quality=0.7|n_missions=4|regime=jittery|rrf=60.0,H1,7,1092156728,6,60.0,4,jittery,0.4,0.7,1.5,1.0,0.5,0.0,0.0,1.0,0.9877344877344877,2.5758875711364073,0.8333333333333334,0.75,1.0,1.7272727272727273,4,4,0,2.75,3.5,8.535804331302643,6,60.0,4,0.24748850000000003,0.35683333333333334,0.6960057020187378,0.962206875,0.8766666666666667,0.5829503536224365,0.962206875,0.714718375,5,,0.9,120.0,0,ok,45.92567849159241,
N=6|dead_zone=0.4|link_quality=0.7|n_missions=4|regime=jittery|rrf=60.0,H0,8,2900608483,6,60.0,4,jittery,0.4,0.7,1.5,1.0,0.25,0.25,0.0,0.5,0.42857142857142855,1.4591479170272448,0.5,0.42857142857142855,,,4,0,0,0.0,0.0,0.0,6,60.0,4,0.242844,0.3536666666666667,0.6960428357124329,0.9269848125000001,0.8056666666666666,0.5635356903076172,0.9269848125000001,0.6841408125000001,5,,0.9,,,ok,14.618515729904175,
N=6|dead_zone=0.4|link_quality=0.7|n_missions=4|regime=jittery|rrf=60.0,H1,7,1092156728,6,60.0,4,jittery,0.4,0.7,1.5,1.0,0.5,0.0,0.0,1.0,0.9877344877344877,2.5758875711364073,0.8333333333333334,0.75,1.0,1.7272727272727273,4,4,0,2.75,3.5,8.499367892742157,6,60.0,4,0.24748850000000003,0.35683333333333334,0.6960057020187378,0.962206875,0.8766666666666667,0.5829503536224365,0.962206875,0.714718375,5,,0.9,120.0,0,ok,45.12486457824707,
N=6|dead_zone=0.4|link_quality=0.7|n_missions=4|regime=jittery|rrf=60.0,H0,8,2900608483,6,60.0,4,jittery,0.4,0.7,1.5,1.0,0.25,0.25,0.0,0.5,0.42857142857142855,1.4591479170272448,0.5,0.42857142857142855,,,4,0,0,0.0,0.0,0.0,6,60.0,4,0.242844,0.3536666666666667,0.6960428357124329,0.9269848125000001,0.8056666666666666,0.5635356903076172,0.9269848125000001,0.6841408125000001,5,,0.9,,,ok,13.257963180541992,
N=6|dead_zone=0.4|link_quality=0.7|n_missions=4|regime=jittery|rrf=60.0,H1,8,2900608483,6,60.0,4,jittery,0.4,0.7,2.0,0.75,0.5,0.5,0.0,1.0,0.9863123993558777,2.5749947193376044,0.6666666666666666,0.5925925925925926,0.75,1.2142857142857142,3,4,0,3.5,3.75,7.566278457641602,6,60.0,4,0.242844,0.3536666666666667,0.6960428357124329,0.9159903749999999,0.7106666666666667,0.6589741706848145,0.9159903749999999,0.673146375,4,,0.9,120.0,0,ok,41.97397708892822,
N=6|dead_zone=0.4|link_quality=0.7|n_missions=4|regime=jittery|rrf=60.0,H0,9,208517945,6,60.0,4,jittery,0.4,0.7,2.5,1.0,1.0,0.5,0.0,0.5,0.49019607843137253,1.5709505944546684,0.5,0.49019607843137253,,,4,0,0,0.0,0.0,0.0,6,60.0,4,0.26714143749999997,0.35433333333333333,0.6959041357040405,0.9643440000000001,0.8478333333333333,0.610360860824585,0.9643440000000001,0.6972025625000001,5,,0.9,,,ok,14.477460145950317,
N=6|dead_zone=0.4|link_quality=0.7|n_missions=4|regime=jittery|rrf=60.0,H1,8,2900608483,6,60.0,4,jittery,0.4,0.7,2.0,0.75,0.5,0.5,0.0,1.0,0.9863123993558777,2.5749947193376044,0.6666666666666666,0.5925925925925926,0.75,1.2142857142857142,3,4,0,3.5,3.75,7.596533358097076,6,60.0,4,0.242844,0.3536666666666667,0.6960428357124329,0.9159903749999999,0.7106666666666667,0.6589741706848145,0.9159903749999999,0.673146375,4,,0.9,120.0,0,ok,42.289769887924194,
N=6|dead_zone=0.4|link_quality=0.7|n_missions=4|regime=jittery|rrf=60.0,H0,9,208517945,6,60.0,4,jittery,0.4,0.7,2.5,1.0,1.0,0.5,0.0,0.5,0.49019607843137253,1.5709505944546684,0.5,0.49019607843137253,,,4,0,0,0.0,0.0,0.0,6,60.0,4,0.26714143749999997,0.35433333333333333,0.6959041357040405,0.9643440000000001,0.8478333333333333,0.610360860824585,0.9643440000000001,0.6972025625000001,5,,0.9,,,ok,13.915323972702026,
N=6|dead_zone=0.4|link_quality=0.7|n_missions=4|regime=jittery|rrf=60.0,H1,9,208517945,6,60.0,4,jittery,0.4,0.7,2.0,1.0,0.75,0.25,0.0,1.0,0.9473684210526315,2.5419822842863984,0.6666666666666666,0.6666666666666666,1.0,2.0,4,4,0,2.25,3.0,6.343907654285431,6,60.0,4,0.26714143749999997,0.35433333333333333,0.6959041357040405,0.9512388125,0.8011666666666667,0.5961000323295593,0.9512388125,0.684097375,5,,0.9,120.0,0,ok,36.46382665634155,
N=6|dead_zone=0.4|link_quality=0.7|n_missions=4|regime=jittery|rrf=60.0,H0,10,3906329856,6,60.0,4,jittery,0.4,0.7,1.75,1.0,0.75,0.0,0.0,0.6666666666666666,0.5444444444444444,1.8423709931771086,0.6666666666666666,0.5444444444444444,,,4,0,0,0.0,0.0,0.0,6,60.0,4,0.253653,0.356,0.6959596276283264,0.96534175,0.9113333333333333,0.5572634935379028,0.96534175,0.71168875,5,4,0.9,,,ok,16.247350692749023,
N=6|dead_zone=0.4|link_quality=0.7|n_missions=4|regime=jittery|rrf=60.0,H1,9,208517945,6,60.0,4,jittery,0.4,0.7,2.0,1.0,0.75,0.25,0.0,1.0,0.9473684210526315,2.5419822842863984,0.6666666666666666,0.6666666666666666,1.0,2.0,4,4,0,2.25,3.0,6.260124504566193,6,60.0,4,0.26714143749999997,0.35433333333333333,0.6959041357040405,0.9512388125,0.8011666666666667,0.5961000323295593,0.9512388125,0.684097375,5,,0.9,120.0,0,ok,35.52902889251709,
N=6|dead_zone=0.4|link_quality=0.7|n_missions=4|regime=jittery|rrf=60.0,H0,10,3906329856,6,60.0,4,jittery,0.4,0.7,1.75,1.0,0.75,0.0,0.0,0.6666666666666666,0.5444444444444444,1.8423709931771086,0.6666666666666666,0.5444444444444444,,,4,0,0,0.0,0.0,0.0,6,60.0,4,0.253653,0.356,0.6959596276283264,0.96534175,0.9113333333333333,0.5572634935379028,0.96534175,0.71168875,5,4,0.9,,,ok,15.396652698516846,
N=6|dead_zone=0.4|link_quality=0.7|n_missions=4|regime=jittery|rrf=60.0,H1,10,3906329856,6,60.0,4,jittery,0.4,0.7,3.25,1.0,1.0,0.75,0.0,1.0,1.0,2.584962500721156,0.8333333333333334,0.7612612612612613,1.0,2.0,4,4,0,3.0,3.0,7.771509647369385,6,60.0,4,0.253653,0.356,0.6959596276283264,0.9508015000000001,0.8935,0.5925828814506531,0.9508015000000001,0.6971485000000001,5,,0.9,120.0,0,ok,41.91201424598694,
N=6|dead_zone=0.4|link_quality=0.7|n_missions=4|regime=jittery|rrf=60.0,H0,11,2125778856,6,60.0,4,jittery,0.4,0.7,2.5,1.0,1.0,0.25,0.0,0.6666666666666666,0.5952380952380952,1.9219280948873623,0.6666666666666666,0.5952380952380952,,,4,0,0,0.0,0.0,0.0,6,60.0,4,0.2651466875,0.3556666666666667,0.695961594581604,0.9346344375,0.841,0.5890404582023621,0.9346344375,0.66948775,5,,0.9,,,ok,17.589317321777344,
N=6|dead_zone=0.4|link_quality=0.7|n_missions=4|regime=jittery|rrf=60.0,H1,10,3906329856,6,60.0,4,jittery,0.4,0.7,3.25,1.0,1.0,0.75,0.0,1.0,1.0,2.584962500721156,0.8333333333333334,0.7612612612612613,1.0,2.0,4,4,0,3.0,3.0,7.703745603561401,6,60.0,4,0.253653,0.356,0.6959596276283264,0.9508015000000001,0.8935,0.5925828814506531,0.9508015000000001,0.6971485000000001,5,,0.9,120.0,0,ok,41.10972309112549,
N=6|dead_zone=0.4|link_quality=0.7|n_missions=4|regime=jittery|rrf=60.0,H0,11,2125778856,6,60.0,4,jittery,0.4,0.7,2.5,1.0,1.0,0.25,0.0,0.6666666666666666,0.5952380952380952,1.9219280948873623,0.6666666666666666,0.5952380952380952,,,4,0,0,0.0,0.0,0.0,6,60.0,4,0.2651466875,0.3556666666666667,0.695961594581604,0.9346344375,0.841,0.5890404582023621,0.9346344375,0.66948775,5,,0.9,,,ok,17.35875940322876,
N=6|dead_zone=0.4|link_quality=0.7|n_missions=4|regime=jittery|rrf=60.0,H1,11,2125778856,6,60.0,4,jittery,0.4,0.7,3.0,1.0,1.0,0.75,0.0,1.0,1.0,2.584962500721156,1.0,0.9230769230769231,1.0,2.0,4,4,0,3.0,3.0,7.984493374824524,6,60.0,4,0.2651466875,0.3556666666666667,0.695961594581604,0.9562288125,0.807,0.5733303427696228,0.9562288125,0.6910821250000001,5,,0.9,120.0,0,ok,43.97176265716553,
N=6|dead_zone=0.4|link_quality=0.7|n_missions=4|regime=jittery|rrf=60.0,H0,12,1810427823,6,60.0,4,jittery,0.4,0.7,1.25,1.0,0.25,0.0,0.0,0.5,0.3787878787878788,1.3709505944546687,0.5,0.3787878787878788,,,4,0,0,0.0,0.0,0.0,6,60.0,4,0.2594374375,0.35433333333333333,0.6959319114685059,0.975087375,0.8205,0.5760679244995117,0.975087375,0.7156499375,5,,0.9,,,ok,14.448452234268188,
N=6|dead_zone=0.4|link_quality=0.7|n_missions=4|regime=jittery|rrf=60.0,H1,11,2125778856,6,60.0,4,jittery,0.4,0.7,3.0,1.0,1.0,0.75,0.0,1.0,1.0,2.584962500721156,1.0,0.9230769230769231,1.0,2.0,4,4,0,3.0,3.0,7.92221200466156,6,60.0,4,0.2651466875,0.3556666666666667,0.695961594581604,0.9562288125,0.807,0.5733303427696228,0.9562288125,0.6910821250000001,5,,0.9,120.0,0,ok,43.08620238304138,
N=6|dead_zone=0.4|link_quality=0.7|n_missions=4|regime=jittery|rrf=60.0,H0,12,1810427823,6,60.0,4,jittery,0.4,0.7,1.25,1.0,0.25,0.0,0.0,0.5,0.3787878787878788,1.3709505944546687,0.5,0.3787878787878788,,,4,0,0,0.0,0.0,0.0,6,60.0,4,0.2594374375,0.35433333333333333,0.6959319114685059,0.975087375,0.8205,0.5760679244995117,0.975087375,0.7156499375,5,,0.9,,,ok,13.849589586257935,
N=6|dead_zone=0.4|link_quality=0.7|n_missions=4|regime=jittery|rrf=60.0,H1,12,1810427823,6,60.0,4,jittery,0.4,0.7,2.0,0.75,0.75,0.25,0.0,1.0,0.9707070707070707,2.562616778534694,1.0,0.8888888888888888,0.75,1.4545454545454546,3,4,0,2.75,3.0,7.419367790222168,6,60.0,4,0.2594374375,0.35433333333333333,0.6959319114685059,0.9074478124999998,0.7896666666666666,0.6324173808097839,0.9074478124999998,0.6480103749999999,4,,0.9,120.0,0,ok,41.6384596824646,
N=6|dead_zone=0.4|link_quality=0.7|n_missions=4|regime=jittery|rrf=60.0,H0,13,3191640227,6,60.0,4,jittery,0.4,0.7,2.5,1.0,1.0,0.5,0.0,0.5,0.49019607843137253,1.5709505944546684,0.5,0.49019607843137253,,,4,0,0,0.0,0.0,0.0,6,60.0,4,0.25382024999999997,0.35733333333333334,0.6959887742996216,0.9260925,0.8353333333333334,0.5888331532478333,0.9260925,0.67227225,5,,0.9,,,ok,15.853233575820923,
N=6|dead_zone=0.4|link_quality=0.7|n_missions=4|regime=jittery|rrf=60.0,H1,12,1810427823,6,60.0,4,jittery,0.4,0.7,2.0,0.75,0.75,0.25,0.0,1.0,0.9707070707070707,2.562616778534694,1.0,0.8888888888888888,0.75,1.4545454545454546,3,4,0,2.75,3.0,7.233017981052399,6,60.0,4,0.2594374375,0.35433333333333333,0.6959319114685059,0.9074478124999998,0.7896666666666666,0.6324173808097839,0.9074478124999998,0.6480103749999999,4,,0.9,120.0,0,ok,40.05189108848572,
N=6|dead_zone=0.4|link_quality=0.7|n_missions=4|regime=jittery|rrf=60.0,H0,13,3191640227,6,60.0,4,jittery,0.4,0.7,2.5,1.0,1.0,0.5,0.0,0.5,0.49019607843137253,1.5709505944546684,0.5,0.49019607843137253,,,4,0,0,0.0,0.0,0.0,6,60.0,4,0.25382024999999997,0.35733333333333334,0.6959887742996216,0.9260925,0.8353333333333334,0.5888331532478333,0.9260925,0.67227225,5,,0.9,,,ok,15.793931007385254,
N=6|dead_zone=0.4|link_quality=0.7|n_missions=4|regime=jittery|rrf=60.0,H1,13,3191640227,6,60.0,4,jittery,0.4,0.7,1.75,0.75,0.75,0.25,0.0,1.0,0.994824016563147,2.581358330499424,1.0,0.9074074074074074,0.75,1.9090909090909092,3,4,0,2.75,2.0,7.105822682380676,6,60.0,4,0.25382024999999997,0.35733333333333334,0.6959887742996216,0.9330385625000001,0.7755,0.6387564539909363,0.9330385625000001,0.6792183125000001,4,,0.9,120.0,0,ok,40.580559730529785,
N=6|dead_zone=0.4|link_quality=0.7|n_missions=4|regime=jittery|rrf=60.0,H0,14,2635476402,6,60.0,4,jittery,0.4,0.7,2.75,1.0,1.0,0.75,0.0,0.5,0.491869918699187,1.5726236638951638,0.5,0.491869918699187,,,4,0,0,0.0,0.0,0.0,6,60.0,4,0.2535636875,0.3565,0.6959728002548218,0.9401758125,0.799,0.5921809673309326,0.9401758125,0.686612125,5,,0.9,,,ok,15.169231414794922,
N=6|dead_zone=0.4|link_quality=0.7|n_missions=4|regime=jittery|rrf=60.0,H1,13,3191640227,6,60.0,4,jittery,0.4,0.7,1.75,1.0,0.75,0.0,0.0,1.0,0.972972972972973,2.564831257372309,0.8333333333333334,0.7424242424242424,1.0,1.8,4,4,0,2.5,2.75,7.91191953420639,6,60.0,4,0.25382024999999997,0.35733333333333334,0.6959887742996216,0.949344,0.7858333333333334,0.5946604609489441,0.949344,0.69552375,5,,0.9,120.0,0,ok,43.07693886756897,
N=6|dead_zone=0.4|link_quality=0.7|n_missions=4|regime=jittery|rrf=60.0,H0,14,2635476402,6,60.0,4,jittery,0.4,0.7,2.75,1.0,1.0,0.75,0.0,0.5,0.491869918699187,1.5726236638951638,0.5,0.491869918699187,,,4,0,0,0.0,0.0,0.0,6,60.0,4,0.2535636875,0.3565,0.6959728002548218,0.9401758125,0.799,0.5921809673309326,0.9401758125,0.686612125,5,,0.9,,,ok,14.785921812057495,
N=6|dead_zone=0.4|link_quality=0.7|n_missions=4|regime=jittery|rrf=60.0,H1,14,2635476402,6,60.0,4,jittery,0.4,0.7,1.75,1.0,0.75,0.75,0.0,1.0,0.94750656167979,2.537077256228333,0.6666666666666666,0.6282051282051282,1.0,1.6666666666666667,4,4,0,3.0,3.5,8.509477853775024,6,60.0,4,0.2535636875,0.3565,0.6959728002548218,0.9519755,0.8033333333333333,0.5772542953491211,0.9519755,0.6984118125,5,,0.9,120.0,0,ok,45.18129920959473,
N=6|dead_zone=0.4|link_quality=0.7|n_missions=4|regime=jittery|rrf=60.0,H0,15,2119636226,6,60.0,4,jittery,0.4,0.7,1.5,1.0,0.5,0.0,0.0,0.3333333333333333,0.3,0.9182958340544896,0.3333333333333333,0.3,,,4,0,0,0.0,0.0,0.0,6,60.0,4,0.25410431250000004,0.35683333333333334,0.6959701180458069,0.9530409375,0.8538333333333333,0.5753797888755798,0.9530409375,0.698936625,5,,0.9,,,ok,12.695158243179321,
N=6|dead_zone=0.4|link_quality=0.7|n_missions=4|regime=jittery|rrf=60.0,H1,14,2635476402,6,60.0,4,jittery,0.4,0.7,1.75,1.0,0.75,0.75,0.0,1.0,0.94750656167979,2.537077256228333,0.6666666666666666,0.6282051282051282,1.0,1.6666666666666667,4,4,0,3.0,3.5,8.531757235527039,6,60.0,4,0.2535636875,0.3565,0.6959728002548218,0.9519755,0.8033333333333333,0.5772542953491211,0.9519755,0.6984118125,5,,0.9,120.0,0,ok,44.55551314353943,
N=6|dead_zone=0.4|link_quality=0.7|n_missions=4|regime=jittery|rrf=60.0,H0,15,2119636226,6,60.0,4,jittery,0.4,0.7,1.5,1.0,0.5,0.0,0.0,0.3333333333333333,0.3,0.9182958340544896,0.3333333333333333,0.3,,,4,0,0,0.0,0.0,0.0,6,60.0,4,0.25410431250000004,0.35683333333333334,0.6959701180458069,0.9530409375,0.8538333333333333,0.5753797888755798,0.9530409375,0.698936625,5,,0.9,,,ok,12.431676626205444,
N=6|dead_zone=0.4|link_quality=0.7|n_missions=4|regime=jittery|rrf=60.0,H1,15,2119636226,6,60.0,4,jittery,0.4,0.7,1.5,1.0,0.5,0.0,0.0,1.0,0.9473684210526315,2.5419822842863984,0.6666666666666666,0.5,1.0,2.0,4,4,0,2.25,3.0,7.204614758491516,6,60.0,4,0.25410431250000004,0.35683333333333334,0.6959701180458069,0.956425,0.8008333333333333,0.5497929453849792,0.956425,0.7023206874999999,5,,0.9,120.0,0,ok,41.08705759048462,
N=6|dead_zone=0.4|link_quality=0.7|n_missions=4|regime=jittery|rrf=60.0,H0,16,2322421914,6,60.0,4,jittery,0.4,0.7,1.75,1.0,0.5,0.25,0.0,0.5,0.4803921568627451,1.5566567074628228,0.5,0.4803921568627451,,,4,0,0,0.0,0.0,0.0,6,60.0,4,0.2799405625,0.3596666666666667,0.6958796977996826,0.945519,0.8436666666666667,0.5774009227752686,0.945519,0.6655784375,5,,0.9,,,ok,14.959136009216309,
N=6|dead_zone=0.4|link_quality=0.7|n_missions=4|regime=jittery|rrf=60.0,H1,15,2119636226,6,60.0,4,jittery,0.4,0.7,1.5,1.0,0.5,0.0,0.0,1.0,0.9473684210526315,2.5419822842863984,0.6666666666666666,0.5,1.0,2.0,4,4,0,2.25,3.0,7.121436715126038,6,60.0,4,0.25410431250000004,0.35683333333333334,0.6959701180458069,0.956425,0.8008333333333333,0.5497929453849792,0.956425,0.7023206874999999,5,,0.9,120.0,0,ok,39.916961431503296,
N=6|dead_zone=0.4|link_quality=0.7|n_missions=4|regime=jittery|rrf=60.0,H0,16,2322421914,6,60.0,4,jittery,0.4,0.7,1.75,1.0,0.5,0.25,0.0,0.5,0.4803921568627451,1.5566567074628228,0.5,0.4803921568627451,,,4,0,0,0.0,0.0,0.0,6,60.0,4,0.2799405625,0.3596666666666667,0.6958796977996826,0.945519,0.8436666666666667,0.5774009227752686,0.945519,0.6655784375,5,,0.9,,,ok,14.848760843276978,
N=6|dead_zone=0.4|link_quality=0.7|n_missions=4|regime=jittery|rrf=60.0,H1,16,2322421914,6,60.0,4,jittery,0.4,0.7,1.75,1.0,0.75,0.0,0.0,1.0,0.9863387978142076,2.5746737280146283,0.8333333333333334,0.7424242424242424,1.0,1.5384615384615385,4,4,0,3.25,4.0,9.288362860679626,6,60.0,4,0.2799405625,0.3596666666666667,0.6958796977996826,0.969107,0.8233333333333334,0.5750150084495544,0.969107,0.6891664375000001,5,,0.9,120.0,0,ok,49.38137149810791,
N=6|dead_zone=0.4|link_quality=0.7|n_missions=4|regime=jittery|rrf=60.0,H0,17,1599998843,6,60.0,4,jittery,0.4,0.7,0.75,0.25,0.25,0.25,0.0,0.5,0.5,1.584962500721156,0.5,0.5,,,4,0,0,0.0,0.0,0.0,6,60.0,4,0.27077162499999996,0.35983333333333334,0.6959146857261658,0.730794875,0.6981666666666667,0.6774368286132812,0.730794875,0.46002325,5,,0.9,,,ok,13.951861143112183,
N=6|dead_zone=0.4|link_quality=0.7|n_missions=4|regime=jittery|rrf=60.0,H1,16,2322421914,6,60.0,4,jittery,0.4,0.7,1.75,1.0,0.75,0.0,0.0,1.0,0.9863387978142076,2.5746737280146283,0.8333333333333334,0.7424242424242424,1.0,1.5384615384615385,4,4,0,3.25,4.0,9.22377735376358,6,60.0,4,0.2799405625,0.3596666666666667,0.6958796977996826,0.969107,0.8233333333333334,0.5750150084495544,0.969107,0.6891664375000001,5,,0.9,120.0,0,ok,48.233049631118774,
N=6|dead_zone=0.4|link_quality=0.7|n_missions=4|regime=jittery|rrf=60.0,H0,17,1599998843,6,60.0,4,jittery,0.4,0.7,0.75,0.25,0.25,0.25,0.0,0.5,0.5,1.584962500721156,0.5,0.5,,,4,0,0,0.0,0.0,0.0,6,60.0,4,0.27077162499999996,0.35983333333333334,0.6959146857261658,0.730794875,0.6981666666666667,0.6774368286132812,0.730794875,0.46002325,5,,0.9,,,ok,13.851635932922363,
N=6|dead_zone=0.4|link_quality=0.7|n_missions=4|regime=jittery|rrf=60.0,H1,17,1599998843,6,60.0,4,jittery,0.4,0.7,2.0,1.0,0.5,0.25,0.0,1.0,0.9863387978142076,2.5746737280146283,0.8333333333333334,0.7619047619047619,1.0,1.8333333333333333,4,4,0,3.0,3.5,8.037404656410217,6,60.0,4,0.27077162499999996,0.35983333333333334,0.6959146857261658,0.9703654374999999,0.8021666666666667,0.5673584938049316,0.9703654374999999,0.6995938125,5,,0.9,120.0,0,ok,44.38127136230469,
N=6|dead_zone=0.4|link_quality=0.7|n_missions=4|regime=jittery|rrf=60.0,H1,17,1599998843,6,60.0,4,jittery,0.4,0.7,2.0,1.0,0.75,0.25,0.0,1.0,0.9863813229571985,2.5744957240833597,0.8333333333333334,0.6666666666666666,1.0,1.9090909090909092,4,4,0,2.75,3.75,7.87901496887207,6,60.0,4,0.27077162499999996,0.35983333333333334,0.6959146857261658,0.979099375,0.7906666666666666,0.5643002986907959,0.979099375,0.70832775,5,,0.9,120.0,0,ok,43.39116668701172,
N=6|dead_zone=0.4|link_quality=0.7|n_missions=4|regime=jittery|rrf=60.0,H0,18,3308969476,6,60.0,4,jittery,0.4,0.7,1.75,1.0,0.75,0.0,0.0,0.5,0.4803921568627451,1.5566567074628228,0.5,0.4803921568627451,,,4,0,0,0.0,0.0,0.0,6,60.0,4,0.256500375,0.3545,0.6959745287895203,0.948105375,0.9023333333333333,0.5651260614395142,0.948105375,0.691605,5,4,0.9,,,ok,25.81914710998535,
N=6|dead_zone=0.4|link_quality=0.7|n_missions=4|regime=jittery|rrf=60.0,H0,18,3308969476,6,60.0,4,jittery,0.4,0.7,1.75,1.0,0.75,0.0,0.0,0.5,0.4803921568627451,1.5566567074628228,0.5,0.4803921568627451,,,4,0,0,0.0,0.0,0.0,6,60.0,4,0.256500375,0.3545,0.6959745287895203,0.948105375,0.9023333333333333,0.5651260614395142,0.948105375,0.691605,5,4,0.9,,,ok,12.886601686477661,
N=6|dead_zone=0.4|link_quality=0.7|n_missions=4|regime=jittery|rrf=60.0,H1,18,3308969476,6,60.0,4,jittery,0.4,0.7,0.75,0.5,0.25,0.0,0.0,1.0,0.9086021505376344,2.512214603157204,0.3333333333333333,0.3,0.5,1.1818181818181819,2,4,0,2.75,2.0,8.242076694965363,6,60.0,4,0.256500375,0.3545,0.6959745287895203,0.8463842500000001,0.7203333333333334,0.6621642112731934,0.8463842500000001,0.5898838750000001,3,,0.9,120.0,0,ok,48.11984848976135,
N=6|dead_zone=0.4|link_quality=0.7|n_missions=4|regime=jittery|rrf=60.0,H1,18,3308969476,6,60.0,4,jittery,0.4,0.7,0.75,0.5,0.25,0.0,0.0,1.0,0.9086021505376344,2.512214603157204,0.3333333333333333,0.3,0.5,1.1818181818181819,2,4,0,2.75,2.0,8.158632338047028,6,60.0,4,0.256500375,0.3545,0.6959745287895203,0.8463842500000001,0.7203333333333334,0.6621642112731934,0.8463842500000001,0.5898838750000001,3,,0.9,120.0,0,ok,47.2514853477478,
N=6|dead_zone=0.4|link_quality=0.7|n_missions=4|regime=jittery|rrf=60.0,H0,19,2334662154,6,60.0,4,jittery,0.4,0.7,1.5,0.75,0.5,0.25,0.0,0.6666666666666666,0.6,1.9182958340544896,0.6666666666666666,0.6,,,4,0,0,0.0,0.0,0.0,6,60.0,4,0.2802435,0.35733333333333334,0.6958756446838379,0.919492875,0.8353333333333334,0.625159740447998,0.919492875,0.639249375,5,,0.9,,,ok,15.677910804748535,
N=6|dead_zone=0.4|link_quality=0.7|n_missions=4|regime=jittery|rrf=60.0,H0,19,2334662154,6,60.0,4,jittery,0.4,0.7,1.5,0.75,0.5,0.25,0.0,0.6666666666666666,0.6,1.9182958340544896,0.6666666666666666,0.6,,,4,0,0,0.0,0.0,0.0,6,60.0,4,0.2802435,0.35733333333333334,0.6958756446838379,0.919492875,0.8353333333333334,0.625159740447998,0.919492875,0.639249375,5,,0.9,,,ok,18.015421628952026,
N=6|dead_zone=0.4|link_quality=0.7|n_missions=4|regime=jittery|rrf=60.0,H1,19,2334662154,6,60.0,4,jittery,0.4,0.7,1.25,1.0,0.25,0.0,0.0,1.0,0.9307692307692308,2.530622805321796,0.5,0.46296296296296297,1.0,1.6666666666666667,3,4,0,2.25,3.0,6.259543478488922,6,60.0,4,0.2802435,0.35733333333333334,0.6958756446838379,0.90749975,0.7626666666666667,0.6447226405143738,0.90749975,0.6272562500000001,4,,0.9,120.0,0,ok,39.96148610115051,
N=6|dead_zone=0.4|link_quality=0.7|n_missions=4|regime=jittery|rrf=60.0,H1,19,2334662154,6,60.0,4,jittery,0.4,0.7,1.25,1.0,0.25,0.0,0.0,1.0,0.9307692307692308,2.530622805321796,0.5,0.46296296296296297,1.0,1.6666666666666667,3,4,0,2.25,3.0,6.180320858955383,6,60.0,4,0.2802435,0.35733333333333334,0.6958756446838379,0.90749975,0.7626666666666667,0.6447226405143738,0.90749975,0.6272562500000001,4,,0.9,120.0,0,ok,41.426100730895996,
N=6|dead_zone=0.6|link_quality=0.3|n_missions=4|regime=jittery|rrf=60.0,H0,0,1173281749,6,60.0,4,jittery,0.6,0.3,0.25,0.25,0.0,0.0,0.0,0.16666666666666666,0.16666666666666666,0.0,0.16666666666666666,0.16666666666666666,,,4,0,0,0.0,0.0,0.0,6,60.0,4,0.2788798125,0.358,0.6958652138710022,0.68634475,0.7383333333333333,0.6766073107719421,0.68634475,0.40746493749999996,5,,0.9,,,ok,7.357753276824951,
N=6|dead_zone=0.6|link_quality=0.3|n_missions=4|regime=jittery|rrf=60.0,H0,0,1173281749,6,60.0,4,jittery,0.6,0.3,0.25,0.25,0.0,0.0,0.0,0.16666666666666666,0.16666666666666666,0.0,0.16666666666666666,0.16666666666666666,,,4,0,0,0.0,0.0,0.0,6,60.0,4,0.2788798125,0.358,0.6958652138710022,0.68634475,0.7383333333333333,0.6766073107719421,0.68634475,0.40746493749999996,5,,0.9,,,ok,8.813146829605103,
