cell_id,arm,trial_index,seed,param_N,param_rrf,param_n_missions,param_regime,param_dead_zone,param_link_quality,update_yield,round_close_rate_kmin1,round_close_rate_kmin2,round_close_rate_kminhalf,round_close_rate_kminN,coverage,jains_fairness,participation_entropy,mission_completion_rate,completion_fairness,pass2_coverage,rho_contact,rounds_closed,missions_completed,mission_failures,pass1_contacts_mean,pass2_contacts_mean,mission_duration_s_mean,n_devices,rf_range_m,n_missions_target,init_auc,init_accuracy,init_loss,final_auc,final_accuracy,final_loss,best_auc,delta_auc,rounds_evaluated,t_at_tau_round,tau,status,duration_s,error
N=6|dead_zone=0.0|link_quality=0.3|n_missions=4|regime=jittery|rrf=60.0,H0,0,2445965193,6,60.0,4,jittery,0.0,0.3,1.0,0.75,0.25,0.0,0.0,0.5,0.4444444444444444,1.5,0.5,0.4444444444444444,,,4.0,0.0,0.0,0.0,0.0,0.0,6.0,60.0,4.0,0.2602476875,0.3595,0.6959475874900818,0.9855140625,0.8393333333333334,0.4007254242897033,0.9855140625,0.725266375,5.0,,0.9,ok,20.15389204025269,
N=6|dead_zone=0.0|link_quality=0.3|n_missions=4|regime=jittery|rrf=60.0,H1,0,2445965193,6,60.0,4,jittery,0.0,0.3,2.0,1.0,0.5,0.25,0.0,1.0,0.9970344009489917,2.5827423149511795,0.8333333333333334,0.7619047619047619,1.0,1.7142857142857142,4.0,4.0,0.0,3.5,3.5,8.947783052921295,6.0,60.0,4.0,0.2602476875,0.3595,0.6959475874900818,0.988887375,0.936,0.2787196338176727,0.988887375,0.7286396875,5.0,4.0,0.9,ok,47.19573855400085,
N=6|dead_zone=0.0|link_quality=0.3|n_missions=4|regime=jittery|rrf=60.0,H0,1,2190988607,6,60.0,4,jittery,0.0,0.3,0.5,0.5,0.0,0.0,0.0,0.3333333333333333,0.3333333333333333,1.0,0.3333333333333333,0.3333333333333333,,,4.0,0.0,0.0,0.0,0.0,0.0,6.0,60.0,4.0,0.2625445625,0.3563333333333333,0.6959373950958252,0.9779413125,0.8371666666666666,0.6010265946388245,0.9779413125,0.7153967499999999,5.0,,0.9,ok,10.531826257705688,
N=6|dead_zone=0.0|link_quality=0.3|n_missions=4|regime=jittery|rrf=60.0,H1,1,2190988607,6,60.0,4,jittery,0.0,0.3,1.5,0.75,0.75,0.0,0.0,1.0,0.9970344009489917,2.5827423149511795,0.6666666666666666,0.6,0.75,1.5,3.0,4.0,0.0,4.0,3.0,11.66821140050888,6.0,60.0,4.0,0.2625445625,0.3563333333333333,0.6959373950958252,0.964549375,0.8183333333333334,0.4380753636360168,0.964549375,0.7020048125,4.0,,0.9,ok,58.33877635002136,
N=6|dead_zone=0.0|link_quality=0.3|n_missions=4|regime=jittery|rrf=60.0,H0,2,1675044949,6,60.0,4,jittery,0.0,0.3,1.0,0.75,0.25,0.0,0.0,0.5,0.4444444444444444,1.5,0.5,0.4444444444444444,,,4.0,0.0,0.0,0.0,0.0,0.0,6.0,60.0,4.0,0.2634185624999999,0.3576666666666667,0.695913553237915,0.9761668125,0.8588333333333333,0.4287703335285187,0.9761668125,0.7127482500000001,5.0,,0.9,ok,13.66219425201416,
N=6|dead_zone=0.0|link_quality=0.3|n_missions=4|regime=jittery|rrf=60.0,H1,2,1675044949,6,60.0,4,jittery,0.0,0.3,2.0,1.0,0.5,0.25,0.0,1.0,0.9962335216572504,2.582193066735133,0.8333333333333334,0.7619047619047619,1.0,1.2,4.0,4.0,0.0,5.0,5.0,11.769690930843351,6.0,60.0,4.0,0.2634185624999999,0.3576666666666667,0.695913553237915,0.985039875,0.8725,0.3360829353332519,0.985039875,0.7216213125000001,5.0,,0.9,ok,58.4791362285614,
N=6|dead_zone=0.0|link_quality=0.3|n_missions=4|regime=jittery|rrf=60.0,H0,3,288359827,6,60.0,4,jittery,0.0,0.3,1.25,0.5,0.5,0.25,0.0,0.6666666666666666,0.5952380952380952,1.9219280948873625,0.6666666666666666,0.5952380952380952,,,4.0,0.0,0.0,0.0,0.0,0.0,6.0,60.0,4.0,0.2719461875,0.3605,0.6958975195884705,0.9338749375,0.8255,0.5924215316772461,0.9338749375,0.6619287500000001,5.0,,0.9,ok,17.07646679878235,
N=6|dead_zone=0.0|link_quality=0.3|n_missions=4|regime=jittery|rrf=60.0,H1,3,288359827,6,60.0,4,jittery,0.0,0.3,2.25,1.0,0.75,0.5,0.0,1.0,1.0,2.584962500721156,1.0,0.9,1.0,2.0,4.0,4.0,0.0,3.0,3.0,10.28304362297058,6.0,60.0,4.0,0.2719461875,0.3605,0.6958975195884705,0.984628,0.9226666666666666,0.3059041798114776,0.984628,0.7126818125,5.0,4.0,0.9,ok,53.23630809783936,
N=6|dead_zone=0.0|link_quality=0.3|n_missions=4|regime=jittery|rrf=60.0,H0,4,1184982943,6,60.0,4,jittery,0.0,0.3,1.75,1.0,0.5,0.25,0.0,0.6666666666666666,0.5444444444444444,1.8423709931771084,0.6666666666666666,0.5444444444444444,,,4.0,0.0,0.0,0.0,0.0,0.0,6.0,60.0,4.0,0.29059,0.3555,0.6958067417144775,0.9865257500000002,0.9351666666666668,0.2790681719779968,0.9865257500000002,0.6959357500000002,5.0,2.0,0.9,ok,16.955074548721313,
N=6|dead_zone=0.0|link_quality=0.3|n_missions=4|regime=jittery|rrf=60.0,H1,4,1184982943,6,60.0,4,jittery,0.0,0.3,2.0,1.0,0.75,0.25,0.0,1.0,0.9962335216572504,2.582193066735133,0.6666666666666666,0.5925925925925926,1.0,1.2,4.0,4.0,0.0,5.0,5.0,10.212941646575928,6.0,60.0,4.0,0.29059,0.3555,0.6958067417144775,0.987470125,0.9141666666666668,0.29117152094841,0.987470125,0.696880125,5.0,4.0,0.9,ok,52.000590324401855,
N=6|dead_zone=0.0|link_quality=0.3|n_missions=4|regime=jittery|rrf=60.0,H0,5,2804292968,6,60.0,4,jittery,0.0,0.3,1.5,1.0,0.25,0.25,0.0,0.5,0.5,1.584962500721156,0.5,0.5,,,4.0,0.0,0.0,0.0,0.0,0.0,6.0,60.0,4.0,0.2613966875,0.3555,0.6959311366081238,0.9846604375,0.9176666666666666,0.3211426436901092,0.9846604375,0.72326375,5.0,4.0,0.9,ok,14.427285432815552,
N=6|dead_zone=0.0|link_quality=0.3|n_missions=4|regime=jittery|rrf=60.0,H1,5,2804292968,6,60.0,4,jittery,0.0,0.3,1.5,0.75,0.5,0.25,0.0,1.0,0.992248062015504,2.579434002924965,0.6666666666666666,0.6,0.75,2.4,3.0,4.0,0.0,2.5,2.5,7.164314925670624,6.0,60.0,4.0,0.2613966875,0.3555,0.6959311366081238,0.97122875,0.8863333333333333,0.4254110455513,0.97122875,0.7098320624999999,4.0,,0.9,ok,39.79734611511231,
N=6|dead_zone=0.0|link_quality=0.3|n_missions=4|regime=jittery|rrf=60.0,H0,6,3018903149,6,60.0,4,jittery,0.0,0.3,0.5,0.5,0.0,0.0,0.0,0.1666666666666666,0.1666666666666666,0.0,0.1666666666666666,0.1666666666666666,,,4.0,0.0,0.0,0.0,0.0,0.0,6.0,60.0,4.0,0.2610154375,0.3571666666666667,0.6959627270698547,0.956282875,0.8026666666666666,0.5771169662475586,0.956282875,0.6952674375000001,5.0,,0.9,ok,8.290443181991577,
N=6|dead_zone=0.0|link_quality=0.3|n_missions=4|regime=jittery|rrf=60.0,H1,6,3018903149,6,60.0,4,jittery,0.0,0.3,2.25,1.0,0.75,0.25,0.0,1.0,0.9941176470588236,2.580689952806082,0.6666666666666666,0.54,1.0,1.5,4.0,4.0,0.0,4.0,4.0,7.324745357036591,6.0,60.0,4.0,0.2610154375,0.3571666666666667,0.6959627270698547,0.98845275,0.9113333333333332,0.3008285164833069,0.98845275,0.7274373125,5.0,3.0,0.9,ok,40.45255994796753,
N=6|dead_zone=0.0|link_quality=0.3|n_missions=4|regime=jittery|rrf=60.0,H0,7,2558694739,6,60.0,4,jittery,0.0,0.3,0.75,0.75,0.0,0.0,0.0,0.5,0.5,1.584962500721156,0.5,0.5,,,4.0,0.0,0.0,0.0,0.0,0.0,6.0,60.0,4.0,0.2575209375,0.3586666666666667,0.6959788203239441,0.9740761875,0.8913333333333333,0.4099718034267425,0.9740761875,0.7165552499999999,5.0,,0.9,ok,13.645205736160278,
N=6|dead_zone=0.0|link_quality=0.3|n_missions=4|regime=jittery|rrf=60.0,H1,7,2558694739,6,60.0,4,jittery,0.0,0.3,1.25,0.75,0.5,0.0,0.0,1.0,0.9963609898107716,2.5824166230333305,0.5,0.4629629629629629,0.75,1.5,3.0,4.0,0.0,4.0,3.0,10.970987200737,6.0,60.0,4.0,0.2575209375,0.3586666666666667,0.6959788203239441,0.9810285,0.9503333333333334,0.447243332862854,0.9810285,0.7235075625,4.0,3.0,0.9,ok,55.32073593139648,
N=6|dead_zone=0.0|link_quality=0.3|n_missions=4|regime=jittery|rrf=60.0,H0,8,434730222,6,60.0,4,jittery,0.0,0.3,1.25,0.75,0.25,0.25,0.0,0.6666666666666666,0.5952380952380952,1.9219280948873625,0.6666666666666666,0.5952380952380952,,,4.0,0.0,0.0,0.0,0.0,0.0,6.0,60.0,4.0,0.2515945625,0.3565,0.6959981322288513,0.9882125625,0.8208333333333333,0.4237657487392425,0.9882125625,0.736618,5.0,,0.9,ok,16.334892749786377,
N=6|dead_zone=0.0|link_quality=0.3|n_missions=4|regime=jittery|rrf=60.0,H1,8,434730222,6,60.0,4,jittery,0.0,0.3,2.5,1.0,0.75,0.5,0.0,1.0,0.9970344009489917,2.5827423149511795,0.8333333333333334,0.7575757575757576,1.0,1.5,4.0,4.0,0.0,4.0,4.0,9.621477544307709,6.0,60.0,4.0,0.2515945625,0.3565,0.6959981322288513,0.987625125,0.8985,0.3049600422382355,0.987625125,0.7360305625,5.0,,0.9,ok,49.8158164024353,
N=6|dead_zone=0.0|link_quality=0.3|n_missions=4|regime=jittery|rrf=60.0,H0,9,1267099072,6,60.0,4,jittery,0.0,0.3,0.5,0.5,0.0,0.0,0.0,0.3333333333333333,0.3333333333333333,1.0,0.3333333333333333,0.3333333333333333,,,4.0,0.0,0.0,0.0,0.0,0.0,6.0,60.0,4.0,0.2693531875,0.3556666666666667,0.6959263682365417,0.9418820625,0.8063333333333333,0.5838128924369812,0.9418820625,0.672528875,5.0,,0.9,ok,11.759160041809082,
N=6|dead_zone=0.0|link_quality=0.3|n_missions=4|regime=jittery|rrf=60.0,H1,9,1267099072,6,60.0,4,jittery,0.0,0.3,2.25,1.0,0.75,0.5,0.0,1.0,0.9970344009489917,2.5827423149511795,0.8333333333333334,0.7941176470588235,1.0,1.5,4.0,4.0,0.0,4.0,4.0,9.647099912166595,6.0,60.0,4.0,0.2693531875,0.3556666666666667,0.6959263682365417,0.984018,0.9248333333333332,0.2834008932113647,0.984018,0.7146648124999999,5.0,4.0,0.9,ok,50.67299723625183,
N=6|dead_zone=0.0|link_quality=0.3|n_missions=4|regime=jittery|rrf=60.0,H0,10,3857979046,6,60.0,4,jittery,0.0,0.3,1.0,0.5,0.5,0.0,0.0,0.3333333333333333,0.3333333333333333,1.0,0.3333333333333333,0.3333333333333333,,,4.0,0.0,0.0,0.0,0.0,0.0,6.0,60.0,4.0,0.2563769999999999,0.3595,0.6959496140480042,0.945342375,0.8523333333333334,0.586854875087738,0.945342375,0.688965375,5.0,,0.9,ok,11.214112520217896,
N=6|dead_zone=0.0|link_quality=0.3|n_missions=4|regime=jittery|rrf=60.0,H1,10,3857979046,6,60.0,4,jittery,0.0,0.3,2.25,0.75,0.75,0.5,0.0,1.0,0.9950248756218906,2.5812908992306927,0.8333333333333334,0.7105263157894737,0.75,1.5,3.0,4.0,0.0,4.0,3.0,10.91512668132782,6.0,60.0,4.0,0.2563769999999999,0.3595,0.6959496140480042,0.9716119375,0.8366666666666667,0.4339246451854706,0.9716119375,0.7152349374999999,4.0,,0.9,ok,55.122639894485474,
N=6|dead_zone=0.0|link_quality=0.3|n_missions=4|regime=jittery|rrf=60.0,H0,11,3840496771,6,60.0,4,jittery,0.0,0.3,0.75,0.25,0.25,0.25,0.0,0.5,0.5,1.584962500721156,0.5,0.5,,,4.0,0.0,0.0,0.0,0.0,0.0,6.0,60.0,4.0,0.2576544375,0.3541666666666667,0.6959378123283386,0.8601826875,0.7113333333333334,0.6675958037376404,0.8601826875,0.60252825,5.0,,0.9,ok,14.316320180892944,
N=6|dead_zone=0.0|link_quality=0.3|n_missions=4|regime=jittery|rrf=60.0,H1,11,3840496771,6,60.0,4,jittery,0.0,0.3,2.75,1.0,1.0,0.75,0.0,1.0,1.0,2.584962500721156,1.0,0.8768115942028986,1.0,1.5,4.0,4.0,0.0,4.0,4.0,11.05881267786026,6.0,60.0,4.0,0.2576544375,0.3541666666666667,0.6959378123283386,0.981757875,0.9006666666666666,0.3228333294391632,0.981757875,0.7241034375,5.0,4.0,0.9,ok,56.27029085159302,
N=6|dead_zone=0.0|link_quality=0.3|n_missions=4|regime=jittery|rrf=60.0,H0,12,1637301530,6,60.0,4,jittery,0.0,0.3,1.0,0.75,0.25,0.0,0.0,0.3333333333333333,0.3333333333333333,1.0,0.3333333333333333,0.3333333333333333,,,4.0,0.0,0.0,0.0,0.0,0.0,6.0,60.0,4.0,0.2775593125,0.3538333333333333,0.6959085464477539,0.9816889375,0.9311666666666668,0.4117757081985473,0.9816889375,0.7041296250000001,5.0,4.0,0.9,ok,10.900997638702393,
N=6|dead_zone=0.0|link_quality=0.3|n_missions=4|regime=jittery|rrf=60.0,H1,12,1637301530,6,60.0,4,jittery,0.0,0.3,1.5,1.0,0.5,0.0,0.0,1.0,0.9970344009489917,2.5827423149511795,0.8333333333333334,0.75,1.0,1.3333333333333333,4.0,4.0,0.0,4.5,4.5,11.09219616651535,6.0,60.0,4.0,0.2775593125,0.3538333333333333,0.6959085464477539,0.9879645,0.9381666666666668,0.2765451669692993,0.9879645,0.7104051875000001,5.0,4.0,0.9,ok,55.86104416847229,
N=6|dead_zone=0.0|link_quality=0.3|n_missions=4|regime=jittery|rrf=60.0,H0,13,661814782,6,60.0,4,jittery,0.0,0.3,1.5,0.75,0.5,0.25,0.0,0.6666666666666666,0.6,1.9182958340544891,0.6666666666666666,0.6,,,4.0,0.0,0.0,0.0,0.0,0.0,6.0,60.0,4.0,0.2479425,0.3526666666666667,0.6959898471832275,0.979713375,0.8605,0.4264320135116577,0.979713375,0.731770875,5.0,,0.9,ok,16.535554885864258,
N=6|dead_zone=0.0|link_quality=0.3|n_missions=4|regime=jittery|rrf=60.0,H1,13,661814782,6,60.0,4,jittery,0.0,0.3,2.5,1.0,0.75,0.5,0.0,1.0,1.0,2.584962500721156,1.0,0.8333333333333334,1.0,2.0,4.0,4.0,0.0,3.0,3.0,8.855337858200073,6.0,60.0,4.0,0.2479425,0.3526666666666667,0.6959898471832275,0.9887946875,0.9358333333333332,0.2848010957241058,0.9887946875,0.7408521875,5.0,4.0,0.9,ok,46.9409601688385,
N=6|dead_zone=0.0|link_quality=0.3|n_missions=4|regime=jittery|rrf=60.0,H0,14,1839345764,6,60.0,4,jittery,0.0,0.3,0.5,0.5,0.0,0.0,0.0,0.1666666666666666,0.1666666666666666,0.0,0.1666666666666666,0.1666666666666666,,,4.0,0.0,0.0,0.0,0.0,0.0,6.0,60.0,4.0,0.2569109375,0.3553333333333333,0.6960040926933289,0.947427625,0.8238333333333333,0.5873703360557556,0.947427625,0.6905166875,5.0,,0.9,ok,10.11251950263977,
N=6|dead_zone=0.0|link_quality=0.3|n_missions=4|regime=jittery|rrf=60.0,H1,14,1839345764,6,60.0,4,jittery,0.0,0.3,2.25,1.0,0.75,0.5,0.0,1.0,0.9970344009489917,2.5827423149511795,0.8333333333333334,0.7105263157894737,1.0,1.6,4.0,4.0,0.0,3.75,3.5,9.665700674057009,6.0,60.0,4.0,0.2569109375,0.3553333333333333,0.6960040926933289,0.98451,0.9061666666666668,0.301251620054245,0.98451,0.7275990625000001,5.0,4.0,0.9,ok,51.27006554603577,
N=6|dead_zone=0.0|link_quality=0.3|n_missions=4|regime=jittery|rrf=60.0,H0,15,3580921796,6,60.0,4,jittery,0.0,0.3,1.0,0.75,0.25,0.0,0.0,0.5,0.4444444444444444,1.5,0.5,0.4444444444444444,,,4.0,0.0,0.0,0.0,0.0,0.0,6.0,60.0,4.0,0.2560858124999999,0.3595,0.6959498524665833,0.979622125,0.8311666666666667,0.4141944646835327,0.979622125,0.7235363125,5.0,,0.9,ok,14.30360507965088,
N=6|dead_zone=0.0|link_quality=0.3|n_missions=4|regime=jittery|rrf=60.0,H1,15,3580921796,6,60.0,4,jittery,0.0,0.3,2.75,1.0,1.0,0.75,0.0,1.0,1.0,2.584962500721156,1.0,0.8768115942028986,1.0,1.5,4.0,4.0,0.0,4.0,4.0,11.026869893074036,6.0,60.0,4.0,0.2560858124999999,0.3595,0.6959498524665833,0.985042,0.8616666666666667,0.3062153458595276,0.985042,0.7289561875,5.0,,0.9,ok,56.18259882926941,
N=6|dead_zone=0.0|link_quality=0.3|n_missions=4|regime=jittery|rrf=60.0,H0,16,1776180353,6,60.0,4,jittery,0.0,0.3,1.0,0.75,0.25,0.0,0.0,0.6666666666666666,0.6666666666666666,2.0,0.6666666666666666,0.6666666666666666,,,4.0,0.0,0.0,0.0,0.0,0.0,6.0,60.0,4.0,0.2828675625,0.3621666666666667,0.6958243250846863,0.9781705625,0.8535,0.4157059788703918,0.9781705625,0.6953029999999999,5.0,,0.9,ok,15.7309148311615,
N=6|dead_zone=0.0|link_quality=0.3|n_missions=4|regime=jittery|rrf=60.0,H1,16,1776180353,6,60.0,4,jittery,0.0,0.3,2.25,1.0,0.75,0.5,0.0,1.0,1.0,2.584962500721156,0.8333333333333334,0.7105263157894737,1.0,1.7142857142857142,4.0,4.0,0.0,3.5,3.75,8.849910497665405,6.0,60.0,4.0,0.2828675625,0.3621666666666667,0.6958243250846863,0.980170375,0.9283333333333332,0.2897882163524627,0.980170375,0.6973028124999999,5.0,4.0,0.9,ok,46.901275396347046,
N=6|dead_zone=0.0|link_quality=0.3|n_missions=4|regime=jittery|rrf=60.0,H0,17,4101775509,6,60.0,4,jittery,0.0,0.3,1.0,0.5,0.5,0.0,0.0,0.5,0.4444444444444444,1.5,0.5,0.4444444444444444,,,4.0,0.0,0.0,0.0,0.0,0.0,6.0,60.0,4.0,0.26896675,0.3541666666666667,0.6959490776062012,0.959621,0.8568333333333333,0.5897828340530396,0.959621,0.6906542500000001,5.0,,0.9,ok,15.865338802337646,
N=6|dead_zone=0.0|link_quality=0.3|n_missions=4|regime=jittery|rrf=60.0,H1,17,4101775509,6,60.0,4,jittery,0.0,0.3,2.5,1.0,1.0,0.5,0.0,1.0,0.995575221238938,2.581754132702793,1.0,0.925925925925926,1.0,1.2,4.0,4.0,0.0,5.0,5.0,11.835001230239868,6.0,60.0,4.0,0.26896675,0.3541666666666667,0.6959490776062012,0.9898199375,0.902,0.3003147542476654,0.9898199375,0.7208531874999999,5.0,4.0,0.9,ok,58.38614630699158,
N=6|dead_zone=0.0|link_quality=0.3|n_missions=4|regime=jittery|rrf=60.0,H0,18,3333136113,6,60.0,4,jittery,0.0,0.3,0.5,0.5,0.0,0.0,0.0,0.3333333333333333,0.3333333333333333,1.0,0.3333333333333333,0.3333333333333333,,,4.0,0.0,0.0,0.0,0.0,0.0,6.0,60.0,4.0,0.2553436875,0.3551666666666667,0.6960000991821289,0.9712141875,0.8211666666666667,0.5598636865615845,0.9712141875,0.7158705000000001,5.0,,0.9,ok,11.328701496124268,
N=6|dead_zone=0.0|link_quality=0.3|n_missions=4|regime=jittery|rrf=60.0,H1,18,3333136113,6,60.0,4,jittery,0.0,0.3,2.0,1.0,0.75,0.25,0.0,1.0,1.0,2.584962500721156,0.8333333333333334,0.7619047619047619,1.0,2.0,4.0,4.0,0.0,3.0,3.25,8.812355160713196,6.0,60.0,4.0,0.2553436875,0.3551666666666667,0.6960000991821289,0.973527125,0.9018333333333334,0.33925262093544,0.973527125,0.7181834375,5.0,4.0,0.9,ok,47.07726073265076,
N=6|dead_zone=0.0|link_quality=0.3|n_missions=4|regime=jittery|rrf=60.0,H0,19,2576527389,6,60.0,4,jittery,0.0,0.3,1.25,0.75,0.5,0.0,0.0,0.6666666666666666,0.5952380952380952,1.9219280948873625,0.6666666666666666,0.5952380952380952,,,4.0,0.0,0.0,0.0,0.0,0.0,6.0,60.0,4.0,0.2540525625,0.3555,0.6960108280181885,0.9743654375000002,0.9018333333333334,0.4208619892597198,0.9743654375000002,0.7203128750000001,5.0,3.0,0.9,ok,16.167373418807983,
N=6|dead_zone=0.0|link_quality=0.3|n_missions=4|regime=jittery|rrf=60.0,H1,19,2576527389,6,60.0,4,jittery,0.0,0.3,2.25,1.0,0.75,0.5,0.0,1.0,0.9970344009489917,2.5827423149511795,0.8333333333333334,0.7105263157894737,1.0,1.5,4.0,4.0,0.0,4.0,4.0,10.402921259403229,6.0,60.0,4.0,0.2540525625,0.3555,0.6960108280181885,0.9843860625000002,0.898,0.3040610551834106,0.9843860625000002,0.7303335000000002,5.0,,0.9,ok,53.171348571777344,
N=6|dead_zone=0.0|link_quality=0.5|n_missions=4|regime=jittery|rrf=60.0,H0,0,1945933213,6,60.0,4,jittery,0.0,0.5,2.75,1.0,1.0,0.5,0.0,1.0,0.8768115942028986,2.481714572986073,1.0,0.8768115942028986,,,4.0,0.0,0.0,0.0,0.0,0.0,6.0,60.0,4.0,0.2726205,0.3618333333333333,0.6958796977996826,0.98431125,0.9263333333333332,0.2947238087654114,0.98431125,0.7116907499999999,5.0,4.0,0.9,ok,23.778115272521973,
N=6|dead_zone=0.0|link_quality=0.5|n_missions=4|regime=jittery|rrf=60.0,H1,0,1945933213,6,60.0,4,jittery,0.0,0.5,2.25,1.0,1.0,0.25,0.0,1.0,0.9973031283710896,2.583068887911025,1.0,0.9,1.0,1.3333333333333333,4.0,4.0,0.0,4.5,4.5,11.07090163230896,6.0,60.0,4.0,0.2726205,0.3618333333333333,0.6958796977996826,0.975187,0.8876666666666667,0.3320029973983764,0.975187,0.7025665,5.0,,0.9,ok,55.59019994735718,
N=6|dead_zone=0.0|link_quality=0.5|n_missions=4|regime=jittery|rrf=60.0,H0,1,631046523,6,60.0,4,jittery,0.0,0.5,1.25,0.75,0.25,0.25,0.0,0.8333333333333334,0.8333333333333334,2.321928094887362,0.8333333333333334,0.8333333333333334,,,4.0,0.0,0.0,0.0,0.0,0.0,6.0,60.0,4.0,0.241618125,0.3568333333333333,0.6960636377334595,0.98575475,0.8283333333333334,0.417866975069046,0.98575475,0.744136625,5.0,,0.9,ok,18.225897789001465,
N=6|dead_zone=0.0|link_quality=0.5|n_missions=4|regime=jittery|rrf=60.0,H1,1,631046523,6,60.0,4,jittery,0.0,0.5,1.75,1.0,0.5,0.25,0.0,1.0,0.9970344009489917,2.5827423149511795,0.6666666666666666,0.5444444444444444,1.0,1.6,4.0,4.0,0.0,3.75,3.5,9.789810180664062,6.0,60.0,4.0,0.241618125,0.3568333333333333,0.6960636377334595,0.98518,0.8938333333333334,0.3060452938079834,0.98518,0.743561875,5.0,,0.9,ok,50.38512420654297,
N=6|dead_zone=0.0|link_quality=0.5|n_missions=4|regime=jittery|rrf=60.0,H0,2,1884515497,6,60.0,4,jittery,0.0,0.5,1.5,1.0,0.25,0.25,0.0,0.8333333333333334,0.75,2.2516291673878226,0.8333333333333334,0.75,,,4.0,0.0,0.0,0.0,0.0,0.0,6.0,60.0,4.0,0.26857525,0.3543333333333333,0.6959017515182495,0.9861210625,0.9155,0.2912071645259857,0.9861210625,0.7175458125,5.0,4.0,0.9,ok,19.151142835617065,
N=6|dead_zone=0.0|link_quality=0.5|n_missions=4|regime=jittery|rrf=60.0,H1,2,1884515497,6,60.0,4,jittery,0.0,0.5,2.75,1.0,1.0,0.75,0.0,1.0,1.0,2.584962500721156,0.8333333333333334,0.6505376344086021,1.0,1.5,4.0,4.0,0.0,4.0,4.0,8.776913583278656,6.0,60.0,4.0,0.26857525,0.3543333333333333,0.6959017515182495,0.986521875,0.9045,0.3025090396404266,0.986521875,0.7179466250000002,5.0,4.0,0.9,ok,47.6063084602356,
N=6|dead_zone=0.0|link_quality=0.5|n_missions=4|regime=jittery|rrf=60.0,H0,3,2758525695,6,60.0,4,jittery,0.0,0.5,2.5,1.0,1.0,0.25,0.0,1.0,0.8333333333333334,2.446439344671015,1.0,0.8333333333333334,,,4.0,0.0,0.0,0.0,0.0,0.0,6.0,60.0,4.0,0.2632468125,0.354,0.6959380507469177,0.9873519375,0.9368333333333332,0.3015401363372803,0.9873519375,0.7241051249999999,5.0,4.0,0.9,ok,23.34621739387512,
N=6|dead_zone=0.0|link_quality=0.5|n_missions=4|regime=jittery|rrf=60.0,H1,3,2758525695,6,60.0,4,jittery,0.0,0.5,1.75,1.0,0.5,0.25,0.0,1.0,0.9958847736625516,2.582023940964276,0.8333333333333334,0.7424242424242424,1.0,1.7142857142857142,4.0,4.0,0.0,3.5,3.75,11.85982310771942,6.0,60.0,4.0,0.2632468125,0.354,0.6959380507469177,0.988409,0.9073333333333332,0.2896966338157654,0.988409,0.7251621875,5.0,4.0,0.9,ok,58.66026306152344,
N=6|dead_zone=0.0|link_quality=0.5|n_missions=4|regime=jittery|rrf=60.0,H0,4,2877950557,6,60.0,4,jittery,0.0,0.5,1.0,0.5,0.5,0.0,0.0,0.5,0.4444444444444444,1.5,0.5,0.4444444444444444,,,4.0,0.0,0.0,0.0,0.0,0.0,6.0,60.0,4.0,0.2825935625,0.3575,0.695851743221283,0.9437975625,0.8593333333333333,0.5776285529136658,0.9437975625,0.6612039999999999,5.0,,0.9,ok,26.975897073745728,
N=6|dead_zone=0.0|link_quality=0.5|n_missions=4|regime=jittery|rrf=60.0,H1,4,2877950557,6,60.0,4,jittery,0.0,0.5,2.5,1.0,1.0,0.5,0.0,1.0,1.0,2.584962500721156,0.8333333333333334,0.7575757575757576,1.0,1.5,4.0,4.0,0.0,4.0,4.0,10.225026488304138,6.0,60.0,4.0,0.2825935625,0.3575,0.695851743221283,0.9858500625,0.8656666666666667,0.3337524235248565,0.9858500625,0.7032565000000001,5.0,,0.9,ok,53.14988398551941,
N=6|dead_zone=0.0|link_quality=0.5|n_missions=4|regime=jittery|rrf=60.0,H0,5,3527596869,6,60.0,4,jittery,0.0,0.5,1.75,0.75,0.75,0.25,0.0,1.0,0.9074074074074074,2.521640636343318,1.0,0.9074074074074074,,,4.0,0.0,0.0,0.0,0.0,0.0,6.0,60.0,4.0,0.2461605625,0.3573333333333333,0.6960231065750122,0.9757605625,0.8261666666666667,0.4049890041351318,0.9757605625,0.7296,5.0,,0.9,ok,20.56666731834412,
N=6|dead_zone=0.0|link_quality=0.5|n_missions=4|regime=jittery|rrf=60.0,H1,5,3527596869,6,60.0,4,jittery,0.0,0.5,1.5,0.75,0.75,0.0,0.0,1.0,0.9962335216572504,2.582193066735133,0.6666666666666666,0.6,0.75,1.5,3.0,4.0,0.0,4.0,3.0,12.188021898269652,6.0,60.0,4.0,0.2461605625,0.3573333333333333,0.6960231065750122,0.9715465,0.9035,0.4327707588672638,0.9715465,0.7253859375,4.0,3.0,0.9,ok,59.67259049415589,
N=6|dead_zone=0.0|link_quality=0.5|n_missions=4|regime=jittery|rrf=60.0,H0,6,4164846876,6,60.0,4,jittery,0.0,0.5,2.25,1.0,0.75,0.5,0.0,0.8333333333333334,0.5869565217391305,2.058813890331201,0.8333333333333334,0.5869565217391305,,,4.0,0.0,0.0,0.0,0.0,0.0,6.0,60.0,4.0,0.25682,0.3543333333333333,0.6959601044654846,0.987407625,0.9291666666666668,0.3086106777191162,0.987407625,0.7305876250000001,5.0,4.0,0.9,ok,21.46095561981201,
N=6|dead_zone=0.0|link_quality=0.5|n_missions=4|regime=jittery|rrf=60.0,H1,6,4164846876,6,60.0,4,jittery,0.0,0.5,3.25,1.0,1.0,0.75,0.0,1.0,1.0,2.584962500721156,1.0,0.8047619047619048,1.0,1.5,4.0,4.0,0.0,4.0,4.0,9.502374291419985,6.0,60.0,4.0,0.25682,0.3543333333333333,0.6959601044654846,0.9873604375,0.9183333333333332,0.2895420789718628,0.9873604375,0.7305404375,5.0,2.0,0.9,ok,48.96972250938416,
N=6|dead_zone=0.0|link_quality=0.5|n_missions=4|regime=jittery|rrf=60.0,H0,7,1790352530,6,60.0,4,jittery,0.0,0.5,1.75,0.75,0.75,0.25,0.0,0.6666666666666666,0.5444444444444444,1.8423709931771088,0.6666666666666666,0.5444444444444444,,,4.0,0.0,0.0,0.0,0.0,0.0,6.0,60.0,4.0,0.26024775,0.3595,0.6959475874900818,0.980447,0.848,0.4262928962707519,0.980447,0.7201992500000001,5.0,,0.9,ok,16.428136110305786,
N=6|dead_zone=0.0|link_quality=0.5|n_missions=4|regime=jittery|rrf=60.0,H1,7,1790352530,6,60.0,4,jittery,0.0,0.5,1.75,1.0,0.75,0.0,0.0,1.0,1.0,2.584962500721156,0.6666666666666666,0.6282051282051282,1.0,1.7142857142857142,4.0,4.0,0.0,3.5,3.5,10.2424835562706,6.0,60.0,4.0,0.26024775,0.3595,0.6959475874900818,0.986646625,0.9258333333333332,0.2949500381946563,0.986646625,0.7263988750000001,5.0,4.0,0.9,ok,51.9018337726593,
N=6|dead_zone=0.0|link_quality=0.5|n_missions=4|regime=jittery|rrf=60.0,H0,8,3193234454,6,60.0,4,jittery,0.0,0.5,1.75,0.5,0.5,0.25,0.0,0.8333333333333334,0.7424242424242424,2.235926350629033,0.8333333333333334,0.7424242424242424,,,4.0,0.0,0.0,0.0,0.0,0.0,6.0,60.0,4.0,0.269549625,0.3596666666666667,0.695915937423706,0.9434799375,0.8658333333333333,0.5838247537612915,0.9434799375,0.6739303125,5.0,,0.9,ok,19.06881284713745,
N=6|dead_zone=0.0|link_quality=0.5|n_missions=4|regime=jittery|rrf=60.0,H1,8,3193234454,6,60.0,4,jittery,0.0,0.5,1.5,1.0,0.5,0.0,0.0,1.0,0.9970344009489917,2.5827423149511795,0.5,0.5,1.0,2.0,4.0,4.0,0.0,3.0,3.0,8.866598188877106,6.0,60.0,4.0,0.269549625,0.3596666666666667,0.695915937423706,0.9775003125,0.8891666666666667,0.3180757164955139,0.9775003125,0.7079506875,5.0,,0.9,ok,47.34822368621826,
N=6|dead_zone=0.0|link_quality=0.5|n_missions=4|regime=jittery|rrf=60.0,H0,9,240178702,6,60.0,4,jittery,0.0,0.5,1.75,0.75,0.75,0.25,0.0,0.6666666666666666,0.6282051282051282,1.9502120649147463,0.6666666666666666,0.6282051282051282,,,4.0,0.0,0.0,0.0,0.0,0.0,6.0,60.0,4.0,0.2740073125,0.3621666666666667,0.6958669424057007,0.9675499375,0.8681666666666666,0.4569812715053558,0.9675499375,0.6935426249999999,5.0,,0.9,ok,17.982604026794434,
N=6|dead_zone=0.0|link_quality=0.5|n_missions=4|regime=jittery|rrf=60.0,H1,9,240178702,6,60.0,4,jittery,0.0,0.5,1.25,1.0,0.25,0.0,0.0,1.0,0.9970344009489917,2.5827423149511795,0.6666666666666666,0.5952380952380952,1.0,1.5,4.0,4.0,0.0,4.0,4.0,10.500633656978607,6.0,60.0,4.0,0.2740073125,0.3621666666666667,0.6958669424057007,0.9825518125,0.8825,0.322783887386322,0.9825518125,0.7085445000000001,5.0,,0.9,ok,54.43998408317566,
N=6|dead_zone=0.0|link_quality=0.5|n_missions=4|regime=jittery|rrf=60.0,H0,10,3340689293,6,60.0,4,jittery,0.0,0.5,2.0,1.0,0.75,0.25,0.0,0.8333333333333334,0.7619047619047619,2.25,0.8333333333333334,0.7619047619047619,,,4.0,0.0,0.0,0.0,0.0,0.0,6.0,60.0,4.0,0.2552135625,0.359,0.6959872841835022,0.989307,0.9055,0.2812317013740539,0.989307,0.7340934375000001,5.0,4.0,0.9,ok,22.152735948562626,
N=6|dead_zone=0.0|link_quality=0.5|n_missions=4|regime=jittery|rrf=60.0,H1,10,3340689293,6,60.0,4,jittery,0.0,0.5,2.25,1.0,1.0,0.25,0.0,1.0,0.9970344009489917,2.5827423149511795,0.8333333333333334,0.7941176470588235,1.0,2.1818181818181817,4.0,4.0,0.0,2.75,2.5,8.870457768440247,6.0,60.0,4.0,0.2552135625,0.359,0.6959872841835022,0.9883285625,0.9261666666666668,0.3040330410003662,0.9883285625,0.733115,5.0,4.0,0.9,ok,46.81549119949341,
N=6|dead_zone=0.0|link_quality=0.5|n_missions=4|regime=jittery|rrf=60.0,H0,11,544885774,6,60.0,4,jittery,0.0,0.5,2.75,1.0,1.0,0.5,0.0,0.8333333333333334,0.7469135802469136,2.231270254607576,0.8333333333333334,0.7469135802469136,,,4.0,0.0,0.0,0.0,0.0,0.0,6.0,60.0,4.0,0.2677681875,0.3533333333333333,0.6959472894668579,0.98951025,0.9065,0.3030710220336914,0.98951025,0.7217420625,5.0,4.0,0.9,ok,20.495673418045044,
N=6|dead_zone=0.0|link_quality=0.5|n_missions=4|regime=jittery|rrf=60.0,H1,11,544885774,6,60.0,4,jittery,0.0,0.5,3.25,1.0,1.0,0.75,0.0,1.0,0.995575221238938,2.581754132702793,1.0,0.8535353535353535,1.0,1.2,4.0,4.0,0.0,5.0,5.0,10.224744498729706,6.0,60.0,4.0,0.2677681875,0.3533333333333333,0.6959472894668579,0.9885203125,0.9223333333333332,0.302594393491745,0.9885203125,0.720752125,5.0,3.0,0.9,ok,51.90797805786133,
N=6|dead_zone=0.0|link_quality=0.5|n_missions=4|regime=jittery|rrf=60.0,H0,12,2931967117,6,60.0,4,jittery,0.0,0.5,1.5,1.0,0.5,0.0,0.0,0.5,0.3333333333333333,1.2516291673878228,0.5,0.3333333333333333,,,4.0,0.0,0.0,0.0,0.0,0.0,6.0,60.0,4.0,0.2565108749999999,0.3581666666666667,0.6959596872329712,0.98722125,0.9111666666666668,0.2961261868476867,0.98722125,0.7307103749999999,5.0,4.0,0.9,ok,15.603222846984863,
N=6|dead_zone=0.0|link_quality=0.5|n_missions=4|regime=jittery|rrf=60.0,H1,12,2931967117,6,60.0,4,jittery,0.0,0.5,2.5,1.0,0.75,0.5,0.0,1.0,0.9962335216572504,2.582193066735133,0.8333333333333334,0.7575757575757576,1.0,1.2,4.0,4.0,0.0,5.0,5.0,10.160140454769136,6.0,60.0,4.0,0.2565108749999999,0.3581666666666667,0.6959596872329712,0.9871549375,0.9475,0.2834303975105285,0.9871549375,0.7306440624999999,5.0,2.0,0.9,ok,52.520227909088135,
N=6|dead_zone=0.0|link_quality=0.5|n_missions=4|regime=jittery|rrf=60.0,H0,13,3513812745,6,60.0,4,jittery,0.0,0.5,1.5,0.75,0.5,0.25,0.0,0.6666666666666666,0.6,1.9182958340544896,0.6666666666666666,0.6,,,4.0,0.0,0.0,0.0,0.0,0.0,6.0,60.0,4.0,0.2580820625,0.3595,0.6959519982337952,0.9721878125,0.7958333333333333,0.4406309425830841,0.9721878125,0.7141057500000001,5.0,,0.9,ok,16.382879972457886,
N=6|dead_zone=0.0|link_quality=0.5|n_missions=4|regime=jittery|rrf=60.0,H1,13,3513812745,6,60.0,4,jittery,0.0,0.5,2.0,1.0,0.75,0.25,0.0,1.0,1.0,2.584962500721156,0.6666666666666666,0.5925925925925926,1.0,1.5,4.0,4.0,0.0,4.0,4.0,11.008726596832275,6.0,60.0,4.0,0.2580820625,0.3595,0.6959519982337952,0.9870357500000002,0.9166666666666666,0.2953664064407348,0.9870357500000002,0.7289536875000002,5.0,4.0,0.9,ok,55.09289002418518,
N=6|dead_zone=0.0|link_quality=0.5|n_missions=4|regime=jittery|rrf=60.0,H0,14,1218917569,6,60.0,4,jittery,0.0,0.5,2.5,1.0,0.75,0.75,0.0,1.0,0.925925925925926,2.5219280948873624,1.0,0.925925925925926,,,4.0,0.0,0.0,0.0,0.0,0.0,6.0,60.0,4.0,0.2682965625,0.357,0.6959015130996704,0.988002875,0.9183333333333332,0.3105839490890503,0.988002875,0.7197063125000001,5.0,4.0,0.9,ok,23.075448274612427,
N=6|dead_zone=0.0|link_quality=0.5|n_missions=4|regime=jittery|rrf=60.0,H1,14,1218917569,6,60.0,4,jittery,0.0,0.5,2.5,1.0,1.0,0.5,0.0,1.0,0.9948186528497408,2.581195636817322,0.8333333333333334,0.7575757575757576,1.0,1.2,4.0,4.0,0.0,5.0,5.0,11.6292964220047,6.0,60.0,4.0,0.2682965625,0.357,0.6959015130996704,0.9887126875,0.951,0.2638876438140869,0.9887126875,0.720416125,5.0,4.0,0.9,ok,58.03530240058899,
N=6|dead_zone=0.0|link_quality=0.5|n_missions=4|regime=jittery|rrf=60.0,H0,15,386096972,6,60.0,4,jittery,0.0,0.5,1.75,0.75,0.75,0.25,0.0,0.5,0.4298245614035088,1.448815635725185,0.5,0.4298245614035088,,,4.0,0.0,0.0,0.0,0.0,0.0,6.0,60.0,4.0,0.2575135625,0.3573333333333333,0.6959863305091858,0.9676746875,0.8555,0.4457614719867706,0.9676746875,0.7101611250000001,5.0,,0.9,ok,16.799022436141968,
N=6|dead_zone=0.0|link_quality=0.5|n_missions=4|regime=jittery|rrf=60.0,H1,15,386096972,6,60.0,4,jittery,0.0,0.5,2.0,1.0,0.5,0.5,0.0,1.0,0.9973031283710896,2.583068887911025,0.6666666666666666,0.5925925925925926,1.0,1.7142857142857142,4.0,4.0,0.0,3.5,3.25,10.331633865833282,6.0,60.0,4.0,0.2575135625,0.3573333333333333,0.6959863305091858,0.9850348125,0.8943333333333333,0.3408602178096771,0.9850348125,0.7275212499999999,5.0,3.0,0.9,ok,52.46457386016846,
N=6|dead_zone=0.0|link_quality=0.5|n_missions=4|regime=jittery|rrf=60.0,H0,16,846457706,6,60.0,4,jittery,0.0,0.5,2.0,1.0,0.75,0.25,0.0,0.8333333333333334,0.6666666666666666,2.1556390622295662,0.8333333333333334,0.6666666666666666,,,4.0,0.0,0.0,0.0,0.0,0.0,6.0,60.0,4.0,0.2833314375,0.357,0.6958667039871216,0.9881873125,0.9138333333333334,0.3069774210453033,0.9881873125,0.704855875,5.0,3.0,0.9,ok,19.09099006652832,
N=6|dead_zone=0.0|link_quality=0.5|n_missions=4|regime=jittery|rrf=60.0,H1,16,846457706,6,60.0,4,jittery,0.0,0.5,1.25,0.75,0.5,0.0,0.0,1.0,0.9865771812080536,2.575114591410657,0.6666666666666666,0.5952380952380952,0.75,1.2,3.0,4.0,0.0,5.0,3.75,12.304233610630035,6.0,60.0,4.0,0.2833314375,0.357,0.6958667039871216,0.9667439375,0.8525,0.4362510442733764,0.9667439375,0.6834125,4.0,,0.9,ok,60.43638491630554,
N=6|dead_zone=0.0|link_quality=0.5|n_missions=4|regime=jittery|rrf=60.0,H0,17,1209047802,6,60.0,4,jittery,0.0,0.5,2.75,1.0,0.75,0.75,0.0,0.8333333333333334,0.6505376344086021,2.1180782093497097,0.8333333333333334,0.6505376344086021,,,4.0,0.0,0.0,0.0,0.0,0.0,6.0,60.0,4.0,0.292092375,0.3563333333333333,0.6958003640174866,0.98986975,0.9258333333333332,0.2898627519607544,0.98986975,0.6977773749999998,5.0,4.0,0.9,ok,20.945866346359253,
N=6|dead_zone=0.0|link_quality=0.5|n_missions=4|regime=jittery|rrf=60.0,H1,17,1209047802,6,60.0,4,jittery,0.0,0.5,2.75,1.0,0.75,0.5,0.0,1.0,0.9970344009489917,2.5827423149511795,0.8333333333333334,0.6954022988505747,1.0,2.0,4.0,4.0,0.0,3.0,3.0,6.552082777023315,6.0,60.0,4.0,0.292092375,0.3563333333333333,0.6958003640174866,0.9874925,0.9228333333333332,0.3220895826816559,0.9874925,0.6954001249999999,5.0,4.0,0.9,ok,37.41374278068543,
N=6|dead_zone=0.0|link_quality=0.5|n_missions=4|regime=jittery|rrf=60.0,H0,18,3303807087,6,60.0,4,jittery,0.0,0.5,1.75,1.0,0.5,0.25,0.0,0.8333333333333334,0.6282051282051282,2.128085278891394,0.8333333333333334,0.6282051282051282,,,4.0,0.0,0.0,0.0,0.0,0.0,6.0,60.0,4.0,0.2542720625,0.3595,0.695971667766571,0.987152125,0.955,0.2675030827522278,0.987152125,0.7328800624999999,5.0,3.0,0.9,ok,19.40304398536682,
N=6|dead_zone=0.0|link_quality=0.5|n_missions=4|regime=jittery|rrf=60.0,H1,18,3303807087,6,60.0,4,jittery,0.0,0.5,2.0,1.0,0.5,0.25,0.0,1.0,0.9970344009489917,2.5827423149511795,0.8333333333333334,0.7619047619047619,1.0,2.0,4.0,4.0,0.0,3.0,3.0,7.362177073955536,6.0,60.0,4.0,0.2542720625,0.3595,0.695971667766571,0.9827015,0.9191666666666668,0.312532901763916,0.9827015,0.7284294375,5.0,3.0,0.9,ok,40.76518273353577,
N=6|dead_zone=0.0|link_quality=0.5|n_missions=4|regime=jittery|rrf=60.0,H0,19,3345128012,6,60.0,4,jittery,0.0,0.5,1.25,0.75,0.5,0.0,0.0,0.5,0.4629629629629629,1.521928094887362,0.5,0.4629629629629629,,,4.0,0.0,0.0,0.0,0.0,0.0,6.0,60.0,4.0,0.2701535,0.3595,0.695881187915802,0.97881625,0.887,0.423439621925354,0.97881625,0.7086627499999999,5.0,3.0,0.9,ok,13.78940200805664,
N=6|dead_zone=0.0|link_quality=0.5|n_missions=4|regime=jittery|rrf=60.0,H1,19,3345128012,6,60.0,4,jittery,0.0,0.5,2.25,1.0,0.75,0.5,0.0,1.0,0.9929693961952026,2.579809140434293,0.8333333333333334,0.7105263157894737,1.0,1.2,4.0,4.0,0.0,5.0,5.0,11.4745255112648,6.0,60.0,4.0,0.2701535,0.3595,0.695881187915802,0.984061,0.906,0.3187857568264007,0.984061,0.7139075,5.0,4.0,0.9,ok,56.84029746055603,
N=6|dead_zone=0.0|link_quality=0.7|n_missions=4|regime=jittery|rrf=60.0,H0,0,3803814145,6,60.0,4,jittery,0.0,0.7,3.75,1.0,1.0,0.75,0.25,1.0,0.9615384615384616,2.5559130951758244,1.0,0.9615384615384616,,,4.0,0.0,0.0,0.0,0.0,0.0,6.0,60.0,4.0,0.27845225,0.3548333333333333,0.6958428621292114,0.988704375,0.8988333333333334,0.3150358498096466,0.988704375,0.710252125,5.0,,0.9,ok,24.677045822143555,
N=6|dead_zone=0.0|link_quality=0.7|n_missions=4|regime=jittery|rrf=60.0,H1,0,3803814145,6,60.0,4,jittery,0.0,0.7,2.5,1.0,0.75,0.5,0.0,1.0,0.9958847736625516,2.5820239409642767,0.8333333333333334,0.7575757575757576,1.0,1.5,4.0,4.0,0.0,4.0,3.75,10.261474251747131,6.0,60.0,4.0,0.27845225,0.3548333333333333,0.6958428621292114,0.985841625,0.9248333333333332,0.2961620986461639,0.985841625,0.707389375,5.0,4.0,0.9,ok,52.854373931884766,
N=6|dead_zone=0.0|link_quality=0.7|n_missions=4|regime=jittery|rrf=60.0,H0,1,2196899158,6,60.0,4,jittery,0.0,0.7,1.25,0.75,0.25,0.25,0.0,0.5,0.3787878787878788,1.3709505944546687,0.5,0.3787878787878788,,,4.0,0.0,0.0,0.0,0.0,0.0,6.0,60.0,4.0,0.2637440625,0.3573333333333333,0.695957362651825,0.981132375,0.8215,0.4159993231296539,0.981132375,0.7173883125,5.0,,0.9,ok,17.31155228614807,
N=6|dead_zone=0.0|link_quality=0.7|n_missions=4|regime=jittery|rrf=60.0,H1,1,2196899158,6,60.0,4,jittery,0.0,0.7,0.75,0.75,0.0,0.0,0.0,1.0,0.9627285513361464,2.5572401134095744,0.3333333333333333,0.3,0.75,1.5,3.0,4.0,0.0,4.0,3.0,11.491227626800535,6.0,60.0,4.0,0.2637440625,0.3573333333333333,0.695957362651825,0.9827825,0.856,0.4206095039844513,0.9827825,0.7190384375000001,4.0,,0.9,ok,57.21706914901733,
N=6|dead_zone=0.0|link_quality=0.7|n_missions=4|regime=jittery|rrf=60.0,H0,2,1227449609,6,60.0,4,jittery,0.0,0.7,2.0,1.0,0.5,0.5,0.0,0.6666666666666666,0.5925925925925926,1.9056390622295665,0.6666666666666666,0.5925925925925926,,,4.0,0.0,0.0,0.0,0.0,0.0,6.0,60.0,4.0,0.2643805624999999,0.3586666666666667,0.6959472894668579,0.98522125,0.9176666666666666,0.297088086605072,0.98522125,0.7208406875000001,5.0,4.0,0.9,ok,17.59551239013672,
N=6|dead_zone=0.0|link_quality=0.7|n_missions=4|regime=jittery|rrf=60.0,H1,2,1227449609,6,60.0,4,jittery,0.0,0.7,2.5,1.0,0.75,0.5,0.0,1.0,1.0,2.584962500721156,0.6666666666666666,0.6410256410256411,1.0,1.8461538461538465,4.0,4.0,0.0,3.25,3.25,8.813412368297577,6.0,60.0,4.0,0.2643805624999999,0.3586666666666667,0.6959472894668579,0.984284125,0.9083333333333332,0.3155483305454254,0.984284125,0.7199035625000001,5.0,4.0,0.9,ok,46.61541557312012,
N=6|dead_zone=0.0|link_quality=0.7|n_missions=4|regime=jittery|rrf=60.0,H0,3,866614772,6,60.0,4,jittery,0.0,0.7,2.25,1.0,0.75,0.25,0.0,0.6666666666666666,0.6428571428571429,1.974937501201927,0.6666666666666666,0.6428571428571429,,,4.0,0.0,0.0,0.0,0.0,0.0,6.0,60.0,4.0,0.272923375,0.3591666666666667,0.6959134936332703,0.9892239375,0.9481666666666668,0.2978114783763885,0.9892239375,0.7163005625000001,5.0,2.0,0.9,ok,19.110340118408203,
N=6|dead_zone=0.0|link_quality=0.7|n_missions=4|regime=jittery|rrf=60.0,H1,3,866614772,6,60.0,4,jittery,0.0,0.7,,,,,,,,,,,,,,,,,,,,,,,,,,,,,,,,,error,4.068664312362671,"hermes.processes.orchestrator.OrchestratorError: cluster exited with code 3221225794 before binding a port
(no stderr captured for cluster; pass capture_output=True to MultiProcessOrchestrator to enable)"
N=6|dead_zone=0.0|link_quality=0.7|n_missions=4|regime=jittery|rrf=60.0,H0,4,291201299,6,60.0,4,jittery,0.0,0.7,3.75,1.0,1.0,1.0,0.25,1.0,0.7978723404255319,2.389898095464288,1.0,0.7978723404255319,,,4.0,0.0,0.0,0.0,0.0,0.0,6.0,60.0,4.0,0.2555029375,0.3595,0.6959509253501892,0.986555625,0.9078333333333334,0.3189099133014679,0.986555625,0.7310526875000001,5.0,4.0,0.9,ok,47.046468019485474,
N=6|dead_zone=0.0|link_quality=0.7|n_missions=4|regime=jittery|rrf=60.0,H1,4,291201299,6,60.0,4,jittery,0.0,0.7,1.5,1.0,0.25,0.25,0.0,1.0,0.9941176470588236,2.5806899528060816,0.6666666666666666,0.6,1.0,2.4,4.0,4.0,0.0,2.5,2.75,8.039599478244781,6.0,60.0,4.0,0.2555029375,0.3595,0.6959509253501892,0.9868963749999998,0.8883333333333333,0.3206435143947601,0.9868963749999998,0.7313934374999997,5.0,,0.9,ok,50.85635566711426,
N=6|dead_zone=0.0|link_quality=0.7|n_missions=4|regime=jittery|rrf=60.0,H0,5,2779536835,6,60.0,4,jittery,0.0,0.7,3.0,1.0,0.75,0.5,0.25,1.0,0.9230769230769232,2.5220552088742005,1.0,0.9230769230769232,,,4.0,0.0,0.0,0.0,0.0,0.0,6.0,60.0,4.0,0.2640967499999999,0.3595,0.6959490776062012,0.9881335,0.908,0.2835274934768677,0.9881335,0.72403675,5.0,4.0,0.9,ok,32.08944582939148,
N=6|dead_zone=0.0|link_quality=0.7|n_missions=4|regime=jittery|rrf=60.0,H1,5,2779536835,6,60.0,4,jittery,0.0,0.7,0.25,0.25,0.0,0.0,0.0,1.0,0.994824016563147,2.581358330499424,0.1666666666666666,0.1666666666666666,0.25,1.5,1.0,4.0,0.0,4.0,1.0,9.976819515228271,6.0,60.0,4.0,0.2640967499999999,0.3595,0.6959490776062012,0.8478980625000001,0.7716666666666666,0.6743147969245911,0.8478980625000001,0.5838013125000001,2.0,,0.9,ok,55.50222659111023,
N=6|dead_zone=0.0|link_quality=0.7|n_missions=4|regime=jittery|rrf=60.0,H0,6,1983392434,6,60.0,4,jittery,0.0,0.7,2.0,1.0,0.75,0.25,0.0,0.8333333333333334,0.7619047619047619,2.25,0.8333333333333334,0.7619047619047619,,,4.0,0.0,0.0,0.0,0.0,0.0,6.0,60.0,4.0,0.2566339374999999,0.3568333333333333,0.6959559917449951,0.98318875,0.872,0.3321405947208404,0.98318875,0.7265548125000001,5.0,,0.9,ok,23.8830783367157,
N=6|dead_zone=0.0|link_quality=0.7|n_missions=4|regime=jittery|rrf=60.0,H1,6,1983392434,6,60.0,4,jittery,0.0,0.7,0.75,0.5,0.25,0.0,0.0,1.0,0.9863123993558776,2.5749947193376044,0.3333333333333333,0.3,0.5,2.0,2.0,4.0,0.0,3.0,1.5,9.303226470947266,6.0,60.0,4.0,0.2566339374999999,0.3568333333333333,0.6959559917449951,0.950151,0.8901666666666667,0.5415019392967224,0.950151,0.6935170625,3.0,,0.9,ok,57.2414231300354,
N=6|dead_zone=0.0|link_quality=0.7|n_missions=4|regime=jittery|rrf=60.0,H0,7,3521148200,6,60.0,4,jittery,0.0,0.7,2.75,1.0,1.0,0.5,0.0,1.0,0.8066666666666666,2.413088436425758,1.0,0.8066666666666666,,,4.0,0.0,0.0,0.0,0.0,0.0,6.0,60.0,4.0,0.253059875,0.3588333333333333,0.6959854960441589,0.9853254375,0.9021666666666668,0.3071976006031036,0.9853254375,0.7322655625,5.0,4.0,0.9,ok,35.13542461395264,
N=6|dead_zone=0.0|link_quality=0.7|n_missions=4|regime=jittery|rrf=60.0,H1,7,3521148200,6,60.0,4,jittery,0.0,0.7,0.75,0.5,0.25,0.0,0.0,1.0,0.9826175869120656,2.571987554517059,0.5,0.5,0.5,2.0,2.0,4.0,0.0,3.0,1.5,8.749098479747772,6.0,60.0,4.0,0.253059875,0.3588333333333333,0.6959854960441589,0.942822125,0.8886666666666667,0.5566999316215515,0.942822125,0.6897622499999999,3.0,,0.9,ok,48.4393093585968,
N=6|dead_zone=0.0|link_quality=0.7|n_missions=4|regime=jittery|rrf=60.0,H0,8,3216129783,6,60.0,4,jittery,0.0,0.7,2.5,0.75,0.75,0.5,0.0,0.8333333333333334,0.7575757575757576,2.246439344671016,0.8333333333333334,0.7575757575757576,,,4.0,0.0,0.0,0.0,0.0,0.0,6.0,60.0,4.0,0.2630685,0.359,0.6959426403045654,0.9692579375,0.8245,0.4294831454753876,0.9692579375,0.7061894375,5.0,,0.9,ok,27.914366245269772,
N=6|dead_zone=0.0|link_quality=0.7|n_missions=4|regime=jittery|rrf=60.0,H1,8,3216129783,6,60.0,4,jittery,0.0,0.7,1.75,0.75,0.75,0.25,0.0,1.0,0.9941176470588236,2.5806899528060816,0.6666666666666666,0.6282051282051282,0.75,2.0,3.0,4.0,0.0,3.0,2.25,9.55038446187973,6.0,60.0,4.0,0.2630685,0.359,0.6959426403045654,0.9600000625,0.8495,0.4558814167976379,0.9600000625,0.6969315625000001,4.0,,0.9,ok,51.90113425254822,
N=6|dead_zone=0.0|link_quality=0.7|n_missions=4|regime=jittery|rrf=60.0,H0,9,1743790,6,60.0,4,jittery,0.0,0.7,2.0,1.0,0.75,0.25,0.0,0.6666666666666666,0.5333333333333333,1.811278124459133,0.6666666666666666,0.5333333333333333,,,4.0,0.0,0.0,0.0,0.0,0.0,6.0,60.0,4.0,0.2529484375,0.3556666666666667,0.6959843635559082,0.98401025,0.863,0.331508457660675,0.98401025,0.7310618124999999,5.0,,0.9,ok,21.39438414573669,
N=6|dead_zone=0.0|link_quality=0.7|n_missions=4|regime=jittery|rrf=60.0,H1,9,1743790,6,60.0,4,jittery,0.0,0.7,1.5,0.5,0.5,0.5,0.0,1.0,0.9959349593495936,2.581896859914352,0.8333333333333334,0.75,0.5,1.5,2.0,4.0,0.0,4.0,2.0,10.013156354427338,6.0,60.0,4.0,0.2529484375,0.3556666666666667,0.6959843635559082,0.95258625,0.9151666666666668,0.5836099982261658,0.95258625,0.6996378125,3.0,2.0,0.9,ok,58.25264358520508,
N=6|dead_zone=0.0|link_quality=0.7|n_missions=4|regime=jittery|rrf=60.0,H0,10,2596360462,6,60.0,4,jittery,0.0,0.7,2.25,0.75,0.75,0.5,0.0,0.6666666666666666,0.5869565217391305,1.8910611120726528,0.6666666666666666,0.5869565217391305,,,4.0,0.0,0.0,0.0,0.0,0.0,6.0,60.0,4.0,0.2595823124999999,0.3561666666666667,0.6959282159805298,0.972196375,0.8738333333333334,0.4366980791091919,0.972196375,0.7126140625,5.0,,0.9,ok,25.83913278579712,
N=6|dead_zone=0.0|link_quality=0.7|n_missions=4|regime=jittery|rrf=60.0,H1,10,2596360462,6,60.0,4,jittery,0.0,0.7,1.25,0.75,0.5,0.0,0.0,1.0,1.0,2.584962500721156,0.5,0.4629629629629629,0.75,1.5,3.0,4.0,0.0,4.0,3.0,11.687118530273438,6.0,60.0,4.0,0.2595823124999999,0.3561666666666667,0.6959282159805298,0.980155375,0.8408333333333333,0.4559527933597564,0.980155375,0.7205730625000001,4.0,,0.9,ok,69.59083604812622,
N=6|dead_zone=0.0|link_quality=0.7|n_missions=4|regime=jittery|rrf=60.0,H0,11,2358068485,6,60.0,4,jittery,0.0,0.7,2.5,0.75,0.75,0.75,0.0,1.0,0.8333333333333334,2.4464393446710155,1.0,0.8333333333333334,,,4.0,0.0,0.0,0.0,0.0,0.0,6.0,60.0,4.0,0.291897375,0.3563333333333333,0.6957958936691284,0.977440375,0.8581666666666666,0.425658643245697,0.977440375,0.6855429999999999,5.0,,0.9,ok,34.33668494224548,
N=6|dead_zone=0.0|link_quality=0.7|n_missions=4|regime=jittery|rrf=60.0,H1,11,2358068485,6,60.0,4,jittery,0.0,0.7,0.5,0.5,0.0,0.0,0.0,1.0,0.9941176470588236,2.580689952806082,0.3333333333333333,0.3333333333333333,0.5,1.5,2.0,4.0,0.0,4.0,2.0,10.763112783432009,6.0,60.0,4.0,0.291897375,0.3563333333333333,0.6957958936691284,0.9273920625,0.789,0.5690855979919434,0.9273920625,0.6354946874999999,3.0,,0.9,ok,56.02406311035156,
N=6|dead_zone=0.0|link_quality=0.7|n_missions=4|regime=jittery|rrf=60.0,H0,12,3446225384,6,60.0,4,jittery,0.0,0.7,2.25,1.0,1.0,0.25,0.0,0.8333333333333334,0.7105263157894737,2.197159723424149,0.8333333333333334,0.7105263157894737,,,4.0,0.0,0.0,0.0,0.0,0.0,6.0,60.0,4.0,0.25578375,0.354,0.6959816217422485,0.9882208125,0.9401666666666668,0.282318651676178,0.9882208125,0.7324370625000001,5.0,4.0,0.9,ok,24.48904275894165,
N=6|dead_zone=0.0|link_quality=0.7|n_missions=4|regime=jittery|rrf=60.0,H1,12,3446225384,6,60.0,4,jittery,0.0,0.7,0.75,0.5,0.25,0.0,0.0,1.0,0.9865771812080536,2.575114591410657,0.5,0.5,0.5,1.2,2.0,4.0,0.0,5.0,2.5,12.249896585941316,6.0,60.0,4.0,0.25578375,0.354,0.6959816217422485,0.9115285625,0.8026666666666666,0.5824071168899536,0.9115285625,0.6557448125,3.0,,0.9,ok,63.99631142616272,
N=6|dead_zone=0.0|link_quality=0.7|n_missions=4|regime=jittery|rrf=60.0,H0,13,3762236028,6,60.0,4,jittery,0.0,0.7,1.5,1.0,0.25,0.25,0.0,0.6666666666666666,0.6,1.9182958340544891,0.6666666666666666,0.6,,,4.0,0.0,0.0,0.0,0.0,0.0,6.0,60.0,4.0,0.2576981874999999,0.3593333333333333,0.6959545612335205,0.9904755,0.9586666666666668,0.2596310973167419,0.9904755,0.7327773125000001,5.0,3.0,0.9,ok,23.6599235534668,
N=6|dead_zone=0.0|link_quality=0.7|n_missions=4|regime=jittery|rrf=60.0,H1,13,3762236028,6,60.0,4,jittery,0.0,0.7,0.5,0.5,0.0,0.0,0.0,1.0,0.9950248756218906,2.5812908992306927,0.3333333333333333,0.3333333333333333,0.5,1.5,2.0,4.0,0.0,4.0,2.0,10.428686201572418,6.0,60.0,4.0,0.2576981874999999,0.3593333333333333,0.6959545612335205,0.9159938125,0.8463333333333334,0.6077429056167603,0.9159938125,0.658295625,3.0,,0.9,ok,57.08506393432617,
N=6|dead_zone=0.0|link_quality=0.7|n_missions=4|regime=jittery|rrf=60.0,H0,14,2621681480,6,60.0,4,jittery,0.0,0.7,2.5,1.0,0.75,0.5,0.0,0.8333333333333334,0.6410256410256411,2.121928094887362,0.8333333333333334,0.6410256410256411,,,4.0,0.0,0.0,0.0,0.0,0.0,6.0,60.0,4.0,0.266349375,0.3576666666666667,0.6958889961242676,0.9888757499999998,0.9201666666666668,0.3067092597484588,0.9888757499999998,0.7225263749999998,5.0,4.0,0.9,ok,27.06449866294861,
N=6|dead_zone=0.0|link_quality=0.7|n_missions=4|regime=jittery|rrf=60.0,H1,14,2621681480,6,60.0,4,jittery,0.0,0.7,0.5,0.5,0.0,0.0,0.0,1.0,0.9899882214369848,2.577698263840924,0.1666666666666666,0.1666666666666666,0.5,1.2,2.0,4.0,0.0,5.0,2.5,12.289264261722565,6.0,60.0,4.0,0.266349375,0.3576666666666667,0.6958889961242676,0.949683375,0.7825,0.6107227802276611,0.949683375,0.683334,3.0,,0.9,ok,67.94804215431213,
N=6|dead_zone=0.0|link_quality=0.7|n_missions=4|regime=jittery|rrf=60.0,H0,15,2634551904,6,60.0,4,jittery,0.0,0.7,1.75,1.0,0.75,0.0,0.0,0.8333333333333334,0.6282051282051282,2.128085278891394,0.8333333333333334,0.6282051282051282,,,4.0,0.0,0.0,0.0,0.0,0.0,6.0,60.0,4.0,0.2868798124999999,0.3581666666666667,0.6958258748054504,0.984943125,0.8928333333333334,0.3179396986961365,0.984943125,0.6980633125,5.0,,0.9,ok,27.47357964515686,
N=6|dead_zone=0.0|link_quality=0.7|n_missions=4|regime=jittery|rrf=60.0,H1,15,2634551904,6,60.0,4,jittery,0.0,0.7,1.25,1.0,0.25,0.0,0.0,1.0,0.9932432432432432,2.5800385460659068,0.5,0.4629629629629629,1.0,1.5,4.0,4.0,0.0,4.0,4.0,11.513123452663422,6.0,60.0,4.0,0.2868798124999999,0.3581666666666667,0.6958258748054504,0.9841394375,0.8658333333333333,0.3470844030380249,0.9841394375,0.697259625,5.0,,0.9,ok,61.1877167224884,
N=6|dead_zone=0.0|link_quality=0.7|n_missions=4|regime=jittery|rrf=60.0,H0,16,1351464894,6,60.0,4,jittery,0.0,0.7,2.75,1.0,1.0,0.75,0.0,0.8333333333333334,0.6954022988505747,2.1626441180472606,0.8333333333333334,0.6954022988505747,,,4.0,0.0,0.0,0.0,0.0,0.0,6.0,60.0,4.0,0.27288,0.3548333333333333,0.6958779096603394,0.9852990625,0.9351666666666668,0.2805296778678894,0.9852990625,0.7124190625,5.0,3.0,0.9,ok,31.085086345672607,
N=6|dead_zone=0.0|link_quality=0.7|n_missions=4|regime=jittery|rrf=60.0,H1,16,1351464894,6,60.0,4,jittery,0.0,0.7,2.75,1.0,1.0,0.5,0.0,1.0,0.9950248756218906,2.5812908992306927,1.0,0.8768115942028986,1.0,1.5,4.0,4.0,0.0,4.0,3.75,10.120546579360962,6.0,60.0,4.0,0.27288,0.3548333333333333,0.6958779096603394,0.986284875,0.9378333333333332,0.2880881726741791,0.986284875,0.713404875,5.0,4.0,0.9,ok,54.46262288093567,
N=6|dead_zone=0.0|link_quality=0.7|n_missions=4|regime=jittery|rrf=60.0,H0,17,1479033292,6,60.0,4,jittery,0.0,0.7,2.5,1.0,0.75,0.75,0.0,1.0,0.7575757575757576,2.3709505944546687,1.0,0.7575757575757576,,,4.0,0.0,0.0,0.0,0.0,0.0,6.0,60.0,4.0,0.2464135625,0.3563333333333333,0.6960231065750122,0.9888594375000002,0.944,0.2696340978145599,0.9888594375000002,0.7424458750000001,5.0,4.0,0.9,ok,26.61670708656311,
N=6|dead_zone=0.0|link_quality=0.7|n_missions=4|regime=jittery|rrf=60.0,H1,17,1479033292,6,60.0,4,jittery,0.0,0.7,0.5,0.25,0.25,0.0,0.0,1.0,0.9918032786885246,2.578992712198113,0.3333333333333333,0.3333333333333333,0.25,1.2,1.0,4.0,0.0,5.0,1.25,10.215125620365145,6.0,60.0,4.0,0.2464135625,0.3563333333333333,0.6960231065750122,0.850086,0.7231666666666666,0.6610066890716553,0.850086,0.6036724375,2.0,,0.9,ok,53.713489055633545,
N=6|dead_zone=0.0|link_quality=0.7|n_missions=4|regime=jittery|rrf=60.0,H0,18,1466540048,6,60.0,4,jittery,0.0,0.7,2.75,1.0,1.0,0.5,0.0,0.8333333333333334,0.7469135802469136,2.231270254607576,0.8333333333333334,0.7469135802469136,,,4.0,0.0,0.0,0.0,0.0,0.0,6.0,60.0,4.0,0.26687025,0.3578333333333333,0.6958953738212585,0.988534375,0.9261666666666668,0.3130330741405487,0.988534375,0.7216641250000001,5.0,4.0,0.9,ok,34.38948154449463,
N=6|dead_zone=0.0|link_quality=0.7|n_missions=4|regime=jittery|rrf=60.0,H1,18,1466540048,6,60.0,4,jittery,0.0,0.7,2.25,1.0,1.0,0.25,0.0,1.0,0.9970344009489917,2.5827423149511795,0.8333333333333334,0.7105263157894737,1.0,2.0,4.0,4.0,0.0,3.0,3.0,9.277345716953278,6.0,60.0,4.0,0.26687025,0.3578333333333333,0.6958953738212585,0.9869140625,0.907,0.2940196990966797,0.9869140625,0.7200438125,5.0,4.0,0.9,ok,53.94634461402893,
N=6|dead_zone=0.0|link_quality=0.7|n_missions=4|regime=jittery|rrf=60.0,H0,19,1534420717,6,60.0,4,jittery,0.0,0.7,3.0,1.0,1.0,0.75,0.0,0.8333333333333334,0.631578947368421,2.084962500721156,0.8333333333333334,0.631578947368421,,,4.0,0.0,0.0,0.0,0.0,0.0,6.0,60.0,4.0,0.2709633125,0.356,0.6959285736083984,0.989110125,0.9263333333333332,0.3143117725849151,0.989110125,0.7181468124999999,5.0,4.0,0.9,ok,26.442875623703003,
N=6|dead_zone=0.0|link_quality=0.7|n_missions=4|regime=jittery|rrf=60.0,H1,19,1534420717,6,60.0,4,jittery,0.0,0.7,0.5,0.5,0.0,0.0,0.0,1.0,0.992248062015504,2.579434002924965,0.3333333333333333,0.3333333333333333,0.5,2.0,2.0,4.0,0.0,3.0,1.5,8.691592514514923,6.0,60.0,4.0,0.2709633125,0.356,0.6959285736083984,0.976055625,0.7896666666666666,0.5714086294174194,0.976055625,0.7050923124999999,3.0,,0.9,ok,49.755213499069214,
N=6|dead_zone=0.2|link_quality=0.3|n_missions=4|regime=jittery|rrf=60.0,H0,0,2258652524,6,60.0,4,jittery,0.2,0.3,1.25,0.75,0.25,0.25,0.0,0.6666666666666666,0.5952380952380952,1.9219280948873625,0.6666666666666666,0.5952380952380952,,,4.0,0.0,0.0,0.0,0.0,0.0,6.0,60.0,4.0,0.26059725,0.3563333333333333,0.6959456205368042,0.965087625,0.877,0.4215627312660217,0.965087625,0.7044903750000001,5.0,,0.9,ok,33.66595435142517,
N=6|dead_zone=0.2|link_quality=0.3|n_missions=4|regime=jittery|rrf=60.0,H1,0,2258652524,6,60.0,4,jittery,0.2,0.3,0.5,0.5,0.0,0.0,0.0,1.0,0.9970344009489917,2.5827423149511795,0.3333333333333333,0.3333333333333333,0.5,1.5,2.0,4.0,0.0,4.0,2.0,11.61876344680786,6.0,60.0,4.0,0.26059725,0.3563333333333333,0.6959456205368042,0.9394893125,0.7943333333333333,0.567396342754364,0.9394893125,0.6788920625000001,3.0,,0.9,ok,64.58396077156067,
N=6|dead_zone=0.2|link_quality=0.3|n_missions=4|regime=jittery|rrf=60.0,H0,1,2943796526,6,60.0,4,jittery,0.2,0.3,1.0,0.5,0.25,0.25,0.0,0.5,0.4444444444444444,1.5,0.5,0.4444444444444444,,,4.0,0.0,0.0,0.0,0.0,0.0,6.0,60.0,4.0,0.2601513125,0.3565,0.6959301829338074,0.9344261875,0.8478333333333333,0.5810359120368958,0.9344261875,0.674274875,5.0,,0.9,ok,19.31010150909424,
N=6|dead_zone=0.2|link_quality=0.3|n_missions=4|regime=jittery|rrf=60.0,H1,1,2943796526,6,60.0,4,jittery,0.2,0.3,0.25,0.25,0.0,0.0,0.0,1.0,0.9940898345153664,2.5804567753970877,0.1666666666666666,0.1666666666666666,0.25,1.5,1.0,4.0,0.0,4.0,1.0,8.557576358318329,6.0,60.0,4.0,0.2601513125,0.3565,0.6959301829338074,0.6949456875,0.6666666666666666,0.6733388900756836,0.6949456875,0.4347943749999999,2.0,,0.9,ok,48.55958580970764,
N=6|dead_zone=0.2|link_quality=0.3|n_missions=4|regime=jittery|rrf=60.0,H0,2,3992779370,6,60.0,4,jittery,0.2,0.3,0.75,0.75,0.0,0.0,0.0,0.3333333333333333,0.3,0.9182958340544896,0.3333333333333333,0.3,,,4.0,0.0,0.0,0.0,0.0,0.0,6.0,60.0,4.0,0.2796016875,0.3568333333333333,0.6958513855934143,0.973387125,0.9158333333333334,0.4306046962738037,0.973387125,0.6937854375000001,5.0,4.0,0.9,ok,15.6255304813385,
N=6|dead_zone=0.2|link_quality=0.3|n_missions=4|regime=jittery|rrf=60.0,H1,2,3992779370,6,60.0,4,jittery,0.2,0.3,0.75,0.5,0.25,0.0,0.0,1.0,0.9963609898107716,2.5824166230333305,0.5,0.5,0.5,1.5,2.0,4.0,0.0,4.0,2.0,10.4148610830307,6.0,60.0,4.0,0.2796016875,0.3568333333333333,0.6958513855934143,0.93636375,0.7945,0.5707217454910278,0.93636375,0.6567620624999999,3.0,,0.9,ok,55.53205847740173,
N=6|dead_zone=0.2|link_quality=0.3|n_missions=4|regime=jittery|rrf=60.0,H0,3,1289623761,6,60.0,4,jittery,0.2,0.3,1.25,0.75,0.25,0.25,0.0,0.5,0.4629629629629629,1.521928094887362,0.5,0.4629629629629629,,,4.0,0.0,0.0,0.0,0.0,0.0,6.0,60.0,4.0,0.2624948749999999,0.361,0.6959295868873596,0.9650040625,0.8483333333333334,0.4332897067070007,0.9650040625,0.7025091875,5.0,,0.9,ok,18.926883935928345,
N=6|dead_zone=0.2|link_quality=0.3|n_missions=4|regime=jittery|rrf=60.0,H1,3,1289623761,6,60.0,4,jittery,0.2,0.3,1.75,1.0,0.5,0.25,0.0,1.0,0.9950248756218906,2.5812908992306927,0.8333333333333334,0.6282051282051282,1.0,2.0,3.0,4.0,0.0,3.0,3.0,9.21987247467041,6.0,60.0,4.0,0.2624948749999999,0.361,0.6959295868873596,0.9741971875,0.8961666666666667,0.4183686077594757,0.9741971875,0.7117023124999999,4.0,,0.9,ok,54.012906312942505,
N=6|dead_zone=0.2|link_quality=0.3|n_missions=4|regime=jittery|rrf=60.0,H0,4,3672402903,6,60.0,4,jittery,0.2,0.3,0.5,0.5,0.0,0.0,0.0,0.3333333333333333,0.3333333333333333,1.0,0.3333333333333333,0.3333333333333333,,,4.0,0.0,0.0,0.0,0.0,0.0,6.0,60.0,4.0,0.284476125,0.3571666666666667,0.6958532929420471,0.94718875,0.892,0.5575625896453857,0.94718875,0.6627126249999999,5.0,,0.9,ok,18.534989595413208,
N=6|dead_zone=0.2|link_quality=0.3|n_missions=4|regime=jittery|rrf=60.0,H1,4,3672402903,6,60.0,4,jittery,0.2,0.3,0.5,0.5,0.0,0.0,0.0,1.0,1.0,2.584962500721156,0.3333333333333333,0.3333333333333333,0.5,1.5,2.0,4.0,0.0,4.0,2.0,8.521309673786163,6.0,60.0,4.0,0.284476125,0.3571666666666667,0.6958532929420471,0.9323180625000002,0.8731666666666666,0.5708444714546204,0.9323180625000002,0.6478419375000002,3.0,,0.9,ok,48.9355149269104,
N=6|dead_zone=0.2|link_quality=0.3|n_missions=4|regime=jittery|rrf=60.0,H0,5,2764601321,6,60.0,4,jittery,0.2,0.3,0.5,0.5,0.0,0.0,0.0,0.3333333333333333,0.3333333333333333,1.0,0.3333333333333333,0.3333333333333333,,,4.0,0.0,0.0,0.0,0.0,0.0,6.0,60.0,4.0,0.2734658125,0.357,0.6959004998207092,0.950410875,0.9138333333333334,0.5566620230674744,0.950410875,0.6769450625,5.0,4.0,0.9,ok,14.988157272338867,
N=6|dead_zone=0.2|link_quality=0.3|n_missions=4|regime=jittery|rrf=60.0,H1,5,2764601321,6,60.0,4,jittery,0.2,0.3,1.5,1.0,0.5,0.0,0.0,1.0,0.9941176470588236,2.5806899528060816,0.6666666666666666,0.5,1.0,3.0,4.0,4.0,0.0,2.0,2.0,7.048300743103027,6.0,60.0,4.0,0.2734658125,0.357,0.6959004998207092,0.982767875,0.947,0.2892343401908874,0.982767875,0.7093020624999999,5.0,3.0,0.9,ok,43.49995279312134,
N=6|dead_zone=0.2|link_quality=0.3|n_missions=4|regime=jittery|rrf=60.0,H0,6,3667795623,6,60.0,4,jittery,0.2,0.3,1.0,0.75,0.25,0.0,0.0,0.5,0.4444444444444444,1.5,0.5,0.4444444444444444,,,4.0,0.0,0.0,0.0,0.0,0.0,6.0,60.0,4.0,0.2602476875,0.3595,0.6959475874900818,0.97405675,0.8281666666666667,0.4267533719539642,0.97405675,0.7138090625000001,5.0,2.0,0.9,ok,17.76694679260254,
N=6|dead_zone=0.2|link_quality=0.3|n_missions=4|regime=jittery|rrf=60.0,H1,6,3667795623,6,60.0,4,jittery,0.2,0.3,1.25,0.75,0.5,0.0,0.0,1.0,0.9977416440831076,2.5832806717967176,0.6666666666666666,0.5952380952380952,0.75,1.0,3.0,4.0,0.0,6.0,4.5,12.386766493320463,6.0,60.0,4.0,0.2602476875,0.3595,0.6959475874900818,0.96988975,0.8128333333333333,0.4610787630081177,0.96988975,0.7096420625000001,4.0,,0.9,ok,70.2486412525177,
N=6|dead_zone=0.2|link_quality=0.3|n_missions=4|regime=jittery|rrf=60.0,H0,7,929013478,6,60.0,4,jittery,0.2,0.3,0.25,0.25,0.0,0.0,0.0,0.1666666666666666,0.1666666666666666,0.0,0.1666666666666666,0.1666666666666666,,,4.0,0.0,0.0,0.0,0.0,0.0,6.0,60.0,4.0,0.2630994375,0.3571666666666667,0.6959373950958252,0.861258375,0.7831666666666667,0.6644802093505859,0.861258375,0.5981589375,5.0,,0.9,ok,9.965567588806152,
N=6|dead_zone=0.2|link_quality=0.3|n_missions=4|regime=jittery|rrf=60.0,H1,7,929013478,6,60.0,4,jittery,0.2,0.3,1.0,0.5,0.5,0.0,0.0,1.0,0.9705882352941176,2.5628694099060074,0.5,0.4444444444444444,0.5,1.5,2.0,4.0,0.0,4.0,2.0,11.55032044649124,6.0,60.0,4.0,0.2630994375,0.3571666666666667,0.6959373950958252,0.965222875,0.9331666666666668,0.5712090134620667,0.965222875,0.7021234375000001,3.0,2.0,0.9,ok,69.15872740745544,
N=6|dead_zone=0.2|link_quality=0.3|n_missions=4|regime=jittery|rrf=60.0,H0,8,3924986795,6,60.0,4,jittery,0.2,0.3,0.75,0.5,0.25,0.0,0.0,0.3333333333333333,0.3,0.9182958340544896,0.3333333333333333,0.3,,,4.0,0.0,0.0,0.0,0.0,0.0,6.0,60.0,4.0,0.258396875,0.3583333333333333,0.6959220170974731,0.9373470000000002,0.8855,0.5799832940101624,0.9373470000000002,0.6789501250000001,5.0,,0.9,ok,19.22721099853516,
N=6|dead_zone=0.2|link_quality=0.3|n_missions=4|regime=jittery|rrf=60.0,H1,8,3924986795,6,60.0,4,jittery,0.2,0.3,1.5,1.0,0.5,0.0,0.0,1.0,0.9897360703812316,2.577158441691227,0.6666666666666666,0.5,1.0,1.2,4.0,4.0,0.0,5.0,5.0,12.682485222816467,6.0,60.0,4.0,0.258396875,0.3583333333333333,0.6959220170974731,0.98223275,0.8913333333333333,0.3342860043048858,0.98223275,0.723835875,5.0,,0.9,ok,65.02474355697632,
N=6|dead_zone=0.2|link_quality=0.3|n_missions=4|regime=jittery|rrf=60.0,H0,9,730444219,6,60.0,4,jittery,0.2,0.3,1.25,0.75,0.25,0.25,0.0,0.5,0.4629629629629629,1.521928094887362,0.5,0.4629629629629629,,,4.0,0.0,0.0,0.0,0.0,0.0,6.0,60.0,4.0,0.2569555,0.3575,0.695949137210846,0.962921625,0.8981666666666667,0.4324449002742767,0.962921625,0.705966125,5.0,,0.9,ok,17.265252590179443,
N=6|dead_zone=0.2|link_quality=0.3|n_missions=4|regime=jittery|rrf=60.0,H1,9,730444219,6,60.0,4,jittery,0.2,0.3,0.5,0.5,0.0,0.0,0.0,1.0,1.0,2.584962500721156,0.3333333333333333,0.3333333333333333,0.5,2.0,2.0,4.0,0.0,3.0,1.5,8.674458622932434,6.0,60.0,4.0,0.2569555,0.3575,0.695949137210846,0.929161625,0.8086666666666666,0.5697380900382996,0.929161625,0.672206125,3.0,,0.9,ok,49.95616292953491,
N=6|dead_zone=0.2|link_quality=0.3|n_missions=4|regime=jittery|rrf=60.0,H0,10,2204072595,6,60.0,4,jittery,0.2,0.3,0.5,0.5,0.0,0.0,0.0,0.3333333333333333,0.3333333333333333,1.0,0.3333333333333333,0.3333333333333333,,,4.0,0.0,0.0,0.0,0.0,0.0,6.0,60.0,4.0,0.2683843125,0.3583333333333333,0.695931613445282,0.9163565,0.8101666666666667,0.577904224395752,0.9163565,0.6479721875,5.0,,0.9,ok,14.043532371520996,
N=6|dead_zone=0.2|link_quality=0.3|n_missions=4|regime=jittery|rrf=60.0,H1,10,2204072595,6,60.0,4,jittery,0.2,0.3,2.0,1.0,0.75,0.25,0.0,1.0,0.9962335216572504,2.582193066735133,0.6666666666666666,0.5925925925925926,1.0,1.263157894736842,4.0,4.0,0.0,4.75,4.5,9.813040018081663,6.0,60.0,4.0,0.2683843125,0.3583333333333333,0.695931613445282,0.9835028125,0.8873333333333333,0.3163774013519287,0.9835028125,0.7151185,5.0,,0.9,ok,54.12442326545715,
N=6|dead_zone=0.2|link_quality=0.3|n_missions=4|regime=jittery|rrf=60.0,H0,11,748054067,6,60.0,4,jittery,0.2,0.3,1.75,1.0,0.5,0.25,0.0,0.6666666666666666,0.6282051282051282,1.9502120649147463,0.6666666666666666,0.6282051282051282,,,4.0,0.0,0.0,0.0,0.0,0.0,6.0,60.0,4.0,0.2606939375,0.3575,0.6959758996963501,0.98517975,0.8906666666666667,0.3174570202827453,0.98517975,0.7244858125000001,5.0,,0.9,ok,24.33575987815857,
N=6|dead_zone=0.2|link_quality=0.3|n_missions=4|regime=jittery|rrf=60.0,H1,11,748054067,6,60.0,4,jittery,0.2,0.3,1.5,1.0,0.5,0.0,0.0,1.0,0.9880658436213992,2.5761191513040065,0.8333333333333334,0.75,1.0,1.2,4.0,4.0,0.0,5.0,5.0,12.634566187858582,6.0,60.0,4.0,0.2606939375,0.3575,0.6959758996963501,0.985650625,0.9071666666666668,0.3014208674430847,0.985650625,0.7249566874999999,5.0,4.0,0.9,ok,64.65779566764832,
N=6|dead_zone=0.2|link_quality=0.3|n_missions=4|regime=jittery|rrf=60.0,H0,12,4284170487,6,60.0,4,jittery,0.2,0.3,0.75,0.75,0.0,0.0,0.0,0.3333333333333333,0.3,0.9182958340544896,0.3333333333333333,0.3,,,4.0,0.0,0.0,0.0,0.0,0.0,6.0,60.0,4.0,0.2695794375,0.3603333333333333,0.6959244608879089,0.9819,0.8978333333333334,0.3978723287582397,0.9819,0.7123205625000001,5.0,,0.9,ok,13.680205345153809,
N=6|dead_zone=0.2|link_quality=0.3|n_missions=4|regime=jittery|rrf=60.0,H1,12,4284170487,6,60.0,4,jittery,0.2,0.3,1.0,0.5,0.5,0.0,0.0,1.0,0.9959349593495936,2.581896859914352,0.5,0.4444444444444444,0.5,1.5,2.0,4.0,0.0,4.0,2.0,8.201904237270355,6.0,60.0,4.0,0.2695794375,0.3603333333333333,0.6959244608879089,0.9339904375,0.8045,0.5738333463668823,0.9339904375,0.6644110000000001,3.0,,0.9,ok,49.91193675994873,
N=6|dead_zone=0.2|link_quality=0.3|n_missions=4|regime=jittery|rrf=60.0,H0,13,381052943,6,60.0,4,jittery,0.2,0.3,0.75,0.5,0.25,0.0,0.0,0.3333333333333333,0.3,0.9182958340544896,0.3333333333333333,0.3,,,4.0,0.0,0.0,0.0,0.0,0.0,6.0,60.0,4.0,0.250469375,0.3566666666666667,0.6960039138793945,0.9559121875,0.796,0.5749373435974121,0.9559121875,0.7054428125000001,5.0,,0.9,ok,15.675321578979492,
N=6|dead_zone=0.2|link_quality=0.3|n_missions=4|regime=jittery|rrf=60.0,H1,13,381052943,6,60.0,4,jittery,0.2,0.3,0.5,0.25,0.25,0.0,0.0,1.0,0.994824016563147,2.581358330499424,0.3333333333333333,0.3333333333333333,0.25,1.5,1.0,4.0,0.0,4.0,1.0,9.783696174621582,6.0,60.0,4.0,0.250469375,0.3566666666666667,0.6960039138793945,0.7830145000000001,0.7926666666666666,0.6773238182067871,0.7830145000000001,0.5325451250000001,2.0,,0.9,ok,55.20286273956299,
N=6|dead_zone=0.2|link_quality=0.3|n_missions=4|regime=jittery|rrf=60.0,H0,14,2821674926,6,60.0,4,jittery,0.2,0.3,0.5,0.5,0.0,0.0,0.0,0.3333333333333333,0.3333333333333333,1.0,0.3333333333333333,0.3333333333333333,,,4.0,0.0,0.0,0.0,0.0,0.0,6.0,60.0,4.0,0.274506875,0.3575,0.6959043145179749,0.9357535,0.7988333333333333,0.5510361790657043,0.9357535,0.661246625,5.0,,0.9,ok,14.324257850646973,
N=6|dead_zone=0.2|link_quality=0.3|n_missions=4|regime=jittery|rrf=60.0,H1,14,2821674926,6,60.0,4,jittery,0.2,0.3,0.5,0.5,0.0,0.0,0.0,1.0,0.9897750511247444,2.5779146348873665,0.3333333333333333,0.3333333333333333,0.5,1.2,2.0,4.0,0.0,5.0,2.5,13.96094298362732,6.0,60.0,4.0,0.274506875,0.3575,0.6959043145179749,0.952409875,0.7956666666666666,0.5769037008285522,0.952409875,0.677903,3.0,,0.9,ok,72.01161766052246,
N=6|dead_zone=0.2|link_quality=0.3|n_missions=4|regime=jittery|rrf=60.0,H0,15,3622488151,6,60.0,4,jittery,0.2,0.3,1.0,0.5,0.5,0.0,0.0,0.5,0.4444444444444444,1.5,0.5,0.4444444444444444,,,4.0,0.0,0.0,0.0,0.0,0.0,6.0,60.0,4.0,0.2857030625,0.3623333333333333,0.6958263516426086,0.9364588125,0.84,0.5869204998016357,0.9364588125,0.6507557500000001,5.0,,0.9,ok,14.753533124923706,
N=6|dead_zone=0.2|link_quality=0.3|n_missions=4|regime=jittery|rrf=60.0,H1,15,3622488151,6,60.0,4,jittery,0.2,0.3,0.5,0.5,0.0,0.0,0.0,1.0,0.9963609898107716,2.5824166230333305,0.3333333333333333,0.3333333333333333,0.5,1.5,2.0,4.0,0.0,4.0,2.0,10.43490207195282,6.0,60.0,4.0,0.2857030625,0.3623333333333333,0.6958263516426086,0.931081625,0.7906666666666666,0.5928992629051208,0.931081625,0.6453785625,3.0,,0.9,ok,54.57308220863342,
N=6|dead_zone=0.2|link_quality=0.3|n_missions=4|regime=jittery|rrf=60.0,H0,16,114518060,6,60.0,4,jittery,0.2,0.3,1.25,1.0,0.25,0.0,0.0,0.3333333333333333,0.3205128205128205,0.9709505944546686,0.3333333333333333,0.3205128205128205,,,4.0,0.0,0.0,0.0,0.0,0.0,6.0,60.0,4.0,0.2696218125,0.3568333333333333,0.6959390640258789,0.987992125,0.9256666666666666,0.29151651263237,0.987992125,0.7183703125,5.0,4.0,0.9,ok,17.69506597518921,
N=6|dead_zone=0.2|link_quality=0.3|n_missions=4|regime=jittery|rrf=60.0,H1,16,114518060,6,60.0,4,jittery,0.2,0.3,0.5,0.5,0.0,0.0,0.0,1.0,0.993127147766323,2.5798634010685344,0.3333333333333333,0.3333333333333333,0.5,2.0,2.0,4.0,0.0,3.0,1.5,8.028005540370941,6.0,60.0,4.0,0.2696218125,0.3568333333333333,0.6959390640258789,0.90293475,0.8356666666666667,0.6139466762542725,0.90293475,0.6333129375,3.0,,0.9,ok,48.45030689239502,
N=6|dead_zone=0.2|link_quality=0.3|n_missions=4|regime=jittery|rrf=60.0,H0,17,517022915,6,60.0,4,jittery,0.2,0.3,1.0,0.75,0.25,0.0,0.0,0.5,0.4444444444444444,1.5,0.5,0.4444444444444444,,,4.0,0.0,0.0,0.0,0.0,0.0,6.0,60.0,4.0,0.2573641875,0.3575,0.6959485411643982,0.976485125,0.913,0.4443654716014862,0.976485125,0.7191209375000001,5.0,4.0,0.9,ok,17.309197902679443,
N=6|dead_zone=0.2|link_quality=0.3|n_missions=4|regime=jittery|rrf=60.0,H1,17,517022915,6,60.0,4,jittery,0.2,0.3,0.75,0.5,0.25,0.0,0.0,1.0,1.0,2.584962500721156,0.5,0.5,0.5,2.0,2.0,4.0,0.0,3.0,1.5,9.570668816566467,6.0,60.0,4.0,0.2573641875,0.3575,0.6959485411643982,0.9717753125,0.7973333333333333,0.5615558624267578,0.9717753125,0.714411125,3.0,,0.9,ok,57.16562819480896,
N=6|dead_zone=0.2|link_quality=0.3|n_missions=4|regime=jittery|rrf=60.0,H0,18,3584543510,6,60.0,4,jittery,0.2,0.3,1.25,0.75,0.5,0.0,0.0,0.5,0.3787878787878788,1.3709505944546687,0.5,0.3787878787878788,,,4.0,0.0,0.0,0.0,0.0,0.0,6.0,60.0,4.0,0.261061125,0.3591666666666667,0.6959506869316101,0.96998025,0.8866666666666667,0.4570053815841675,0.96998025,0.708919125,5.0,,0.9,ok,17.083293914794922,
N=6|dead_zone=0.2|link_quality=0.3|n_missions=4|regime=jittery|rrf=60.0,H1,18,3584543510,6,60.0,4,jittery,0.2,0.3,0.5,0.25,0.25,0.0,0.0,1.0,0.994824016563147,2.581358330499424,0.3333333333333333,0.3333333333333333,0.25,1.5,1.0,4.0,0.0,4.0,1.0,8.488291084766388,6.0,60.0,4.0,0.261061125,0.3591666666666667,0.6959506869316101,0.8158080000000001,0.787,0.6686968803405762,0.8158080000000001,0.5547468750000001,2.0,,0.9,ok,47.9677677154541,
N=6|dead_zone=0.2|link_quality=0.3|n_missions=4|regime=jittery|rrf=60.0,H0,19,578403063,6,60.0,4,jittery,0.2,0.3,0.75,0.75,0.0,0.0,0.0,0.3333333333333333,0.3,0.9182958340544896,0.3333333333333333,0.3,,,4.0,0.0,0.0,0.0,0.0,0.0,6.0,60.0,4.0,0.256320625,0.3561666666666667,0.6959835886955261,0.984483625,0.923,0.4294969439506531,0.984483625,0.7281629999999999,5.0,3.0,0.9,ok,12.45345902442932,
N=6|dead_zone=0.2|link_quality=0.3|n_missions=4|regime=jittery|rrf=60.0,H1,19,578403063,6,60.0,4,jittery,0.2,0.3,2.25,1.0,0.5,0.5,0.0,1.0,0.9906367041198502,2.577697282049906,0.8333333333333334,0.7941176470588235,1.0,1.2,4.0,4.0,0.0,5.0,4.75,10.85735934972763,6.0,60.0,4.0,0.256320625,0.3561666666666667,0.6959835886955261,0.98793325,0.917,0.2833648025989532,0.98793325,0.7316126250000001,5.0,4.0,0.9,ok,59.188703536987305,
N=6|dead_zone=0.2|link_quality=0.5|n_missions=4|regime=jittery|rrf=60.0,H0,0,1125387818,6,60.0,4,jittery,0.2,0.5,1.25,0.75,0.5,0.0,0.0,0.6666666666666666,0.5952380952380952,1.9219280948873625,0.6666666666666666,0.5952380952380952,,,4.0,0.0,0.0,0.0,0.0,0.0,6.0,60.0,4.0,0.2561405625,0.3568333333333333,0.6959709525108337,0.984811,0.8748333333333334,0.4127804338932037,0.984811,0.7286704374999999,5.0,,0.9,ok,19.340664625167847,
N=6|dead_zone=0.2|link_quality=0.5|n_missions=4|regime=jittery|rrf=60.0,H1,0,1125387818,6,60.0,4,jittery,0.2,0.5,2.25,1.0,0.75,0.25,0.0,1.0,0.9970344009489917,2.5827423149511795,1.0,0.9,1.0,2.0,4.0,4.0,0.0,3.0,3.0,9.109050154685974,6.0,60.0,4.0,0.2561405625,0.3568333333333333,0.6959709525108337,0.9906,0.942,0.2595155835151672,0.9906,0.7344594375,5.0,4.0,0.9,ok,49.42195892333984,
N=6|dead_zone=0.2|link_quality=0.5|n_missions=4|regime=jittery|rrf=60.0,H0,1,2549584357,6,60.0,4,jittery,0.2,0.5,1.75,1.0,0.75,0.0,0.0,0.6666666666666666,0.5444444444444444,1.8423709931771088,0.6666666666666666,0.5444444444444444,,,4.0,0.0,0.0,0.0,0.0,0.0,6.0,60.0,4.0,0.2751545625,0.3598333333333333,0.6959079504013062,0.98949075,0.9445,0.2898824214935303,0.98949075,0.7143361874999999,5.0,2.0,0.9,ok,19.52354121208191,
N=6|dead_zone=0.2|link_quality=0.5|n_missions=4|regime=jittery|rrf=60.0,H1,1,2549584357,6,60.0,4,jittery,0.2,0.5,1.0,0.5,0.5,0.0,0.0,1.0,0.994824016563147,2.581358330499424,0.5,0.4444444444444444,0.5,3.0,2.0,4.0,0.0,2.0,1.25,7.103252172470093,6.0,60.0,4.0,0.2751545625,0.3598333333333333,0.6959079504013062,0.9412881875000002,0.877,0.5980380177497864,0.9412881875000002,0.6661336250000002,3.0,,0.9,ok,44.79536056518555,
N=6|dead_zone=0.2|link_quality=0.5|n_missions=4|regime=jittery|rrf=60.0,H0,2,3510487655,6,60.0,4,jittery,0.2,0.5,1.0,1.0,0.0,0.0,0.0,0.3333333333333333,0.3333333333333333,1.0,0.3333333333333333,0.3333333333333333,,,4.0,0.0,0.0,0.0,0.0,0.0,6.0,60.0,4.0,0.260760125,0.3561666666666667,0.6959506869316101,0.982950875,0.887,0.3397392630577087,0.982950875,0.72219075,5.0,,0.9,ok,12.835405588150024,
N=6|dead_zone=0.2|link_quality=0.5|n_missions=4|regime=jittery|rrf=60.0,H1,2,3510487655,6,60.0,4,jittery,0.2,0.5,2.5,1.0,1.0,0.5,0.0,1.0,0.9950248756218906,2.5812908992306927,1.0,0.8333333333333334,1.0,1.6,4.0,4.0,0.0,3.75,3.5,11.012173056602478,6.0,60.0,4.0,0.260760125,0.3561666666666667,0.6959506869316101,0.987622375,0.9491666666666668,0.2933520078659057,0.987622375,0.7268622499999999,5.0,4.0,0.9,ok,59.92646145820618,
N=6|dead_zone=0.2|link_quality=0.5|n_missions=4|regime=jittery|rrf=60.0,H0,3,2967462570,6,60.0,4,jittery,0.2,0.5,2.25,1.0,1.0,0.25,0.0,0.6666666666666666,0.6428571428571429,1.974937501201927,0.6666666666666666,0.6428571428571429,,,4.0,0.0,0.0,0.0,0.0,0.0,6.0,60.0,4.0,0.2578119375,0.357,0.6959769129753113,0.9841775,0.909,0.2991941273212433,0.9841775,0.7263655625,5.0,4.0,0.9,ok,22.152893543243408,
N=6|dead_zone=0.2|link_quality=0.5|n_missions=4|regime=jittery|rrf=60.0,H1,3,2967462570,6,60.0,4,jittery,0.2,0.5,2.25,1.0,0.75,0.5,0.0,1.0,0.9970344009489917,2.5827423149511795,0.8333333333333334,0.7105263157894737,1.0,1.5,3.0,4.0,0.0,4.0,4.0,9.761365413665771,6.0,60.0,4.0,0.2578119375,0.357,0.6959769129753113,0.9707026875,0.839,0.4410697519779205,0.9707026875,0.71289075,4.0,,0.9,ok,51.466185569763184,
N=6|dead_zone=0.2|link_quality=0.5|n_missions=4|regime=jittery|rrf=60.0,H0,4,3254545573,6,60.0,4,jittery,0.2,0.5,0.75,0.5,0.25,0.0,0.0,0.5,0.5,1.584962500721156,0.5,0.5,,,4.0,0.0,0.0,0.0,0.0,0.0,6.0,60.0,4.0,0.257962375,0.3555,0.6959430575370789,0.952655625,0.781,0.553889811038971,0.952655625,0.69469325,5.0,,0.9,ok,13.233625173568726,
N=6|dead_zone=0.2|link_quality=0.5|n_missions=4|regime=jittery|rrf=60.0,H1,4,3254545573,6,60.0,4,jittery,0.2,0.5,1.5,1.0,0.5,0.0,0.0,1.0,0.9973031283710896,2.583068887911025,0.6666666666666666,0.6,1.0,1.5,4.0,4.0,0.0,4.0,4.0,11.497756958007812,6.0,60.0,4.0,0.257962375,0.3555,0.6959430575370789,0.983234375,0.931,0.2926503121852875,0.983234375,0.7252719999999999,5.0,4.0,0.9,ok,57.23528957366944,
N=6|dead_zone=0.2|link_quality=0.5|n_missions=4|regime=jittery|rrf=60.0,H0,5,2669851898,6,60.0,4,jittery,0.2,0.5,1.75,0.75,0.75,0.25,0.0,0.8333333333333334,0.7424242424242424,2.235926350629033,0.8333333333333334,0.7424242424242424,,,4.0,0.0,0.0,0.0,0.0,0.0,6.0,60.0,4.0,0.258039875,0.3556666666666667,0.6959676146507263,0.97467,0.8738333333333334,0.4506988823413849,0.97467,0.716630125,5.0,,0.9,ok,19.028747081756592,
N=6|dead_zone=0.2|link_quality=0.5|n_missions=4|regime=jittery|rrf=60.0,H1,5,2669851898,6,60.0,4,jittery,0.2,0.5,2.25,1.0,0.75,0.5,0.0,1.0,0.9950248756218906,2.581290899230692,0.8333333333333334,0.7941176470588235,1.0,2.1818181818181817,4.0,4.0,0.0,2.75,3.0,8.475645840168,6.0,60.0,4.0,0.258039875,0.3556666666666667,0.6959676146507263,0.9853598125,0.9245,0.2837399840354919,0.9853598125,0.7273199375000001,5.0,4.0,0.9,ok,45.25688934326172,
N=6|dead_zone=0.2|link_quality=0.5|n_missions=4|regime=jittery|rrf=60.0,H0,6,252683462,6,60.0,4,jittery,0.2,0.5,1.25,0.75,0.5,0.0,0.0,0.6666666666666666,0.5952380952380952,1.9219280948873625,0.6666666666666666,0.5952380952380952,,,4.0,0.0,0.0,0.0,0.0,0.0,6.0,60.0,4.0,0.2685341875,0.357,0.6959136724472046,0.986361875,0.8316666666666667,0.4273010790348053,0.986361875,0.7178276875,5.0,,0.9,ok,18.498112440109253,
N=6|dead_zone=0.2|link_quality=0.5|n_missions=4|regime=jittery|rrf=60.0,H1,6,252683462,6,60.0,4,jittery,0.2,0.5,2.0,1.0,0.75,0.25,0.0,1.0,0.9941176470588236,2.5806899528060816,0.8333333333333334,0.6666666666666666,1.0,1.5,4.0,4.0,0.0,4.0,4.0,10.167813658714294,6.0,60.0,4.0,0.2685341875,0.357,0.6959136724472046,0.9877276875,0.8943333333333333,0.3116161525249481,0.9877276875,0.7191935,5.0,,0.9,ok,52.24606084823608,
N=6|dead_zone=0.2|link_quality=0.5|n_missions=4|regime=jittery|rrf=60.0,H0,7,4290118643,6,60.0,4,jittery,0.2,0.5,1.25,0.75,0.25,0.25,0.0,0.6666666666666666,0.5952380952380952,1.9219280948873625,0.6666666666666666,0.5952380952380952,,,4.0,0.0,0.0,0.0,0.0,0.0,6.0,60.0,4.0,0.2593896875,0.3598333333333333,0.6959757208824158,0.981716625,0.8868333333333334,0.3936660587787628,0.981716625,0.7223269375,5.0,,0.9,ok,16.80297303199768,
N=6|dead_zone=0.2|link_quality=0.5|n_missions=4|regime=jittery|rrf=60.0,H1,7,4290118643,6,60.0,4,jittery,0.2,0.5,0.25,0.25,0.0,0.0,0.0,1.0,0.9963609898107716,2.5824166230333305,0.1666666666666666,0.1666666666666666,0.25,1.5,1.0,4.0,0.0,4.0,1.0,10.62305474281311,6.0,60.0,4.0,0.2593896875,0.3598333333333333,0.6959757208824158,0.726005,0.717,0.6649306416511536,0.726005,0.4666153125,2.0,,0.9,ok,54.052830934524536,
N=6|dead_zone=0.2|link_quality=0.5|n_missions=4|regime=jittery|rrf=60.0,H0,8,3730797270,6,60.0,4,jittery,0.2,0.5,1.5,1.0,0.25,0.25,0.0,0.6666666666666666,0.6,1.9182958340544896,0.6666666666666666,0.6,,,4.0,0.0,0.0,0.0,0.0,0.0,6.0,60.0,4.0,0.287492125,0.3576666666666667,0.6958206295967102,0.985313375,0.8775,0.3195152282714844,0.985313375,0.6978212499999998,5.0,,0.9,ok,16.432323455810547,
N=6|dead_zone=0.2|link_quality=0.5|n_missions=4|regime=jittery|rrf=60.0,H1,8,3730797270,6,60.0,4,jittery,0.2,0.5,1.5,0.5,0.5,0.25,0.0,1.0,0.9959349593495936,2.581896859914352,0.8333333333333334,0.75,0.5,2.0,2.0,4.0,0.0,3.0,1.5,7.637132883071899,6.0,60.0,4.0,0.287492125,0.3576666666666667,0.6958206295967102,0.946070125,0.8268333333333333,0.5840440392494202,0.946070125,0.6585779999999999,3.0,,0.9,ok,43.67126798629761,
N=6|dead_zone=0.2|link_quality=0.5|n_missions=4|regime=jittery|rrf=60.0,H0,9,2691222638,6,60.0,4,jittery,0.2,0.5,2.5,1.0,0.75,0.5,0.0,0.6666666666666666,0.5952380952380952,1.9219280948873625,0.6666666666666666,0.5952380952380952,,,4.0,0.0,0.0,0.0,0.0,0.0,6.0,60.0,4.0,0.281604125,0.354,0.69586580991745,0.98758675,0.9438333333333332,0.296278715133667,0.98758675,0.7059826250000001,5.0,4.0,0.9,ok,18.227712869644165,
N=6|dead_zone=0.2|link_quality=0.5|n_missions=4|regime=jittery|rrf=60.0,H1,9,2691222638,6,60.0,4,jittery,0.2,0.5,2.5,1.0,1.0,0.25,0.0,1.0,0.9970344009489917,2.5827423149511795,1.0,0.925925925925926,1.0,2.0,4.0,4.0,0.0,3.0,3.0,9.111682295799255,6.0,60.0,4.0,0.281604125,0.354,0.69586580991745,0.98823,0.9301666666666668,0.2680694460868835,0.98823,0.7066258750000001,5.0,4.0,0.9,ok,48.360398292541504,
N=6|dead_zone=0.2|link_quality=0.5|n_missions=4|regime=jittery|rrf=60.0,H0,10,3808161416,6,60.0,4,jittery,0.2,0.5,1.5,1.0,0.5,0.0,0.0,0.5,0.4285714285714285,1.4591479170272448,0.5,0.4285714285714285,,,4.0,0.0,0.0,0.0,0.0,0.0,6.0,60.0,4.0,0.2791993124999999,0.3548333333333333,0.695874035358429,0.9835685625,0.9106666666666666,0.3093468844890594,0.9835685625,0.70436925,5.0,4.0,0.9,ok,16.01520347595215,
N=6|dead_zone=0.2|link_quality=0.5|n_missions=4|regime=jittery|rrf=60.0,H1,10,3808161416,6,60.0,4,jittery,0.2,0.5,1.25,0.5,0.5,0.25,0.0,1.0,0.9918032786885246,2.578992712198113,0.6666666666666666,0.5952380952380952,0.5,2.0,2.0,4.0,0.0,3.0,1.5,8.67938232421875,6.0,60.0,4.0,0.2791993124999999,0.3548333333333333,0.695874035358429,0.9350478125,0.8331666666666667,0.5786562561988831,0.9350478125,0.6558485000000002,3.0,,0.9,ok,51.12555718421936,
N=6|dead_zone=0.2|link_quality=0.5|n_missions=4|regime=jittery|rrf=60.0,H0,11,804503072,6,60.0,4,jittery,0.2,0.5,0.5,0.5,0.0,0.0,0.0,0.3333333333333333,0.3333333333333333,1.0,0.3333333333333333,0.3333333333333333,,,4.0,0.0,0.0,0.0,0.0,0.0,6.0,60.0,4.0,0.279969125,0.3613333333333333,0.6958504319190979,0.9339225,0.7985,0.5792476534843445,0.9339225,0.653953375,5.0,,0.9,ok,15.509453773498535,
N=6|dead_zone=0.2|link_quality=0.5|n_missions=4|regime=jittery|rrf=60.0,H1,11,804503072,6,60.0,4,jittery,0.2,0.5,1.0,0.75,0.25,0.0,0.0,1.0,0.9944903581267218,2.581030962756369,0.3333333333333333,0.3333333333333333,0.75,1.5,2.0,4.0,0.0,4.0,3.0,10.390999615192412,6.0,60.0,4.0,0.279969125,0.3613333333333333,0.6958504319190979,0.9491798125,0.7861666666666667,0.6047797799110413,0.9491798125,0.6692106874999999,3.0,,0.9,ok,53.22387433052063,
N=6|dead_zone=0.2|link_quality=0.5|n_missions=4|regime=jittery|rrf=60.0,H0,12,4162853654,6,60.0,4,jittery,0.2,0.5,2.5,1.0,1.0,0.5,0.0,0.6666666666666666,0.5952380952380952,1.895461844238322,0.6666666666666666,0.5952380952380952,,,4.0,0.0,0.0,0.0,0.0,0.0,6.0,60.0,4.0,0.257098,0.3566666666666667,0.6959884166717529,0.983378625,0.9083333333333332,0.2913365662097931,0.983378625,0.726280625,5.0,4.0,0.9,ok,20.30394434928894,
N=6|dead_zone=0.2|link_quality=0.5|n_missions=4|regime=jittery|rrf=60.0,H1,12,4162853654,6,60.0,4,jittery,0.2,0.5,2.0,1.0,0.5,0.5,0.0,1.0,0.9950248756218906,2.581290899230692,0.6666666666666666,0.6666666666666666,1.0,1.5,4.0,4.0,0.0,4.0,4.0,10.798895955085754,6.0,60.0,4.0,0.257098,0.3566666666666667,0.6959884166717529,0.9815835625,0.902,0.3211444020271301,0.9815835625,0.7244855625,5.0,4.0,0.9,ok,57.48592400550842,
N=6|dead_zone=0.2|link_quality=0.5|n_missions=4|regime=jittery|rrf=60.0,H0,13,1922365360,6,60.0,4,jittery,0.2,0.5,2.0,1.0,0.5,0.25,0.0,0.8333333333333334,0.7619047619047619,2.25,0.8333333333333334,0.7619047619047619,,,4.0,0.0,0.0,0.0,0.0,0.0,6.0,60.0,4.0,0.27307975,0.3556666666666667,0.6959109902381897,0.9873481875,0.9345,0.2670276165008545,0.9873481875,0.7142684375000001,5.0,4.0,0.9,ok,21.201868772506717,
N=6|dead_zone=0.2|link_quality=0.5|n_missions=4|regime=jittery|rrf=60.0,H1,13,1922365360,6,60.0,4,jittery,0.2,0.5,1.0,0.75,0.25,0.0,0.0,1.0,0.9906367041198502,2.578262426139828,0.5,0.4444444444444444,0.75,1.2,3.0,4.0,0.0,5.0,3.75,13.78541886806488,6.0,60.0,4.0,0.27307975,0.3556666666666667,0.6959109902381897,0.976731125,0.8321666666666667,0.4131548404693603,0.976731125,0.703651375,4.0,,0.9,ok,73.07066941261292,
N=6|dead_zone=0.2|link_quality=0.5|n_missions=4|regime=jittery|rrf=60.0,H0,14,1628692899,6,60.0,4,jittery,0.2,0.5,1.5,1.0,0.5,0.0,0.0,0.3333333333333333,0.3,0.9182958340544896,0.3333333333333333,0.3,,,4.0,0.0,0.0,0.0,0.0,0.0,6.0,60.0,4.0,0.2666968125,0.3598333333333333,0.6959230303764343,0.9844946875,0.932,0.2884892523288727,0.9844946875,0.7177978749999999,5.0,4.0,0.9,ok,12.797086715698242,
N=6|dead_zone=0.2|link_quality=0.5|n_missions=4|regime=jittery|rrf=60.0,H1,14,1628692899,6,60.0,4,jittery,0.2,0.5,1.75,1.0,0.75,0.0,0.0,1.0,0.9780907668231612,2.5690255736436507,0.5,0.3888888888888889,1.0,1.2,4.0,4.0,0.0,5.0,5.0,14.010634541511536,6.0,60.0,4.0,0.2666968125,0.3598333333333333,0.6959230303764343,0.9816128125,0.8711666666666666,0.3579922020435333,0.9816128125,0.714916,5.0,,0.9,ok,68.55259895324707,
N=6|dead_zone=0.2|link_quality=0.5|n_missions=4|regime=jittery|rrf=60.0,H0,15,1543566816,6,60.0,4,jittery,0.2,0.5,1.75,0.75,0.75,0.25,0.0,0.6666666666666666,0.5444444444444444,1.8423709931771088,0.6666666666666666,0.5444444444444444,,,4.0,0.0,0.0,0.0,0.0,0.0,6.0,60.0,4.0,0.278595,0.3538333333333333,0.6958684921264648,0.9711101875,0.8525,0.4309826195240021,0.9711101875,0.6925151875,5.0,,0.9,ok,19.421866416931152,
N=6|dead_zone=0.2|link_quality=0.5|n_missions=4|regime=jittery|rrf=60.0,H1,15,1543566816,6,60.0,4,jittery,0.2,0.5,0.25,0.25,0.0,0.0,0.0,1.0,0.9877344877344876,2.575887571136407,0.1666666666666666,0.1666666666666666,0.25,1.5,1.0,4.0,0.0,4.0,1.0,9.798637092113497,6.0,60.0,4.0,0.278595,0.3538333333333333,0.6958684921264648,0.8851835,0.6933333333333334,0.6571398973464966,0.8851835,0.6065885,2.0,,0.9,ok,51.2881977558136,
N=6|dead_zone=0.2|link_quality=0.5|n_missions=4|regime=jittery|rrf=60.0,H0,16,1620327829,6,60.0,4,jittery,0.2,0.5,1.25,0.75,0.5,0.0,0.0,0.5,0.4629629629629629,1.521928094887362,0.5,0.4629629629629629,,,4.0,0.0,0.0,0.0,0.0,0.0,6.0,60.0,4.0,0.275575625,0.3593333333333333,0.6958796977996826,0.971253375,0.8896666666666667,0.4203362166881561,0.971253375,0.69567775,5.0,,0.9,ok,19.905104398727417,
N=6|dead_zone=0.2|link_quality=0.5|n_missions=4|regime=jittery|rrf=60.0,H1,16,1620327829,6,60.0,4,jittery,0.2,0.5,1.75,1.0,0.5,0.25,0.0,1.0,0.9970344009489917,2.5827423149511795,0.8333333333333334,0.7424242424242424,1.0,2.0,4.0,4.0,0.0,3.0,2.75,8.228121995925903,6.0,60.0,4.0,0.275575625,0.3593333333333333,0.6958796977996826,0.986807625,0.9076666666666666,0.2946479916572571,0.986807625,0.7112320000000001,5.0,4.0,0.9,ok,52.68038296699524,
N=6|dead_zone=0.2|link_quality=0.5|n_missions=4|regime=jittery|rrf=60.0,H0,17,3505550941,6,60.0,4,jittery,0.2,0.5,0.5,0.5,0.0,0.0,0.0,0.3333333333333333,0.3333333333333333,1.0,0.3333333333333333,0.3333333333333333,,,4.0,0.0,0.0,0.0,0.0,0.0,6.0,60.0,4.0,0.2686355624999999,0.3565,0.6958836317062378,0.927234,0.7893333333333333,0.5815033316612244,0.927234,0.6585984375,5.0,,0.9,ok,11.485817670822144,
N=6|dead_zone=0.2|link_quality=0.5|n_missions=4|regime=jittery|rrf=60.0,H1,17,3505550941,6,60.0,4,jittery,0.2,0.5,1.25,1.0,0.25,0.0,0.0,1.0,0.9973031283710896,2.583068887911025,0.6666666666666666,0.5952380952380952,1.0,1.5,4.0,4.0,0.0,4.0,4.0,11.713037252426147,6.0,60.0,4.0,0.2686355624999999,0.3565,0.6958836317062378,0.9822875625,0.8736666666666667,0.3197805881500244,0.9822875625,0.7136520000000002,5.0,,0.9,ok,62.83678460121155,
N=6|dead_zone=0.2|link_quality=0.5|n_missions=4|regime=jittery|rrf=60.0,H0,18,1879225268,6,60.0,4,jittery,0.2,0.5,0.75,0.5,0.25,0.0,0.0,0.3333333333333333,0.3,0.9182958340544896,0.3333333333333333,0.3,,,4.0,0.0,0.0,0.0,0.0,0.0,6.0,60.0,4.0,0.2646870625,0.3586666666666667,0.6959184408187866,0.966064875,0.8756666666666667,0.5719065070152283,0.966064875,0.7013778125000001,5.0,,0.9,ok,14.074867725372314,
N=6|dead_zone=0.2|link_quality=0.5|n_missions=4|regime=jittery|rrf=60.0,H1,18,1879225268,6,60.0,4,jittery,0.2,0.5,1.5,1.0,0.5,0.0,0.0,1.0,1.0,2.584962500721156,0.5,0.4285714285714285,1.0,1.7142857142857142,4.0,4.0,0.0,3.5,3.5,9.765413463115692,6.0,60.0,4.0,0.2646870625,0.3586666666666667,0.6959184408187866,0.985577875,0.9066666666666666,0.3196905553340912,0.985577875,0.7208908125,5.0,3.0,0.9,ok,51.00811958312988,
N=6|dead_zone=0.2|link_quality=0.5|n_missions=4|regime=jittery|rrf=60.0,H0,19,1863372093,6,60.0,4,jittery,0.2,0.5,0.5,0.5,0.0,0.0,0.0,0.3333333333333333,0.3333333333333333,1.0,0.3333333333333333,0.3333333333333333,,,4.0,0.0,0.0,0.0,0.0,0.0,6.0,60.0,4.0,0.280192875,0.3561666666666667,0.6958943605422974,0.9365786875,0.7961666666666667,0.5829651951789856,0.9365786875,0.6563858125,5.0,,0.9,ok,11.850817203521729,
N=6|dead_zone=0.2|link_quality=0.5|n_missions=4|regime=jittery|rrf=60.0,H1,19,1863372093,6,60.0,4,jittery,0.2,0.5,1.5,1.0,0.5,0.0,0.0,1.0,0.9950248756218906,2.5812908992306927,0.6666666666666666,0.6,1.0,2.0,4.0,4.0,0.0,3.0,3.0,8.989193320274353,6.0,60.0,4.0,0.280192875,0.3561666666666667,0.6958943605422974,0.9835151875,0.8991666666666667,0.307294100522995,0.9835151875,0.7033223125,5.0,,0.9,ok,51.54078388214111,
N=6|dead_zone=0.2|link_quality=0.7|n_missions=4|regime=jittery|rrf=60.0,H0,0,2292977861,6,60.0,4,jittery,0.2,0.7,1.25,0.75,0.5,0.0,0.0,0.6666666666666666,0.5952380952380952,1.9219280948873625,0.6666666666666666,0.5952380952380952,,,4.0,0.0,0.0,0.0,0.0,0.0,6.0,60.0,4.0,0.2537946875,0.356,0.6960034370422363,0.9796258125,0.8423333333333334,0.4069969058036804,0.9796258125,0.725831125,5.0,,0.9,ok,17.523670196533203,
N=6|dead_zone=0.2|link_quality=0.7|n_missions=4|regime=jittery|rrf=60.0,H1,0,2292977861,6,60.0,4,jittery,0.2,0.7,0.75,0.5,0.25,0.0,0.0,1.0,0.9818181818181818,2.571541671821925,0.3333333333333333,0.3,0.5,2.0,2.0,4.0,0.0,3.0,1.5,9.467977046966553,6.0,60.0,4.0,0.2537946875,0.356,0.6960034370422363,0.96554125,0.791,0.5986562371253967,0.96554125,0.7117465625,3.0,,0.9,ok,52.76580166816712,
N=6|dead_zone=0.2|link_quality=0.7|n_missions=4|regime=jittery|rrf=60.0,H0,1,88875009,6,60.0,4,jittery,0.2,0.7,2.25,1.0,0.5,0.25,0.0,0.8333333333333334,0.7105263157894737,2.197159723424149,0.8333333333333334,0.7105263157894737,,,4.0,0.0,0.0,0.0,0.0,0.0,6.0,60.0,4.0,0.2559814375,0.3561666666666667,0.6959878206253052,0.982039625,0.8585,0.3564293682575226,0.982039625,0.7260581875000001,5.0,,0.9,ok,25.52600646018982,
N=6|dead_zone=0.2|link_quality=0.7|n_missions=4|regime=jittery|rrf=60.0,H1,1,88875009,6,60.0,4,jittery,0.2,0.7,2.5,1.0,0.5,0.5,0.0,1.0,0.9970344009489917,2.5827423149511795,0.8333333333333334,0.7575757575757576,1.0,2.4,3.0,4.0,0.0,2.5,2.5,6.554232716560364,6.0,60.0,4.0,0.2559814375,0.3561666666666667,0.6959878206253052,0.97003825,0.8718333333333333,0.4409203231334686,0.97003825,0.7140568125000001,4.0,,0.9,ok,39.58180141448975,
N=6|dead_zone=0.2|link_quality=0.7|n_missions=4|regime=jittery|rrf=60.0,H0,2,3750655976,6,60.0,4,jittery,0.2,0.7,1.25,0.75,0.5,0.0,0.0,0.5,0.4629629629629629,1.521928094887362,0.5,0.4629629629629629,,,4.0,0.0,0.0,0.0,0.0,0.0,6.0,60.0,4.0,0.278595625,0.3548333333333333,0.6959072351455688,0.980801625,0.8171666666666667,0.4227710664272308,0.980801625,0.702206,5.0,,0.9,ok,24.131932020187374,
N=6|dead_zone=0.2|link_quality=0.7|n_missions=4|regime=jittery|rrf=60.0,H1,2,3750655976,6,60.0,4,jittery,0.2,0.7,1.75,1.0,0.5,0.25,0.0,1.0,1.0,2.584962500721156,0.8333333333333334,0.7424242424242424,1.0,1.5,4.0,4.0,0.0,4.0,4.0,10.62237173318863,6.0,60.0,4.0,0.278595625,0.3548333333333333,0.6959072351455688,0.9813325,0.9146666666666666,0.3207755088806152,0.9813325,0.702736875,5.0,2.0,0.9,ok,57.65152096748352,
N=6|dead_zone=0.2|link_quality=0.7|n_missions=4|regime=jittery|rrf=60.0,H0,3,877390609,6,60.0,4,jittery,0.2,0.7,3.0,1.0,1.0,1.0,0.0,0.8333333333333334,0.75,2.2295739585136225,0.8333333333333334,0.75,,,4.0,0.0,0.0,0.0,0.0,0.0,6.0,60.0,4.0,0.2516136875,0.359,0.6959902048110962,0.9870521875,0.9165,0.3216496706008911,0.9870521875,0.7354384999999999,5.0,4.0,0.9,ok,28.561787843704224,
N=6|dead_zone=0.2|link_quality=0.7|n_missions=4|regime=jittery|rrf=60.0,H1,3,877390609,6,60.0,4,jittery,0.2,0.7,2.25,1.0,0.75,0.5,0.0,1.0,0.9897360703812316,2.5771584416912265,0.6666666666666666,0.6428571428571429,1.0,1.263157894736842,4.0,4.0,0.0,4.75,4.75,12.461629688739777,6.0,60.0,4.0,0.2516136875,0.359,0.6959902048110962,0.9856786875,0.9033333333333332,0.3112379610538482,0.9856786875,0.7340649999999999,5.0,4.0,0.9,ok,61.47530364990234,
N=6|dead_zone=0.2|link_quality=0.7|n_missions=4|regime=jittery|rrf=60.0,H0,4,1153953262,6,60.0,4,jittery,0.2,0.7,2.5,1.0,1.0,0.5,0.0,0.6666666666666666,0.5555555555555556,1.8464393446710157,0.6666666666666666,0.5555555555555556,,,4.0,0.0,0.0,0.0,0.0,0.0,6.0,60.0,4.0,0.2789740625,0.3563333333333333,0.695881187915802,0.9890725625,0.9031666666666668,0.3167853057384491,0.9890725625,0.7100985,5.0,4.0,0.9,ok,18.791937112808228,
N=6|dead_zone=0.2|link_quality=0.7|n_missions=4|regime=jittery|rrf=60.0,H1,4,1153953262,6,60.0,4,jittery,0.2,0.7,2.5,1.0,1.0,0.25,0.0,1.0,0.9950248756218906,2.5812908992306927,0.8333333333333334,0.6944444444444444,1.0,1.6,4.0,4.0,0.0,3.75,4.0,8.875136613845825,6.0,60.0,4.0,0.2789740625,0.3563333333333333,0.695881187915802,0.9857293125,0.9143333333333332,0.2984001934528351,0.9857293125,0.7067552500000001,5.0,4.0,0.9,ok,48.01656556129456,
N=6|dead_zone=0.2|link_quality=0.7|n_missions=4|regime=jittery|rrf=60.0,H0,5,162897169,6,60.0,4,jittery,0.2,0.7,2.0,1.0,1.0,0.0,0.0,0.8333333333333334,0.7619047619047619,2.25,0.8333333333333334,0.7619047619047619,,,4.0,0.0,0.0,0.0,0.0,0.0,6.0,60.0,4.0,0.270531625,0.3555,0.6959048509597778,0.9869884375,0.9268333333333332,0.287753015756607,0.9869884375,0.7164568125000002,5.0,4.0,0.9,ok,21.269150733947757,
N=6|dead_zone=0.2|link_quality=0.7|n_missions=4|regime=jittery|rrf=60.0,H1,5,162897169,6,60.0,4,jittery,0.2,0.7,1.75,0.75,0.75,0.25,0.0,1.0,0.9908256880733946,2.578252086271541,0.6666666666666666,0.5444444444444444,0.75,2.0,2.0,4.0,0.0,3.0,2.25,7.886132895946503,6.0,60.0,4.0,0.270531625,0.3555,0.6959048509597778,0.934035,0.8495,0.5909590125083923,0.934035,0.6635033749999999,3.0,,0.9,ok,44.20767903327942,
N=6|dead_zone=0.2|link_quality=0.7|n_missions=4|regime=jittery|rrf=60.0,H0,6,621639508,6,60.0,4,jittery,0.2,0.7,2.5,1.0,0.75,0.5,0.0,0.8333333333333334,0.7575757575757576,2.246439344671016,0.8333333333333334,0.7575757575757576,,,4.0,0.0,0.0,0.0,0.0,0.0,6.0,60.0,4.0,0.2808125,0.358,0.695855975151062,0.9849789375,0.8925,0.3160751163959503,0.9849789375,0.7041664375,5.0,,0.9,ok,21.219945669174194,
N=6|dead_zone=0.2|link_quality=0.7|n_missions=4|regime=jittery|rrf=60.0,H1,6,621639508,6,60.0,4,jittery,0.2,0.7,1.75,0.75,0.75,0.25,0.0,1.0,0.9908256880733946,2.578252086271541,0.6666666666666666,0.6282051282051282,0.75,2.0,3.0,4.0,0.0,3.0,2.25,9.494035184383392,6.0,60.0,4.0,0.2808125,0.358,0.695855975151062,0.9708795,0.8136666666666666,0.4379554986953735,0.9708795,0.6900669999999999,4.0,,0.9,ok,51.09379315376282,
N=6|dead_zone=0.2|link_quality=0.7|n_missions=4|regime=jittery|rrf=60.0,H0,7,984548389,6,60.0,4,jittery,0.2,0.7,2.0,0.75,0.75,0.5,0.0,0.6666666666666666,0.5925925925925926,1.9056390622295665,0.6666666666666666,0.5925925925925926,,,4.0,0.0,0.0,0.0,0.0,0.0,6.0,60.0,4.0,0.2859865625,0.3565,0.6958166360855103,0.963965375,0.856,0.447647213935852,0.963965375,0.6779788124999999,5.0,,0.9,ok,21.414726734161377,
N=6|dead_zone=0.2|link_quality=0.7|n_missions=4|regime=jittery|rrf=60.0,H1,7,984548389,6,60.0,4,jittery,0.2,0.7,2.0,1.0,1.0,0.0,0.0,1.0,0.9950248756218906,2.5812908992306927,0.8333333333333334,0.6666666666666666,1.0,1.5,4.0,4.0,0.0,4.0,4.0,9.75640082359314,6.0,60.0,4.0,0.2859865625,0.3565,0.6958166360855103,0.98904125,0.9201666666666668,0.2801348567008972,0.98904125,0.7030546874999999,5.0,4.0,0.9,ok,53.22204637527466,
N=6|dead_zone=0.2|link_quality=0.7|n_missions=4|regime=jittery|rrf=60.0,H0,8,2097425949,6,60.0,4,jittery,0.2,0.7,1.5,0.75,0.5,0.25,0.0,0.6666666666666666,0.6,1.9182958340544896,0.6666666666666666,0.6,,,4.0,0.0,0.0,0.0,0.0,0.0,6.0,60.0,4.0,0.2753462499999999,0.3598333333333333,0.6959099769592285,0.96783975,0.8595,0.4339949190616607,0.96783975,0.6924935000000001,5.0,,0.9,ok,20.30584216117859,
N=6|dead_zone=0.2|link_quality=0.7|n_missions=4|regime=jittery|rrf=60.0,H1,8,2097425949,6,60.0,4,jittery,0.2,0.7,2.0,1.0,0.5,0.5,0.0,1.0,0.9897360703812316,2.577158441691227,0.6666666666666666,0.6666666666666666,1.0,1.2,4.0,4.0,0.0,5.0,5.0,12.270286202430723,6.0,60.0,4.0,0.2753462499999999,0.3598333333333333,0.6959099769592285,0.988219125,0.9016666666666666,0.3050898611545563,0.988219125,0.7128728750000002,5.0,4.0,0.9,ok,62.40599346160889,
N=6|dead_zone=0.2|link_quality=0.7|n_missions=4|regime=jittery|rrf=60.0,H0,9,372048703,6,60.0,4,jittery,0.2,0.7,2.75,1.0,1.0,0.25,0.0,0.8333333333333334,0.7469135802469136,2.231270254607576,0.8333333333333334,0.7469135802469136,,,4.0,0.0,0.0,0.0,0.0,0.0,6.0,60.0,4.0,0.2845273125000001,0.3596666666666667,0.6958492994308472,0.985455125,0.928,0.3003253638744354,0.985455125,0.7009278125,5.0,4.0,0.9,ok,28.28857922554016,
N=6|dead_zone=0.2|link_quality=0.7|n_missions=4|regime=jittery|rrf=60.0,H1,9,372048703,6,60.0,4,jittery,0.2,0.7,1.25,0.75,0.5,0.0,0.0,1.0,0.9970344009489917,2.5827423149511795,0.5,0.4629629629629629,0.75,1.5,3.0,4.0,0.0,4.0,3.0,10.170089721679688,6.0,60.0,4.0,0.2845273125000001,0.3596666666666667,0.6958492994308472,0.9676240000000004,0.8771666666666667,0.4230295419692993,0.9676240000000004,0.6830966875000002,4.0,,0.9,ok,56.23620581626892,
N=6|dead_zone=0.2|link_quality=0.7|n_missions=4|regime=jittery|rrf=60.0,H0,10,2899818832,6,60.0,4,jittery,0.2,0.7,2.25,1.0,0.75,0.25,0.0,0.6666666666666666,0.5869565217391305,1.8910611120726528,0.6666666666666666,0.5869565217391305,,,4.0,0.0,0.0,0.0,0.0,0.0,6.0,60.0,4.0,0.2608491875,0.3565,0.6959551572799683,0.984847625,0.92,0.3126765489578247,0.984847625,0.7239984374999999,5.0,4.0,0.9,ok,21.710164546966556,
N=6|dead_zone=0.2|link_quality=0.7|n_missions=4|regime=jittery|rrf=60.0,H1,10,2899818832,6,60.0,4,jittery,0.2,0.7,2.5,1.0,0.75,0.5,0.0,1.0,0.9950248756218906,2.5812908992306927,0.8333333333333334,0.7575757575757576,1.0,1.7142857142857142,4.0,4.0,0.0,3.5,3.75,9.632944107055664,6.0,60.0,4.0,0.2608491875,0.3565,0.6959551572799683,0.987877125,0.922,0.295075386762619,0.987877125,0.7270279374999999,5.0,3.0,0.9,ok,54.37651753425598,
N=6|dead_zone=0.2|link_quality=0.7|n_missions=4|regime=jittery|rrf=60.0,H0,11,4084312118,6,60.0,4,jittery,0.2,0.7,2.0,1.0,1.0,0.0,0.0,0.8333333333333334,0.6666666666666666,2.1556390622295662,0.8333333333333334,0.6666666666666666,,,4.0,0.0,0.0,0.0,0.0,0.0,6.0,60.0,4.0,0.2536408125,0.3603333333333333,0.6959702372550964,0.990209875,0.913,0.2733006477355957,0.990209875,0.7365690624999999,5.0,4.0,0.9,ok,23.921899557113647,
N=6|dead_zone=0.2|link_quality=0.7|n_missions=4|regime=jittery|rrf=60.0,H1,11,4084312118,6,60.0,4,jittery,0.2,0.7,1.75,1.0,0.5,0.25,0.0,1.0,0.9970344009489917,2.5827423149511795,0.6666666666666666,0.5444444444444444,1.0,2.0,4.0,4.0,0.0,3.0,3.0,9.24280172586441,6.0,60.0,4.0,0.2536408125,0.3603333333333333,0.6959702372550964,0.9888548125,0.9595,0.2992319762706756,0.9888548125,0.735214,5.0,3.0,0.9,ok,51.51385927200317,
N=6|dead_zone=0.2|link_quality=0.7|n_missions=4|regime=jittery|rrf=60.0,H0,12,3544990965,6,60.0,4,jittery,0.2,0.7,2.5,1.0,0.75,0.5,0.0,0.6666666666666666,0.5555555555555556,1.8464393446710157,0.6666666666666666,0.5555555555555556,,,4.0,0.0,0.0,0.0,0.0,0.0,6.0,60.0,4.0,0.2949881875,0.3605,0.69577556848526,0.9862549375,0.9175,0.3139111399650574,0.9862549375,0.69126675,5.0,4.0,0.9,ok,22.410622596740723,
N=6|dead_zone=0.2|link_quality=0.7|n_missions=4|regime=jittery|rrf=60.0,H1,12,3544990965,6,60.0,4,jittery,0.2,0.7,2.0,1.0,0.75,0.25,0.0,1.0,0.9970344009489917,2.5827423149511795,1.0,0.8888888888888888,1.0,2.0,4.0,4.0,0.0,3.0,3.0,8.48111206293106,6.0,60.0,4.0,0.2949881875,0.3605,0.69577556848526,0.988676375,0.9335,0.2822098135948181,0.988676375,0.6936881875,5.0,4.0,0.9,ok,46.70014667510986,
N=6|dead_zone=0.2|link_quality=0.7|n_missions=4|regime=jittery|rrf=60.0,H0,13,1753576128,6,60.0,4,jittery,0.2,0.7,2.0,0.75,0.75,0.5,0.0,0.6666666666666666,0.5333333333333333,1.811278124459133,0.6666666666666666,0.5333333333333333,,,4.0,0.0,0.0,0.0,0.0,0.0,6.0,60.0,4.0,0.2542135,0.3565,0.6959711313247681,0.971870625,0.8455,0.4216917753219604,0.971870625,0.717657125,5.0,,0.9,ok,21.21993494033813,
N=6|dead_zone=0.2|link_quality=0.7|n_missions=4|regime=jittery|rrf=60.0,H1,13,1753576128,6,60.0,4,jittery,0.2,0.7,1.25,0.5,0.5,0.25,0.0,1.0,1.0,2.584962500721156,0.6666666666666666,0.5952380952380952,0.5,1.5,2.0,4.0,0.0,4.0,2.0,9.318879783153534,6.0,60.0,4.0,0.2542135,0.3565,0.6959711313247681,0.9396955625,0.7813333333333333,0.5889765024185181,0.9396955625,0.6854820625,3.0,,0.9,ok,49.728925704956055,
N=6|dead_zone=0.2|link_quality=0.7|n_missions=4|regime=jittery|rrf=60.0,H0,14,1478423953,6,60.0,4,jittery,0.2,0.7,2.5,0.75,0.75,0.75,0.0,0.8333333333333334,0.6944444444444444,2.170950594454669,0.8333333333333334,0.6944444444444444,,,4.0,0.0,0.0,0.0,0.0,0.0,6.0,60.0,4.0,0.2921040625,0.3568333333333333,0.6957849264144897,0.96243075,0.8978333333333334,0.4306141436100006,0.96243075,0.6703266875,5.0,,0.9,ok,24.07047390937805,
N=6|dead_zone=0.2|link_quality=0.7|n_missions=4|regime=jittery|rrf=60.0,H1,14,1478423953,6,60.0,4,jittery,0.2,0.7,1.5,1.0,0.25,0.25,0.0,1.0,0.9970344009489917,2.5827423149511795,0.6666666666666666,0.5,1.0,2.0,4.0,4.0,0.0,3.0,3.0,8.910851538181305,6.0,60.0,4.0,0.2921040625,0.3568333333333333,0.6957849264144897,0.980108,0.9136666666666666,0.3014189600944519,0.980108,0.6880039375,5.0,4.0,0.9,ok,51.3857650756836,
N=6|dead_zone=0.2|link_quality=0.7|n_missions=4|regime=jittery|rrf=60.0,H0,15,1886600293,6,60.0,4,jittery,0.2,0.7,2.0,1.0,0.75,0.25,0.0,0.6666666666666666,0.4848484848484848,1.75,0.6666666666666666,0.4848484848484848,,,4.0,0.0,0.0,0.0,0.0,0.0,6.0,60.0,4.0,0.2641828125,0.3543333333333333,0.6959213614463806,0.9830869375000002,0.9161666666666668,0.3082620799541473,0.9830869375000002,0.7189041250000002,5.0,3.0,0.9,ok,19.629613876342773,
N=6|dead_zone=0.2|link_quality=0.7|n_missions=4|regime=jittery|rrf=60.0,H1,15,1886600293,6,60.0,4,jittery,0.2,0.7,3.0,1.0,1.0,0.75,0.0,1.0,1.0,2.584962500721156,1.0,0.75,1.0,1.5,4.0,4.0,0.0,4.0,4.0,8.959258079528809,6.0,60.0,4.0,0.2641828125,0.3543333333333333,0.6959213614463806,0.986479375,0.9186666666666666,0.3044617474079132,0.986479375,0.7222965625000001,5.0,2.0,0.9,ok,51.159316062927246,
N=6|dead_zone=0.2|link_quality=0.7|n_missions=4|regime=jittery|rrf=60.0,H0,16,2983319799,6,60.0,4,jittery,0.2,0.7,2.25,0.75,0.75,0.75,0.0,0.6666666666666666,0.5869565217391305,1.8910611120726528,0.6666666666666666,0.5869565217391305,,,4.0,0.0,0.0,0.0,0.0,0.0,6.0,60.0,4.0,0.2543665625,0.3585,0.6959823966026306,0.972977125,0.9013333333333332,0.4265280067920685,0.972977125,0.7186105625,5.0,3.0,0.9,ok,22.95878577232361,
N=6|dead_zone=0.2|link_quality=0.7|n_missions=4|regime=jittery|rrf=60.0,H1,16,2983319799,6,60.0,4,jittery,0.2,0.7,2.75,1.0,1.0,0.5,0.0,1.0,0.9970344009489917,2.5827423149511795,1.0,0.8768115942028986,1.0,2.0,3.0,4.0,0.0,3.0,3.0,8.642718195915222,6.0,60.0,4.0,0.2543665625,0.3585,0.6959823966026306,0.9820314375,0.8478333333333333,0.4123733341693878,0.9820314375,0.7276648749999999,4.0,,0.9,ok,48.314345598220825,
N=6|dead_zone=0.2|link_quality=0.7|n_missions=4|regime=jittery|rrf=60.0,H0,17,556839258,6,60.0,4,jittery,0.2,0.7,1.75,1.0,0.75,0.0,0.0,0.6666666666666666,0.5444444444444444,1.8423709931771084,0.6666666666666666,0.5444444444444444,,,4.0,0.0,0.0,0.0,0.0,0.0,6.0,60.0,4.0,0.260079375,0.358,0.6959485411643982,0.9806831875,0.8781666666666667,0.3408593237400055,0.9806831875,0.7206038124999999,5.0,,0.9,ok,20.49302649497986,
N=6|dead_zone=0.2|link_quality=0.7|n_missions=4|regime=jittery|rrf=60.0,H1,17,556839258,6,60.0,4,jittery,0.2,0.7,1.5,1.0,0.5,0.0,0.0,1.0,0.9950248756218906,2.5812908992306927,0.6666666666666666,0.6,1.0,1.5,4.0,4.0,0.0,4.0,4.0,11.106867909431458,6.0,60.0,4.0,0.260079375,0.358,0.6959485411643982,0.9727385625,0.9061666666666668,0.3173866868019104,0.9727385625,0.7126591875,5.0,4.0,0.9,ok,60.651102781295776,
N=6|dead_zone=0.2|link_quality=0.7|n_missions=4|regime=jittery|rrf=60.0,H0,18,163098764,6,60.0,4,jittery,0.2,0.7,2.5,1.0,1.0,0.5,0.0,0.6666666666666666,0.6410256410256411,1.9709505944546688,0.6666666666666666,0.6410256410256411,,,4.0,0.0,0.0,0.0,0.0,0.0,6.0,60.0,4.0,0.2691476249999999,0.3621666666666667,0.6958906054496765,0.984507625,0.9086666666666666,0.3027650415897369,0.984507625,0.7153600000000002,5.0,4.0,0.9,ok,19.932541131973267,
N=6|dead_zone=0.2|link_quality=0.7|n_missions=4|regime=jittery|rrf=60.0,H1,18,163098764,6,60.0,4,jittery,0.2,0.7,2.0,1.0,0.75,0.25,0.0,1.0,1.0,2.584962500721156,0.8333333333333334,0.7619047619047619,1.0,2.0,4.0,4.0,0.0,3.0,3.0,9.678798973560331,6.0,60.0,4.0,0.2691476249999999,0.3621666666666667,0.6958906054496765,0.9802968125,0.8998333333333334,0.3164146244525909,0.9802968125,0.7111491875000002,5.0,,0.9,ok,50.04256057739258,
N=6|dead_zone=0.2|link_quality=0.7|n_missions=4|regime=jittery|rrf=60.0,H0,19,667120907,6,60.0,4,jittery,0.2,0.7,1.75,0.75,0.75,0.25,0.0,0.8333333333333334,0.7424242424242424,2.235926350629033,0.8333333333333334,0.7424242424242424,,,4.0,0.0,0.0,0.0,0.0,0.0,6.0,60.0,4.0,0.2620181875,0.3601666666666667,0.6959212422370911,0.9721385625,0.8883333333333333,0.4302396774291992,0.9721385625,0.710120375,5.0,3.0,0.9,ok,19.761800289154053,
N=6|dead_zone=0.2|link_quality=0.7|n_missions=4|regime=jittery|rrf=60.0,H1,19,667120907,6,60.0,4,jittery,0.2,0.7,2.0,1.0,0.75,0.25,0.0,1.0,1.0,2.584962500721156,0.8333333333333334,0.7619047619047619,1.0,1.7142857142857142,4.0,4.0,0.0,3.5,3.75,10.317207157611849,6.0,60.0,4.0,0.2620181875,0.3601666666666667,0.6959212422370911,0.9845245625,0.908,0.308152824640274,0.9845245625,0.722506375,5.0,4.0,0.9,ok,54.85907816886902,
N=6|dead_zone=0.4|link_quality=0.3|n_missions=4|regime=jittery|rrf=60.0,H0,0,3753595226,6,60.0,4,jittery,0.4,0.3,0.75,0.5,0.25,0.0,0.0,0.3333333333333333,0.3,0.9182958340544896,0.3333333333333333,0.3,,,4.0,0.0,0.0,0.0,0.0,0.0,6.0,60.0,4.0,0.2536359375,0.3561666666666667,0.6959889531135559,0.91637275,0.8606666666666667,0.5874873995780945,0.91637275,0.6627368125,5.0,,0.9,ok,23.758832216262817,
N=6|dead_zone=0.4|link_quality=0.3|n_missions=4|regime=jittery|rrf=60.0,H1,0,3753595226,6,60.0,4,jittery,0.4,0.3,0.5,0.5,0.0,0.0,0.0,1.0,1.0,2.584962500721156,0.3333333333333333,0.3333333333333333,0.5,2.0,2.0,4.0,0.0,3.0,1.5,9.287188172340391,6.0,60.0,4.0,0.2536359375,0.3561666666666667,0.6959889531135559,0.9361478125,0.8266666666666667,0.5622178316116333,0.9361478125,0.6825118749999999,3.0,,0.9,ok,54.962077617645264,
N=6|dead_zone=0.4|link_quality=0.3|n_missions=4|regime=jittery|rrf=60.0,H0,1,1896068534,6,60.0,4,jittery,0.4,0.3,0.75,0.5,0.25,0.0,0.0,0.5,0.5,1.584962500721156,0.5,0.5,,,4.0,0.0,0.0,0.0,0.0,0.0,6.0,60.0,4.0,0.2539984375,0.356,0.6959640979766846,0.95858675,0.8656666666666667,0.5645017623901367,0.95858675,0.7045883125000001,5.0,,0.9,ok,19.49415707588196,
N=6|dead_zone=0.4|link_quality=0.3|n_missions=4|regime=jittery|rrf=60.0,H1,1,1896068534,6,60.0,4,jittery,0.4,0.3,0.75,0.5,0.25,0.0,0.0,1.0,0.9944903581267218,2.581030962756369,0.3333333333333333,0.3,0.5,1.5,2.0,4.0,0.0,4.0,2.0,10.228924572467804,6.0,60.0,4.0,0.2539984375,0.356,0.6959640979766846,0.9254454375,0.8036666666666666,0.5880654454231262,0.9254454375,0.6714469999999999,3.0,,0.9,ok,54.575796604156494,
N=6|dead_zone=0.4|link_quality=0.3|n_missions=4|regime=jittery|rrf=60.0,H0,2,1680729271,6,60.0,4,jittery,0.4,0.3,0.0,0.0,0.0,0.0,0.0,0.0,1.0,0.0,0.0,1.0,,,4.0,0.0,0.0,0.0,0.0,0.0,6.0,60.0,4.0,0.2515695,0.3548333333333333,0.6960079669952393,0.2515695,0.3548333333333333,0.6960079669952393,0.2515695,0.0,5.0,,0.9,ok,10.511960744857788,
N=6|dead_zone=0.4|link_quality=0.3|n_missions=4|regime=jittery|rrf=60.0,H1,2,1680729271,6,60.0,4,jittery,0.4,0.3,2.0,1.0,0.5,0.25,0.0,1.0,0.9941176470588236,2.5806899528060816,0.8333333333333334,0.7619047619047619,1.0,1.5,3.0,4.0,0.0,4.0,4.0,10.42932903766632,6.0,60.0,4.0,0.2515695,0.3548333333333333,0.6960079669952393,0.9608220625,0.8633333333333333,0.4659547805786133,0.9608220625,0.7092525625000001,4.0,,0.9,ok,56.21934247016907,
N=6|dead_zone=0.4|link_quality=0.3|n_missions=4|regime=jittery|rrf=60.0,H0,3,1476298190,6,60.0,4,jittery,0.4,0.3,1.75,1.0,0.5,0.25,0.0,0.6666666666666666,0.5444444444444444,1.8423709931771084,0.6666666666666666,0.5444444444444444,,,4.0,0.0,0.0,0.0,0.0,0.0,6.0,60.0,4.0,0.2565995,0.3563333333333333,0.6959789991378784,0.9880976875,0.893,0.3250167071819305,0.9880976875,0.7314981875,5.0,,0.9,ok,28.539554119110107,
N=6|dead_zone=0.4|link_quality=0.3|n_missions=4|regime=jittery|rrf=60.0,H1,3,1476298190,6,60.0,4,jittery,0.4,0.3,0.75,0.5,0.25,0.0,0.0,1.0,1.0,2.584962500721156,0.5,0.5,0.5,1.5,2.0,4.0,0.0,4.0,2.0,8.788312494754791,6.0,60.0,4.0,0.2565995,0.3563333333333333,0.6959789991378784,0.9459880625,0.7951666666666667,0.5835607647895813,0.9459880625,0.6893885625,3.0,,0.9,ok,51.065916776657104,
N=6|dead_zone=0.4|link_quality=0.3|n_missions=4|regime=jittery|rrf=60.0,H0,4,639645282,6,60.0,4,jittery,0.4,0.3,0.5,0.5,0.0,0.0,0.0,0.3333333333333333,0.3333333333333333,1.0,0.3333333333333333,0.3333333333333333,,,4.0,0.0,0.0,0.0,0.0,0.0,6.0,60.0,4.0,0.2460425625,0.3563333333333333,0.6960237622261047,0.965268875,0.7926666666666666,0.5546901226043701,0.965268875,0.7192263125,5.0,,0.9,ok,13.880906581878662,
N=6|dead_zone=0.4|link_quality=0.3|n_missions=4|regime=jittery|rrf=60.0,H1,4,639645282,6,60.0,4,jittery,0.4,0.3,1.25,0.75,0.5,0.0,0.0,1.0,1.0,2.584962500721156,0.5,0.4629629629629629,0.75,1.6,3.0,4.0,0.0,3.75,2.5,10.233726859092712,6.0,60.0,4.0,0.2460425625,0.3563333333333333,0.6960237622261047,0.9756945,0.8148333333333333,0.421405017375946,0.9756945,0.7296519374999999,4.0,2.0,0.9,ok,58.253772020339966,
N=6|dead_zone=0.4|link_quality=0.3|n_missions=4|regime=jittery|rrf=60.0,H0,5,271603714,6,60.0,4,jittery,0.4,0.3,0.75,0.75,0.0,0.0,0.0,0.3333333333333333,0.3,0.9182958340544896,0.3333333333333333,0.3,,,4.0,0.0,0.0,0.0,0.0,0.0,6.0,60.0,4.0,0.2613041875,0.3565,0.695954442024231,0.9730149375,0.8143333333333334,0.4363031387329101,0.9730149375,0.7117107500000002,5.0,,0.9,ok,13.49006462097168,
N=6|dead_zone=0.4|link_quality=0.3|n_missions=4|regime=jittery|rrf=60.0,H1,5,271603714,6,60.0,4,jittery,0.4,0.3,0.75,0.5,0.25,0.0,0.0,1.0,0.993127147766323,2.5798634010685344,0.5,0.5,0.5,1.5,2.0,4.0,0.0,4.0,2.0,8.474722027778625,6.0,60.0,4.0,0.2613041875,0.3565,0.695954442024231,0.9158838125,0.7545,0.5990721583366394,0.9158838125,0.654579625,3.0,,0.9,ok,50.14004397392273,
N=6|dead_zone=0.4|link_quality=0.3|n_missions=4|regime=jittery|rrf=60.0,H0,6,735936602,6,60.0,4,jittery,0.4,0.3,1.5,0.75,0.5,0.25,0.0,0.6666666666666666,0.6,1.9182958340544896,0.6666666666666666,0.6,,,4.0,0.0,0.0,0.0,0.0,0.0,6.0,60.0,4.0,0.258664375,0.3605,0.6959760785102844,0.9755031875,0.8695,0.4295424818992615,0.9755031875,0.7168388125,5.0,2.0,0.9,ok,21.011181354522705,
N=6|dead_zone=0.4|link_quality=0.3|n_missions=4|regime=jittery|rrf=60.0,H1,6,735936602,6,60.0,4,jittery,0.4,0.3,1.75,0.75,0.75,0.25,0.0,1.0,0.9950248756218906,2.581290899230692,0.8333333333333334,0.7424242424242424,0.75,1.5,3.0,4.0,0.0,4.0,3.0,9.645497381687164,6.0,60.0,4.0,0.258664375,0.3605,0.6959760785102844,0.97695725,0.9051666666666668,0.4416848123073578,0.97695725,0.7182928749999999,4.0,3.0,0.9,ok,60.08117437362671,
N=6|dead_zone=0.4|link_quality=0.3|n_missions=4|regime=jittery|rrf=60.0,H0,7,4126980074,6,60.0,4,jittery,0.4,0.3,0.75,0.75,0.0,0.0,0.0,0.3333333333333333,0.3,0.9182958340544896,0.3333333333333333,0.3,,,4.0,0.0,0.0,0.0,0.0,0.0,6.0,60.0,4.0,0.2601854375,0.3576666666666667,0.6959705948829651,0.967652,0.9066666666666666,0.4612176418304443,0.967652,0.7074665625000001,5.0,4.0,0.9,ok,16.268127918243408,
N=6|dead_zone=0.4|link_quality=0.3|n_missions=4|regime=jittery|rrf=60.0,H1,7,4126980074,6,60.0,4,jittery,0.4,0.3,1.25,0.75,0.25,0.25,0.0,1.0,0.9818181818181818,2.571541671821925,0.5,0.4629629629629629,0.75,1.5,3.0,4.0,0.0,4.0,3.0,9.72203129529953,6.0,60.0,4.0,0.2601854375,0.3576666666666667,0.6959705948829651,0.967427,0.8196666666666667,0.4760496318340301,0.967427,0.7072415625,4.0,,0.9,ok,60.14040732383728,
N=6|dead_zone=0.4|link_quality=0.3|n_missions=4|regime=jittery|rrf=60.0,H0,8,1920926220,6,60.0,4,jittery,0.4,0.3,0.5,0.5,0.0,0.0,0.0,0.1666666666666666,0.1666666666666666,0.0,0.1666666666666666,0.1666666666666666,,,4.0,0.0,0.0,0.0,0.0,0.0,6.0,60.0,4.0,0.2725381875,0.3565,0.6958916783332825,0.9564713125,0.8328333333333333,0.5514137148857117,0.9564713125,0.683933125,5.0,,0.9,ok,15.493862390518188,
N=6|dead_zone=0.4|link_quality=0.3|n_missions=4|regime=jittery|rrf=60.0,H1,8,1920926220,6,60.0,4,jittery,0.4,0.3,0.5,0.25,0.25,0.0,0.0,1.0,0.9963609898107716,2.5824166230333305,0.3333333333333333,0.3333333333333333,0.25,1.2,1.0,4.0,0.0,5.0,1.25,10.346790134906769,6.0,60.0,4.0,0.2725381875,0.3565,0.6958916783332825,0.7761668749999999,0.7976666666666666,0.6784348487854004,0.7761668749999999,0.5036286875,2.0,,0.9,ok,58.60114550590515,
N=6|dead_zone=0.4|link_quality=0.3|n_missions=4|regime=jittery|rrf=60.0,H0,9,167682513,6,60.0,4,jittery,0.4,0.3,0.5,0.5,0.0,0.0,0.0,0.3333333333333333,0.3333333333333333,1.0,0.3333333333333333,0.3333333333333333,,,4.0,0.0,0.0,0.0,0.0,0.0,6.0,60.0,4.0,0.2625396875,0.3603333333333333,0.6959545612335205,0.9255436250000002,0.7888333333333334,0.5778775215148926,0.9255436250000002,0.6630039375000002,5.0,,0.9,ok,15.0598623752594,
N=6|dead_zone=0.4|link_quality=0.3|n_missions=4|regime=jittery|rrf=60.0,H1,9,167682513,6,60.0,4,jittery,0.4,0.3,3.0,1.0,1.0,0.75,0.0,1.0,0.9970344009489917,2.5827423149511795,0.8333333333333334,0.7058823529411765,1.0,1.5,4.0,4.0,0.0,4.0,4.0,10.106487452983856,6.0,60.0,4.0,0.2625396875,0.3603333333333333,0.6959545612335205,0.981822125,0.8911666666666667,0.3082674443721771,0.981822125,0.7192824375000001,5.0,,0.9,ok,54.12226343154907,
N=6|dead_zone=0.4|link_quality=0.3|n_missions=4|regime=jittery|rrf=60.0,H0,10,4117651404,6,60.0,4,jittery,0.4,0.3,1.25,1.0,0.25,0.0,0.0,0.5,0.4629629629629629,1.521928094887362,0.5,0.4629629629629629,,,4.0,0.0,0.0,0.0,0.0,0.0,6.0,60.0,4.0,0.2651886249999999,0.3596666666666667,0.6959508657455444,0.97952425,0.8625,0.3493430614471435,0.97952425,0.714335625,5.0,,0.9,ok,19.504795789718628,
N=6|dead_zone=0.4|link_quality=0.3|n_missions=4|regime=jittery|rrf=60.0,H1,10,4117651404,6,60.0,4,jittery,0.4,0.3,1.5,1.0,0.5,0.0,0.0,1.0,0.9970344009489917,2.5827423149511795,0.6666666666666666,0.6,1.0,1.7142857142857142,4.0,4.0,0.0,3.5,3.5,9.969190895557404,6.0,60.0,4.0,0.2651886249999999,0.3596666666666667,0.6959508657455444,0.986284,0.9036666666666666,0.3073199391365051,0.986284,0.721095375,5.0,4.0,0.9,ok,54.20484375953674,
N=6|dead_zone=0.4|link_quality=0.3|n_missions=4|regime=jittery|rrf=60.0,H0,11,3398301431,6,60.0,4,jittery,0.4,0.3,0.25,0.25,0.0,0.0,0.0,0.1666666666666666,0.1666666666666666,0.0,0.1666666666666666,0.1666666666666666,,,4.0,0.0,0.0,0.0,0.0,0.0,6.0,60.0,4.0,0.283218625,0.3556666666666667,0.695833683013916,0.780221625,0.6666666666666666,0.669966459274292,0.780221625,0.497003,5.0,,0.9,ok,12.955309867858888,
N=6|dead_zone=0.4|link_quality=0.3|n_missions=4|regime=jittery|rrf=60.0,H1,11,3398301431,6,60.0,4,jittery,0.4,0.3,1.75,0.75,0.75,0.25,0.0,1.0,0.993127147766323,2.5798634010685344,0.6666666666666666,0.5444444444444444,0.75,2.0,3.0,4.0,0.0,3.0,2.25,9.251659095287325,6.0,60.0,4.0,0.283218625,0.3556666666666667,0.695833683013916,0.967993375,0.8765,0.4427838623523712,0.967993375,0.6847747500000001,4.0,,0.9,ok,51.15214157104492,
N=6|dead_zone=0.4|link_quality=0.3|n_missions=4|regime=jittery|rrf=60.0,H0,12,3631430053,6,60.0,4,jittery,0.4,0.3,0.75,0.5,0.25,0.0,0.0,0.3333333333333333,0.3,0.9182958340544896,0.3333333333333333,0.3,,,4.0,0.0,0.0,0.0,0.0,0.0,6.0,60.0,4.0,0.2610621875,0.3568333333333333,0.6959190964698792,0.937010375,0.8861666666666667,0.5858647227287292,0.937010375,0.6759481875000001,5.0,,0.9,ok,15.015949487686155,
N=6|dead_zone=0.4|link_quality=0.3|n_missions=4|regime=jittery|rrf=60.0,H1,12,3631430053,6,60.0,4,jittery,0.4,0.3,0.5,0.5,0.0,0.0,0.0,1.0,0.978319783197832,2.569231462343037,0.3333333333333333,0.3333333333333333,0.5,1.5,2.0,4.0,0.0,4.0,2.0,11.53387838602066,6.0,60.0,4.0,0.2610621875,0.3568333333333333,0.6959190964698792,0.9420144375,0.7945,0.5796465873718262,0.9420144375,0.68095225,3.0,,0.9,ok,64.3944582939148,
N=6|dead_zone=0.4|link_quality=0.3|n_missions=4|regime=jittery|rrf=60.0,H0,13,339328397,6,60.0,4,jittery,0.4,0.3,0.5,0.5,0.0,0.0,0.0,0.3333333333333333,0.3333333333333333,1.0,0.3333333333333333,0.3333333333333333,,,4.0,0.0,0.0,0.0,0.0,0.0,6.0,60.0,4.0,0.2708839375,0.3565,0.6959108114242554,0.9443335625,0.8025,0.5793195366859436,0.9443335625,0.6734496249999999,5.0,,0.9,ok,15.238373756408691,
N=6|dead_zone=0.4|link_quality=0.3|n_missions=4|regime=jittery|rrf=60.0,H1,13,339328397,6,60.0,4,jittery,0.4,0.3,0.5,0.5,0.0,0.0,0.0,1.0,0.993127147766323,2.579863401068534,0.3333333333333333,0.3333333333333333,0.5,2.0,2.0,4.0,0.0,3.0,1.5,7.475108742713928,6.0,60.0,4.0,0.2708839375,0.3565,0.6959108114242554,0.936808625,0.837,0.574110746383667,0.936808625,0.6659246875,3.0,,0.9,ok,47.27117729187012,
N=6|dead_zone=0.4|link_quality=0.3|n_missions=4|regime=jittery|rrf=60.0,H0,14,2053311178,6,60.0,4,jittery,0.4,0.3,0.25,0.25,0.0,0.0,0.0,0.1666666666666666,0.1666666666666666,0.0,0.1666666666666666,0.1666666666666666,,,4.0,0.0,0.0,0.0,0.0,0.0,6.0,60.0,4.0,0.2552105,0.3578333333333333,0.6959718465805054,0.7639542500000001,0.7858333333333334,0.6706238389015198,0.7639542500000001,0.50874375,5.0,,0.9,ok,12.364695072174072,
N=6|dead_zone=0.4|link_quality=0.3|n_missions=4|regime=jittery|rrf=60.0,H1,14,2053311178,6,60.0,4,jittery,0.4,0.3,1.25,0.75,0.25,0.25,0.0,1.0,0.9863387978142076,2.5746737280146283,0.6666666666666666,0.5952380952380952,0.75,2.0,3.0,4.0,0.0,3.0,2.25,8.744004309177399,6.0,60.0,4.0,0.2552105,0.3578333333333333,0.6959718465805054,0.9711616875,0.9068333333333334,0.4401117265224457,0.9711616875,0.7159511875,4.0,3.0,0.9,ok,56.221519231796265,
N=6|dead_zone=0.4|link_quality=0.3|n_missions=4|regime=jittery|rrf=60.0,H0,15,4257253500,6,60.0,4,jittery,0.4,0.3,0.75,0.5,0.25,0.0,0.0,0.5,0.5,1.584962500721156,0.5,0.5,,,4.0,0.0,0.0,0.0,0.0,0.0,6.0,60.0,4.0,0.265001,0.3563333333333333,0.6959393620491028,0.94016525,0.814,0.5782372355461121,0.94016525,0.6751642500000001,5.0,,0.9,ok,17.945393085479736,
N=6|dead_zone=0.4|link_quality=0.3|n_missions=4|regime=jittery|rrf=60.0,H1,15,4257253500,6,60.0,4,jittery,0.4,0.3,2.25,0.75,0.75,0.5,0.0,1.0,0.9970344009489917,2.5827423149511795,0.8333333333333334,0.7105263157894737,0.75,1.5,2.0,4.0,0.0,4.0,3.0,9.192708373069763,6.0,60.0,4.0,0.265001,0.3563333333333333,0.6959393620491028,0.9465666875,0.7928333333333333,0.5817208886146545,0.9465666875,0.6815656875,3.0,,0.9,ok,60.83129787445069,
N=6|dead_zone=0.4|link_quality=0.3|n_missions=4|regime=jittery|rrf=60.0,H0,16,2083683783,6,60.0,4,jittery,0.4,0.3,0.5,0.5,0.0,0.0,0.0,0.3333333333333333,0.3333333333333333,1.0,0.3333333333333333,0.3333333333333333,,,4.0,0.0,0.0,0.0,0.0,0.0,6.0,60.0,4.0,0.274008,0.3573333333333333,0.6959039568901062,0.9548243125,0.9101666666666668,0.5671641826629639,0.9548243125,0.6808163125,5.0,4.0,0.9,ok,14.609734296798706,
N=6|dead_zone=0.4|link_quality=0.3|n_missions=4|regime=jittery|rrf=60.0,H1,16,2083683783,6,60.0,4,jittery,0.4,0.3,0.5,0.25,0.25,0.0,0.0,1.0,1.0,2.584962500721156,0.3333333333333333,0.3333333333333333,0.25,2.0,1.0,4.0,0.0,3.0,0.75,6.474236845970154,6.0,60.0,4.0,0.274008,0.3573333333333333,0.6959039568901062,0.8402856875,0.8123333333333334,0.6756152510643005,0.8402856875,0.5662776875,2.0,,0.9,ok,43.72190189361572,
N=6|dead_zone=0.4|link_quality=0.3|n_missions=4|regime=jittery|rrf=60.0,H0,17,2944623914,6,60.0,4,jittery,0.4,0.3,0.5,0.5,0.0,0.0,0.0,0.1666666666666666,0.1666666666666666,0.0,0.1666666666666666,0.1666666666666666,,,4.0,0.0,0.0,0.0,0.0,0.0,6.0,60.0,4.0,0.264145125,0.3591666666666667,0.6959481835365295,0.9279875625,0.8423333333333334,0.5879195928573608,0.9279875625,0.6638424375,5.0,,0.9,ok,12.916202783584597,
N=6|dead_zone=0.4|link_quality=0.3|n_missions=4|regime=jittery|rrf=60.0,H1,17,2944623914,6,60.0,4,jittery,0.4,0.3,1.0,0.5,0.5,0.0,0.0,1.0,0.992248062015504,2.5794340029249647,0.5,0.4444444444444444,0.5,2.0,2.0,4.0,0.0,3.0,1.5,7.912533938884735,6.0,60.0,4.0,0.264145125,0.3591666666666667,0.6959481835365295,0.97092525,0.8503333333333334,0.5743783116340637,0.97092525,0.7067801250000001,3.0,,0.9,ok,47.60455846786499,
N=6|dead_zone=0.4|link_quality=0.3|n_missions=4|regime=jittery|rrf=60.0,H0,18,1863405,6,60.0,4,jittery,0.4,0.3,0.75,0.75,0.0,0.0,0.0,0.5,0.5,1.584962500721156,0.5,0.5,,,4.0,0.0,0.0,0.0,0.0,0.0,6.0,60.0,4.0,0.2591795625,0.3605,0.6959758996963501,0.969139,0.9153333333333332,0.4378365576267242,0.969139,0.7099594375,5.0,4.0,0.9,ok,22.8665132522583,
N=6|dead_zone=0.4|link_quality=0.3|n_missions=4|regime=jittery|rrf=60.0,H1,18,1863405,6,60.0,4,jittery,0.4,0.3,0.0,0.0,0.0,0.0,0.0,1.0,0.992248062015504,2.579434002924965,0.0,1.0,0.0,1.5,0.0,4.0,0.0,4.0,0.0,10.689458549022676,6.0,60.0,4.0,0.2591795625,0.3605,0.6959758996963501,0.2591795625,0.3605,0.6959758996963501,0.2591795625,0.0,1.0,,0.9,ok,56.72237944602966,
N=6|dead_zone=0.4|link_quality=0.3|n_missions=4|regime=jittery|rrf=60.0,H0,19,1123706994,6,60.0,4,jittery,0.4,0.3,1.25,1.0,0.25,0.0,0.0,0.3333333333333333,0.3205128205128205,0.9709505944546686,0.3333333333333333,0.3205128205128205,,,4.0,0.0,0.0,0.0,0.0,0.0,6.0,60.0,4.0,0.2493936875,0.3538333333333333,0.6959793567657471,0.9852815,0.9015,0.3223834931850433,0.9852815,0.7358878124999999,5.0,4.0,0.9,ok,19.0906503200531,
N=6|dead_zone=0.4|link_quality=0.3|n_missions=4|regime=jittery|rrf=60.0,H1,19,1123706994,6,60.0,4,jittery,0.4,0.3,2.0,0.75,0.75,0.5,0.0,1.0,0.9863813229571984,2.5744957240833592,0.6666666666666666,0.5925925925925926,0.75,1.5,3.0,4.0,0.0,4.0,3.0,8.965645670890808,6.0,60.0,4.0,0.2493936875,0.3538333333333333,0.6959793567657471,0.969612625,0.9241666666666668,0.445979505777359,0.969612625,0.7202189375,4.0,3.0,0.9,ok,50.88978958129883,
N=6|dead_zone=0.4|link_quality=0.5|n_missions=4|regime=jittery|rrf=60.0,H0,0,2544675704,6,60.0,4,jittery,0.4,0.5,0.75,0.5,0.25,0.0,0.0,0.3333333333333333,0.3,0.9182958340544896,0.3333333333333333,0.3,,,4.0,0.0,0.0,0.0,0.0,0.0,6.0,60.0,4.0,0.2661639999999999,0.3593333333333333,0.6959033012390137,0.95727125,0.8273333333333334,0.5884853005409241,0.95727125,0.69110725,5.0,,0.9,ok,12.041151523590088,
N=6|dead_zone=0.4|link_quality=0.5|n_missions=4|regime=jittery|rrf=60.0,H1,0,2544675704,6,60.0,4,jittery,0.4,0.5,0.75,0.5,0.25,0.0,0.0,1.0,0.9963609898107716,2.5824166230333305,0.3333333333333333,0.3,0.5,1.5,2.0,4.0,0.0,4.0,2.0,10.763574540615082,6.0,60.0,4.0,0.2661639999999999,0.3593333333333333,0.6959033012390137,0.95045575,0.8311666666666667,0.5696544647216797,0.95045575,0.68429175,3.0,,0.9,ok,60.07441544532776,
N=6|dead_zone=0.4|link_quality=0.5|n_missions=4|regime=jittery|rrf=60.0,H0,1,1047897470,6,60.0,4,jittery,0.4,0.5,1.5,1.0,0.5,0.0,0.0,0.5,0.5,1.584962500721156,0.5,0.5,,,4.0,0.0,0.0,0.0,0.0,0.0,6.0,60.0,4.0,0.26132875,0.3598333333333333,0.6959125995635986,0.987301375,0.9403333333333334,0.3127765655517578,0.987301375,0.725972625,5.0,2.0,0.9,ok,17.305452823638916,
N=6|dead_zone=0.4|link_quality=0.5|n_missions=4|regime=jittery|rrf=60.0,H1,1,1047897470,6,60.0,4,jittery,0.4,0.5,1.0,0.5,0.5,0.0,0.0,1.0,1.0,2.584962500721156,0.5,0.4444444444444444,0.5,1.411764705882353,2.0,4.0,0.0,4.25,2.5,9.37921106815338,6.0,60.0,4.0,0.26132875,0.3598333333333333,0.6959125995635986,0.9403640625,0.898,0.543249249458313,0.9403640625,0.6790353125,3.0,,0.9,ok,54.51633429527283,
N=6|dead_zone=0.4|link_quality=0.5|n_missions=4|regime=jittery|rrf=60.0,H0,2,2768330049,6,60.0,4,jittery,0.4,0.5,0.25,0.25,0.0,0.0,0.0,0.1666666666666666,0.1666666666666666,0.0,0.1666666666666666,0.1666666666666666,,,4.0,0.0,0.0,0.0,0.0,0.0,6.0,60.0,4.0,0.27922025,0.3541666666666667,0.6958653330802917,0.8639116875,0.8053333333333333,0.6737599968910217,0.8639116875,0.5846914375000001,5.0,,0.9,ok,13.327887296676636,
N=6|dead_zone=0.4|link_quality=0.5|n_missions=4|regime=jittery|rrf=60.0,H1,2,2768330049,6,60.0,4,jittery,0.4,0.5,2.75,1.0,1.0,0.5,0.0,1.0,0.9897360703812316,2.577158441691227,1.0,0.8768115942028986,1.0,1.2,3.0,4.0,0.0,5.0,5.0,10.505521059036257,6.0,60.0,4.0,0.27922025,0.3541666666666667,0.6958653330802917,0.9549410625,0.8686666666666667,0.4493987560272217,0.9549410625,0.6757208125,4.0,,0.9,ok,59.60927557945252,
N=6|dead_zone=0.4|link_quality=0.5|n_missions=4|regime=jittery|rrf=60.0,H0,3,959927020,6,60.0,4,jittery,0.4,0.5,1.0,1.0,0.0,0.0,0.0,0.3333333333333333,0.2666666666666666,0.8112781244591328,0.3333333333333333,0.2666666666666666,,,4.0,0.0,0.0,0.0,0.0,0.0,6.0,60.0,4.0,0.2568480625,0.3545,0.6959741115570068,0.985222375,0.8831666666666667,0.3133193850517273,0.985222375,0.7283743125,5.0,,0.9,ok,14.90214729309082,
N=6|dead_zone=0.4|link_quality=0.5|n_missions=4|regime=jittery|rrf=60.0,H1,3,959927020,6,60.0,4,jittery,0.4,0.5,1.5,0.75,0.5,0.25,0.0,1.0,0.9829931972789115,2.5727582563571767,0.6666666666666666,0.6,0.75,1.5,3.0,4.0,0.0,4.0,3.0,9.596236765384674,6.0,60.0,4.0,0.2568480625,0.3545,0.6959741115570068,0.966354375,0.8611666666666666,0.4312016665935516,0.966354375,0.7095063125,4.0,2.0,0.9,ok,51.72636222839356,
N=6|dead_zone=0.4|link_quality=0.5|n_missions=4|regime=jittery|rrf=60.0,H0,4,3214064870,6,60.0,4,jittery,0.4,0.5,1.5,0.75,0.5,0.25,0.0,0.5,0.5,1.584962500721156,0.5,0.5,,,4.0,0.0,0.0,0.0,0.0,0.0,6.0,60.0,4.0,0.261634125,0.357,0.6959341764450073,0.9753975625,0.8265,0.4259105324745178,0.9753975625,0.7137634374999999,5.0,,0.9,ok,16.370586395263672,
N=6|dead_zone=0.4|link_quality=0.5|n_missions=4|regime=jittery|rrf=60.0,H1,4,3214064870,6,60.0,4,jittery,0.4,0.5,2.75,1.0,1.0,0.5,0.0,1.0,0.9973031283710896,2.583068887911025,0.8333333333333334,0.6954022988505747,1.0,1.5,4.0,4.0,0.0,4.0,3.75,10.399032235145569,6.0,60.0,4.0,0.261634125,0.357,0.6959341764450073,0.9867505,0.9228333333333332,0.3026559352874756,0.9867505,0.725116375,5.0,3.0,0.9,ok,58.41006255149841,
N=6|dead_zone=0.4|link_quality=0.5|n_missions=4|regime=jittery|rrf=60.0,H0,5,3768096270,6,60.0,4,jittery,0.4,0.5,1.5,1.0,0.5,0.0,0.0,0.5,0.4285714285714285,1.4591479170272448,0.5,0.4285714285714285,,,4.0,0.0,0.0,0.0,0.0,0.0,6.0,60.0,4.0,0.261251125,0.3576666666666667,0.6959161758422852,0.9873246250000002,0.8978333333333334,0.3121210634708404,0.9873246250000002,0.7260735000000001,5.0,,0.9,ok,17.2266948223114,
N=6|dead_zone=0.4|link_quality=0.5|n_missions=4|regime=jittery|rrf=60.0,H1,5,3768096270,6,60.0,4,jittery,0.4,0.5,1.75,0.75,0.75,0.25,0.0,1.0,0.9918032786885246,2.578992712198113,0.6666666666666666,0.6282051282051282,0.75,2.0,3.0,4.0,0.0,3.0,2.25,8.698451280593872,6.0,60.0,4.0,0.261251125,0.3576666666666667,0.6959161758422852,0.95946,0.839,0.4273262619972229,0.95946,0.698208875,4.0,,0.9,ok,50.35490965843201,
N=6|dead_zone=0.4|link_quality=0.5|n_missions=4|regime=jittery|rrf=60.0,H0,6,44498162,6,60.0,4,jittery,0.4,0.5,1.0,0.75,0.25,0.0,0.0,0.5,0.4444444444444444,1.5,0.5,0.4444444444444444,,,4.0,0.0,0.0,0.0,0.0,0.0,6.0,60.0,4.0,0.2522096874999999,0.3583333333333333,0.6959929466247559,0.982212625,0.9113333333333332,0.394324392080307,0.982212625,0.7300029375,5.0,3.0,0.9,ok,17.599050045013428,
N=6|dead_zone=0.4|link_quality=0.5|n_missions=4|regime=jittery|rrf=60.0,H1,6,44498162,6,60.0,4,jittery,0.4,0.5,1.75,0.75,0.5,0.25,0.0,1.0,0.9959349593495936,2.581896859914352,0.8333333333333334,0.7424242424242424,0.75,2.0,3.0,4.0,0.0,3.0,2.25,7.333196640014648,6.0,60.0,4.0,0.2522096874999999,0.3583333333333333,0.6959929466247559,0.979718875,0.8458333333333333,0.4306179881095886,0.979718875,0.7275091874999999,4.0,,0.9,ok,48.5419225692749,
N=6|dead_zone=0.4|link_quality=0.5|n_missions=4|regime=jittery|rrf=60.0,H0,7,1089721701,6,60.0,4,jittery,0.4,0.5,1.25,0.75,0.5,0.0,0.0,0.5,0.4629629629629629,1.521928094887362,0.5,0.4629629629629629,,,4.0,0.0,0.0,0.0,0.0,0.0,6.0,60.0,4.0,0.2759474375,0.3563333333333333,0.6959259510040283,0.983190125,0.869,0.4351516962051391,0.983190125,0.7072426875,5.0,,0.9,ok,15.989719152450562,
N=6|dead_zone=0.4|link_quality=0.5|n_missions=4|regime=jittery|rrf=60.0,H1,7,1089721701,6,60.0,4,jittery,0.4,0.5,1.5,1.0,0.5,0.0,0.0,1.0,0.9941176470588236,2.5806899528060816,0.6666666666666666,0.6,1.0,2.0,4.0,4.0,0.0,3.0,3.0,8.184650003910065,6.0,60.0,4.0,0.2759474375,0.3563333333333333,0.6959259510040283,0.9881022499999998,0.9521666666666668,0.2890859246253967,0.9881022499999998,0.7121548124999999,5.0,3.0,0.9,ok,49.6262047290802,
N=6|dead_zone=0.4|link_quality=0.5|n_missions=4|regime=jittery|rrf=60.0,H0,8,852568211,6,60.0,4,jittery,0.4,0.5,1.0,0.75,0.25,0.0,0.0,0.3333333333333333,0.3333333333333333,1.0,0.3333333333333333,0.3333333333333333,,,4.0,0.0,0.0,0.0,0.0,0.0,6.0,60.0,4.0,0.2744799375,0.3515,0.6959113478660583,0.9672358125,0.8935,0.4348345100879669,0.9672358125,0.692755875,5.0,,0.9,ok,13.970604658126833,
N=6|dead_zone=0.4|link_quality=0.5|n_missions=4|regime=jittery|rrf=60.0,H1,8,852568211,6,60.0,4,jittery,0.4,0.5,1.5,0.75,0.5,0.25,0.0,1.0,0.9958847736625516,2.582023940964276,0.5,0.5,0.75,1.2,2.0,4.0,0.0,5.0,3.75,11.445241451263428,6.0,60.0,4.0,0.2744799375,0.3515,0.6959113478660583,0.9304896875,0.8023333333333333,0.5818814039230347,0.9304896875,0.65600975,3.0,,0.9,ok,58.255937337875366,
N=6|dead_zone=0.4|link_quality=0.5|n_missions=4|regime=jittery|rrf=60.0,H0,9,2755116970,6,60.0,4,jittery,0.4,0.5,0.5,0.5,0.0,0.0,0.0,0.3333333333333333,0.3333333333333333,1.0,0.3333333333333333,0.3333333333333333,,,4.0,0.0,0.0,0.0,0.0,0.0,6.0,60.0,4.0,0.26195825,0.3551666666666667,0.6959208846092224,0.9258343125,0.7973333333333333,0.5729769468307495,0.9258343125,0.6638760625,5.0,,0.9,ok,14.498319387435911,
N=6|dead_zone=0.4|link_quality=0.5|n_missions=4|regime=jittery|rrf=60.0,H1,9,2755116970,6,60.0,4,jittery,0.4,0.5,1.5,1.0,0.5,0.0,0.0,1.0,1.0,2.584962500721156,0.5,0.5,1.0,1.5,4.0,4.0,0.0,4.0,4.0,11.988953173160551,6.0,60.0,4.0,0.26195825,0.3551666666666667,0.6959208846092224,0.9863619375,0.9066666666666666,0.3088963329792022,0.9863619375,0.7244036875,5.0,4.0,0.9,ok,61.59259581565857,
N=6|dead_zone=0.4|link_quality=0.5|n_missions=4|regime=jittery|rrf=60.0,H0,10,1196297180,6,60.0,4,jittery,0.4,0.5,0.75,0.75,0.0,0.0,0.0,0.3333333333333333,0.3,0.9182958340544896,0.3333333333333333,0.3,,,4.0,0.0,0.0,0.0,0.0,0.0,6.0,60.0,4.0,0.2521236249999999,0.3583333333333333,0.6959930062294006,0.9631158125,0.8171666666666667,0.4342507421970367,0.9631158125,0.7109921874999999,5.0,,0.9,ok,15.169493913650513,
N=6|dead_zone=0.4|link_quality=0.5|n_missions=4|regime=jittery|rrf=60.0,H1,10,1196297180,6,60.0,4,jittery,0.4,0.5,3.25,1.0,1.0,0.75,0.0,1.0,1.0,2.584962500721156,1.0,0.8047619047619048,1.0,1.5,4.0,4.0,0.0,4.0,4.0,9.93224275112152,6.0,60.0,4.0,0.2521236249999999,0.3583333333333333,0.6959930062294006,0.98654875,0.9133333333333332,0.3161981403827667,0.98654875,0.7344251249999999,5.0,4.0,0.9,ok,53.35848236083984,
N=6|dead_zone=0.4|link_quality=0.5|n_missions=4|regime=jittery|rrf=60.0,H0,11,155452644,6,60.0,4,jittery,0.4,0.5,1.0,0.75,0.25,0.0,0.0,0.5,0.4444444444444444,1.5,0.5,0.4444444444444444,,,4.0,0.0,0.0,0.0,0.0,0.0,6.0,60.0,4.0,0.248983125,0.3526666666666667,0.695993185043335,0.9747720625,0.888,0.4558338224887848,0.9747720625,0.7257889375,5.0,,0.9,ok,16.581871032714844,
N=6|dead_zone=0.4|link_quality=0.5|n_missions=4|regime=jittery|rrf=60.0,H1,11,155452644,6,60.0,4,jittery,0.4,0.5,1.25,0.75,0.25,0.25,0.0,1.0,0.9970344009489917,2.5827423149511795,0.5,0.3787878787878788,0.75,1.5,3.0,4.0,0.0,4.0,3.0,10.100750744342804,6.0,60.0,4.0,0.248983125,0.3526666666666667,0.695993185043335,0.9780646875,0.9153333333333332,0.4487017095088959,0.9780646875,0.7290815625,4.0,2.0,0.9,ok,52.73793458938599,
N=6|dead_zone=0.4|link_quality=0.5|n_missions=4|regime=jittery|rrf=60.0,H0,12,2965768413,6,60.0,4,jittery,0.4,0.5,1.75,1.0,0.5,0.25,0.0,0.6666666666666666,0.6282051282051282,1.9502120649147463,0.6666666666666666,0.6282051282051282,,,4.0,0.0,0.0,0.0,0.0,0.0,6.0,60.0,4.0,0.272618,0.3563333333333333,0.6958786845207214,0.98593,0.912,0.2921906411647796,0.98593,0.7133120000000001,5.0,4.0,0.9,ok,17.63433599472046,
N=6|dead_zone=0.4|link_quality=0.5|n_missions=4|regime=jittery|rrf=60.0,H1,12,2965768413,6,60.0,4,jittery,0.4,0.5,2.0,1.0,0.5,0.5,0.0,1.0,0.9950248756218906,2.5812908992306927,0.8333333333333334,0.6666666666666666,1.0,2.0,4.0,4.0,0.0,3.0,3.0,9.85910826921463,6.0,60.0,4.0,0.272618,0.3563333333333333,0.6958786845207214,0.990551875,0.8755,0.336471825838089,0.990551875,0.7179338749999999,5.0,,0.9,ok,51.7041437625885,
N=6|dead_zone=0.4|link_quality=0.5|n_missions=4|regime=jittery|rrf=60.0,H0,13,2746135771,6,60.0,4,jittery,0.4,0.5,1.5,1.0,0.5,0.0,0.0,0.6666666666666666,0.6,1.9182958340544896,0.6666666666666666,0.6,,,4.0,0.0,0.0,0.0,0.0,0.0,6.0,60.0,4.0,0.2791208125,0.357,0.6958795785903931,0.9862925625,0.9121666666666668,0.3175205588340759,0.9862925625,0.70717175,5.0,3.0,0.9,ok,18.31274914741516,
N=6|dead_zone=0.4|link_quality=0.5|n_missions=4|regime=jittery|rrf=60.0,H1,13,2746135771,6,60.0,4,jittery,0.4,0.5,2.0,1.0,0.75,0.25,0.0,1.0,0.9932432432432432,2.5800385460659063,0.8333333333333334,0.7619047619047619,1.0,1.5,4.0,4.0,0.0,4.0,4.0,11.326422154903412,6.0,60.0,4.0,0.2791208125,0.357,0.6958795785903931,0.9872280625,0.9341666666666668,0.2892089784145355,0.9872280625,0.7081072500000001,5.0,4.0,0.9,ok,56.94275999069214,
N=6|dead_zone=0.4|link_quality=0.5|n_missions=4|regime=jittery|rrf=60.0,H0,14,2309662305,6,60.0,4,jittery,0.4,0.5,0.5,0.5,0.0,0.0,0.0,0.1666666666666666,0.1666666666666666,0.0,0.1666666666666666,0.1666666666666666,,,4.0,0.0,0.0,0.0,0.0,0.0,6.0,60.0,4.0,0.2781938125,0.3581666666666667,0.6958943009376526,0.9501390625,0.8661666666666666,0.5782985091209412,0.9501390625,0.6719452499999998,5.0,,0.9,ok,8.773430585861206,
N=6|dead_zone=0.4|link_quality=0.5|n_missions=4|regime=jittery|rrf=60.0,H1,14,2309662305,6,60.0,4,jittery,0.4,0.5,1.25,1.0,0.25,0.0,0.0,1.0,0.9950248756218906,2.5812908992306927,0.5,0.3787878787878788,1.0,2.0,4.0,4.0,0.0,3.0,3.0,9.02202421426773,6.0,60.0,4.0,0.2781938125,0.3581666666666667,0.6958943009376526,0.9823525625,0.8998333333333334,0.319361001253128,0.9823525625,0.7041587499999999,5.0,,0.9,ok,47.824923515319824,
N=6|dead_zone=0.4|link_quality=0.5|n_missions=4|regime=jittery|rrf=60.0,H0,15,2103591158,6,60.0,4,jittery,0.4,0.5,1.5,0.75,0.5,0.25,0.0,0.6666666666666666,0.6,1.9182958340544891,0.6666666666666666,0.6,,,4.0,0.0,0.0,0.0,0.0,0.0,6.0,60.0,4.0,0.2454684375,0.3573333333333333,0.6960239410400391,0.9640136875,0.8681666666666666,0.4371376931667328,0.9640136875,0.71854525,5.0,2.0,0.9,ok,20.820465326309204,
N=6|dead_zone=0.4|link_quality=0.5|n_missions=4|regime=jittery|rrf=60.0,H1,15,2103591158,6,60.0,4,jittery,0.4,0.5,3.0,1.0,1.0,0.75,0.0,1.0,0.9970344009489917,2.5827423149511795,1.0,0.8571428571428571,1.0,1.5,4.0,4.0,0.0,4.0,3.75,9.02174949645996,6.0,60.0,4.0,0.2454684375,0.3573333333333333,0.6960239410400391,0.9854600625,0.911,0.3106116950511932,0.9854600625,0.739991625,5.0,4.0,0.9,ok,47.92358446121216,
N=6|dead_zone=0.4|link_quality=0.5|n_missions=4|regime=jittery|rrf=60.0,H0,16,3243895672,6,60.0,4,jittery,0.4,0.5,1.25,0.75,0.5,0.0,0.0,0.5,0.3787878787878788,1.3709505944546687,0.5,0.3787878787878788,,,4.0,0.0,0.0,0.0,0.0,0.0,6.0,60.0,4.0,0.295800625,0.3568333333333333,0.6958116292953491,0.9518023125,0.8851666666666667,0.4152012467384338,0.9518023125,0.6560016874999999,5.0,,0.9,ok,13.875943422317505,
N=6|dead_zone=0.4|link_quality=0.5|n_missions=4|regime=jittery|rrf=60.0,H1,16,3243895672,6,60.0,4,jittery,0.4,0.5,0.5,0.5,0.0,0.0,0.0,1.0,0.9959349593495936,2.581896859914352,0.3333333333333333,0.3333333333333333,0.5,1.5,2.0,4.0,0.0,4.0,2.0,8.851319670677185,6.0,60.0,4.0,0.295800625,0.3568333333333333,0.6958116292953491,0.929131875,0.8645,0.5615949034690857,0.929131875,0.6333312499999999,3.0,,0.9,ok,47.42827391624451,
N=6|dead_zone=0.4|link_quality=0.5|n_missions=4|regime=jittery|rrf=60.0,H0,17,260076146,6,60.0,4,jittery,0.4,0.5,0.5,0.5,0.0,0.0,0.0,0.3333333333333333,0.3333333333333333,1.0,0.3333333333333333,0.3333333333333333,,,4.0,0.0,0.0,0.0,0.0,0.0,6.0,60.0,4.0,0.275798875,0.3576666666666667,0.6958874464035034,0.9565261874999998,0.785,0.5848526358604431,0.9565261874999998,0.6807273124999998,5.0,,0.9,ok,11.499932765960692,
N=6|dead_zone=0.4|link_quality=0.5|n_missions=4|regime=jittery|rrf=60.0,H1,17,260076146,6,60.0,4,jittery,0.4,0.5,2.0,1.0,0.75,0.25,0.0,1.0,0.9970344009489917,2.5827423149511795,0.8333333333333334,0.7619047619047619,1.0,1.5,4.0,4.0,0.0,4.0,4.0,10.012203395366669,6.0,60.0,4.0,0.275798875,0.3576666666666667,0.6958874464035034,0.9841055625,0.9198333333333332,0.3116635382175445,0.9841055625,0.7083066875,5.0,4.0,0.9,ok,52.04045557975769,
N=6|dead_zone=0.4|link_quality=0.5|n_missions=4|regime=jittery|rrf=60.0,H0,18,1209378078,6,60.0,4,jittery,0.4,0.5,1.0,0.75,0.25,0.0,0.0,0.5,0.4444444444444444,1.5,0.5,0.4444444444444444,,,4.0,0.0,0.0,0.0,0.0,0.0,6.0,60.0,4.0,0.2502166875,0.359,0.6959874629974365,0.9756056875,0.8678333333333333,0.4124813377857208,0.9756056875,0.7253890000000001,5.0,,0.9,ok,13.771844387054443,
N=6|dead_zone=0.4|link_quality=0.5|n_missions=4|regime=jittery|rrf=60.0,H1,18,1209378078,6,60.0,4,jittery,0.4,0.5,2.0,1.0,0.75,0.25,0.0,1.0,0.9970344009489917,2.5827423149511795,0.8333333333333334,0.6666666666666666,1.0,2.0,4.0,4.0,0.0,3.0,3.0,9.160158812999724,6.0,60.0,4.0,0.2502166875,0.359,0.6959874629974365,0.9879995,0.8846666666666667,0.2948756515979767,0.9879995,0.7377828125,5.0,,0.9,ok,48.10003280639648,
N=6|dead_zone=0.4|link_quality=0.5|n_missions=4|regime=jittery|rrf=60.0,H0,19,469940108,6,60.0,4,jittery,0.4,0.5,1.75,0.75,0.5,0.25,0.0,0.6666666666666666,0.5444444444444444,1.8423709931771084,0.6666666666666666,0.5444444444444444,,,4.0,0.0,0.0,0.0,0.0,0.0,6.0,60.0,4.0,0.25858175,0.3541666666666667,0.6959366202354431,0.966972625,0.8875,0.4333361387252807,0.966972625,0.7083908750000001,5.0,,0.9,ok,20.784981727600098,
N=6|dead_zone=0.4|link_quality=0.5|n_missions=4|regime=jittery|rrf=60.0,H1,19,469940108,6,60.0,4,jittery,0.4,0.5,2.0,1.0,0.5,0.25,0.0,1.0,0.9941176470588236,2.580689952806082,0.6666666666666666,0.5925925925925926,1.0,1.5,4.0,4.0,0.0,4.0,3.75,8.737549841403961,6.0,60.0,4.0,0.25858175,0.3541666666666667,0.6959366202354431,0.9830735625,0.9421666666666668,0.2681247591972351,0.9830735625,0.7244918124999999,5.0,3.0,0.9,ok,48.290892362594604,
N=6|dead_zone=0.4|link_quality=0.7|n_missions=4|regime=jittery|rrf=60.0,H0,0,1128892093,6,60.0,4,jittery,0.4,0.7,1.5,0.75,0.5,0.25,0.0,0.6666666666666666,0.6,1.9182958340544891,0.6666666666666666,0.6,,,4.0,0.0,0.0,0.0,0.0,0.0,6.0,60.0,4.0,0.264405,0.3565,0.6959340572357178,0.9823238125,0.8238333333333333,0.4294345378875732,0.9823238125,0.7179188125,5.0,,0.9,ok,21.078591346740723,
N=6|dead_zone=0.4|link_quality=0.7|n_missions=4|regime=jittery|rrf=60.0,H1,0,1128892093,6,60.0,4,jittery,0.4,0.7,2.0,0.75,0.75,0.5,0.0,1.0,0.9959349593495936,2.581896859914352,0.8333333333333334,0.6666666666666666,0.75,2.0,3.0,4.0,0.0,3.0,2.25,8.180975317955017,6.0,60.0,4.0,0.264405,0.3565,0.6959340572357178,0.9630626875,0.8556666666666667,0.4517367780208587,0.9630626875,0.6986576874999999,4.0,,0.9,ok,45.46572709083557,
N=6|dead_zone=0.4|link_quality=0.7|n_missions=4|regime=jittery|rrf=60.0,H0,1,1527141901,6,60.0,4,jittery,0.4,0.7,1.25,0.75,0.25,0.25,0.0,0.5,0.3787878787878788,1.3709505944546687,0.5,0.3787878787878788,,,4.0,0.0,0.0,0.0,0.0,0.0,6.0,60.0,4.0,0.26142975,0.3613333333333333,0.6959266066551208,0.9639589375,0.8873333333333333,0.4528167247772217,0.9639589375,0.7025291874999999,5.0,2.0,0.9,ok,14.407579898834229,
N=6|dead_zone=0.4|link_quality=0.7|n_missions=4|regime=jittery|rrf=60.0,H1,1,1527141901,6,60.0,4,jittery,0.4,0.7,1.5,1.0,0.5,0.0,0.0,1.0,0.9970344009489917,2.5827423149511795,0.5,0.5,1.0,2.0,4.0,4.0,0.0,3.0,2.75,9.829561352729796,6.0,60.0,4.0,0.26142975,0.3613333333333333,0.6959266066551208,0.986925,0.9378333333333332,0.3086029589176178,0.986925,0.7254952499999999,5.0,3.0,0.9,ok,54.40482711791992,
N=6|dead_zone=0.4|link_quality=0.7|n_missions=4|regime=jittery|rrf=60.0,H0,2,541356775,6,60.0,4,jittery,0.4,0.7,1.75,1.0,0.5,0.25,0.0,0.5,0.4803921568627451,1.5566567074628228,0.5,0.4803921568627451,,,4.0,0.0,0.0,0.0,0.0,0.0,6.0,60.0,4.0,0.256601125,0.3565,0.6959701180458069,0.984764,0.9066666666666666,0.3300305902957916,0.984764,0.728162875,5.0,4.0,0.9,ok,15.995807647705078,
N=6|dead_zone=0.4|link_quality=0.7|n_missions=4|regime=jittery|rrf=60.0,H1,2,541356775,6,60.0,4,jittery,0.4,0.7,1.5,1.0,0.25,0.25,0.0,1.0,0.9970344009489917,2.5827423149511795,0.8333333333333334,0.75,1.0,1.5,4.0,4.0,0.0,4.0,4.0,11.402232944965364,6.0,60.0,4.0,0.256601125,0.3565,0.6959701180458069,0.9842145,0.9118333333333334,0.3140800297260284,0.9842145,0.727613375,5.0,4.0,0.9,ok,59.95193672180176,
N=6|dead_zone=0.4|link_quality=0.7|n_missions=4|regime=jittery|rrf=60.0,H0,3,1487571060,6,60.0,4,jittery,0.4,0.7,1.5,1.0,0.5,0.0,0.0,0.5,0.5,1.584962500721156,0.5,0.5,,,4.0,0.0,0.0,0.0,0.0,0.0,6.0,60.0,4.0,0.2692418749999999,0.3565,0.6958821415901184,0.9859767499999998,0.9008333333333334,0.3064696788787842,0.9859767499999998,0.7167348749999999,5.0,4.0,0.9,ok,15.739977359771729,
N=6|dead_zone=0.4|link_quality=0.7|n_missions=4|regime=jittery|rrf=60.0,H1,3,1487571060,6,60.0,4,jittery,0.4,0.7,1.5,0.75,0.5,0.25,0.0,1.0,0.9950248756218906,2.581290899230692,0.6666666666666666,0.6,0.75,1.411764705882353,3.0,4.0,0.0,4.25,3.5,9.291607797145844,6.0,60.0,4.0,0.2692418749999999,0.3565,0.6958821415901184,0.966551875,0.8365,0.43314990401268,0.966551875,0.69731,4.0,,0.9,ok,51.51311564445496,
N=6|dead_zone=0.4|link_quality=0.7|n_missions=4|regime=jittery|rrf=60.0,H0,4,2414982670,6,60.0,4,jittery,0.4,0.7,1.75,1.0,0.5,0.25,0.0,0.5,0.4803921568627451,1.5566567074628228,0.5,0.4803921568627451,,,4.0,0.0,0.0,0.0,0.0,0.0,6.0,60.0,4.0,0.273255375,0.3621666666666667,0.6958684921264648,0.9872065625,0.932,0.2909012138843536,0.9872065625,0.7139511875,5.0,4.0,0.9,ok,16.17758584022522,
N=6|dead_zone=0.4|link_quality=0.7|n_missions=4|regime=jittery|rrf=60.0,H1,4,2414982670,6,60.0,4,jittery,0.4,0.7,1.25,1.0,0.25,0.0,0.0,1.0,0.9973031283710896,2.583068887911025,0.6666666666666666,0.5952380952380952,1.0,1.7142857142857142,4.0,4.0,0.0,3.5,3.5,11.313182950019836,6.0,60.0,4.0,0.273255375,0.3621666666666667,0.6958684921264648,0.9794896875,0.904,0.3235789239406585,0.9794896875,0.7062343124999999,5.0,4.0,0.9,ok,62.262967109680176,
N=6|dead_zone=0.4|link_quality=0.7|n_missions=4|regime=jittery|rrf=60.0,H0,5,3087830648,6,60.0,4,jittery,0.4,0.7,0.75,0.75,0.0,0.0,0.0,0.3333333333333333,0.3,0.9182958340544896,0.3333333333333333,0.3,,,4.0,0.0,0.0,0.0,0.0,0.0,6.0,60.0,4.0,0.259957625,0.3543333333333333,0.6959567070007324,0.9601904375,0.9188333333333332,0.4262807667255401,0.9601904375,0.7002328125000001,5.0,2.0,0.9,ok,12.137765884399414,
N=6|dead_zone=0.4|link_quality=0.7|n_missions=4|regime=jittery|rrf=60.0,H1,5,3087830648,6,60.0,4,jittery,0.4,0.7,2.25,1.0,0.5,0.5,0.0,1.0,0.9941176470588236,2.580689952806082,0.8333333333333334,0.7105263157894737,1.0,2.0,4.0,4.0,0.0,3.0,3.0,7.414354860782623,6.0,60.0,4.0,0.259957625,0.3543333333333333,0.6959567070007324,0.9830968125,0.9191666666666668,0.3113060295581817,0.9830968125,0.7231391875000002,5.0,4.0,0.9,ok,46.1859290599823,
N=6|dead_zone=0.4|link_quality=0.7|n_missions=4|regime=jittery|rrf=60.0,H0,6,2144415600,6,60.0,4,jittery,0.4,0.7,2.5,1.0,0.75,0.5,0.0,0.6666666666666666,0.5555555555555556,1.8464393446710157,0.6666666666666666,0.5555555555555556,,,4.0,0.0,0.0,0.0,0.0,0.0,6.0,60.0,4.0,0.2708914375,0.3581666666666667,0.6959335207939148,0.9788173125,0.8908333333333334,0.3384316861629486,0.9788173125,0.707925875,5.0,,0.9,ok,21.99351215362549,
N=6|dead_zone=0.4|link_quality=0.7|n_missions=4|regime=jittery|rrf=60.0,H1,6,2144415600,6,60.0,4,jittery,0.4,0.7,2.0,1.0,0.75,0.25,0.0,1.0,0.9950248756218906,2.5812908992306927,0.8333333333333334,0.7619047619047619,1.0,1.5,4.0,4.0,0.0,4.0,4.0,9.58830463886261,6.0,60.0,4.0,0.2708914375,0.3581666666666667,0.6959335207939148,0.9885296875,0.884,0.325335681438446,0.9885296875,0.71763825,5.0,,0.9,ok,58.0498731136322,
N=6|dead_zone=0.4|link_quality=0.7|n_missions=4|regime=jittery|rrf=60.0,H0,7,1092156728,6,60.0,4,jittery,0.4,0.7,1.5,1.0,0.5,0.0,0.0,0.5,0.3333333333333333,1.2516291673878228,0.5,0.3333333333333333,,,4.0,0.0,0.0,0.0,0.0,0.0,6.0,60.0,4.0,0.2474885,0.3568333333333333,0.6960057020187378,0.97803025,0.9353333333333332,0.3208767473697662,0.97803025,0.7305417500000001,5.0,4.0,0.9,ok,22.24764060974121,
N=6|dead_zone=0.4|link_quality=0.7|n_missions=4|regime=jittery|rrf=60.0,H1,7,1092156728,6,60.0,4,jittery,0.4,0.7,2.25,1.0,0.75,0.5,0.0,1.0,0.9950248756218906,2.581290899230692,0.8333333333333334,0.7105263157894737,1.0,1.7142857142857142,4.0,4.0,0.0,3.5,3.75,9.699431598186491,6.0,60.0,4.0,0.2474885,0.3568333333333333,0.6960057020187378,0.9799256875,0.8933333333333333,0.3360142707824707,0.9799256875,0.7324371875,5.0,,0.9,ok,57.718549489974976,
N=6|dead_zone=0.4|link_quality=0.7|n_missions=4|regime=jittery|rrf=60.0,H0,8,2900608483,6,60.0,4,jittery,0.4,0.7,1.5,1.0,0.25,0.25,0.0,0.5,0.4285714285714285,1.4591479170272448,0.5,0.4285714285714285,,,4.0,0.0,0.0,0.0,0.0,0.0,6.0,60.0,4.0,0.242844,0.3536666666666667,0.6960428357124329,0.98519175,0.9125,0.2985892593860626,0.98519175,0.74234775,5.0,4.0,0.9,ok,16.608155250549316,
N=6|dead_zone=0.4|link_quality=0.7|n_missions=4|regime=jittery|rrf=60.0,H1,8,2900608483,6,60.0,4,jittery,0.4,0.7,2.25,1.0,0.75,0.5,0.0,1.0,0.9897750511247444,2.5773238024297203,0.6666666666666666,0.6428571428571429,1.0,1.2,4.0,4.0,0.0,5.0,5.0,11.434873938560486,6.0,60.0,4.0,0.242844,0.3536666666666667,0.6960428357124329,0.9903907500000002,0.9561666666666668,0.2747866809368133,0.9903907500000002,0.7475467500000001,5.0,2.0,0.9,ok,62.05690121650696,
N=6|dead_zone=0.4|link_quality=0.7|n_missions=4|regime=jittery|rrf=60.0,H0,9,208517945,6,60.0,4,jittery,0.4,0.7,2.5,1.0,1.0,0.5,0.0,0.5,0.4901960784313725,1.5709505944546684,0.5,0.4901960784313725,,,4.0,0.0,0.0,0.0,0.0,0.0,6.0,60.0,4.0,0.2671414374999999,0.3543333333333333,0.6959041357040405,0.9837150625,0.9371666666666668,0.328868567943573,0.9837150625,0.716573625,5.0,3.0,0.9,ok,16.74672031402588,
N=6|dead_zone=0.4|link_quality=0.7|n_missions=4|regime=jittery|rrf=60.0,H1,9,208517945,6,60.0,4,jittery,0.4,0.7,2.5,0.75,0.75,0.75,0.0,1.0,1.0,2.584962500721156,0.8333333333333334,0.7575757575757576,0.75,2.0,3.0,4.0,0.0,3.0,2.25,8.175641238689423,6.0,60.0,4.0,0.2671414374999999,0.3543333333333333,0.6959041357040405,0.973678875,0.8293333333333334,0.4519347250461578,0.973678875,0.7065374375000001,4.0,,0.9,ok,48.97053599357605,
N=6|dead_zone=0.4|link_quality=0.7|n_missions=4|regime=jittery|rrf=60.0,H0,10,3906329856,6,60.0,4,jittery,0.4,0.7,1.75,1.0,0.75,0.0,0.0,0.6666666666666666,0.5444444444444444,1.8423709931771088,0.6666666666666666,0.5444444444444444,,,4.0,0.0,0.0,0.0,0.0,0.0,6.0,60.0,4.0,0.253653,0.356,0.6959596276283264,0.99021525,0.9481666666666668,0.2796673476696014,0.99021525,0.7365622499999999,5.0,3.0,0.9,ok,17.419486045837402,
N=6|dead_zone=0.4|link_quality=0.7|n_missions=4|regime=jittery|rrf=60.0,H1,10,3906329856,6,60.0,4,jittery,0.4,0.7,1.75,0.75,0.75,0.25,0.0,1.0,0.993127147766323,2.579863401068534,0.6666666666666666,0.5444444444444444,0.75,2.0,3.0,4.0,0.0,3.0,2.25,7.281410336494446,6.0,60.0,4.0,0.253653,0.356,0.6959596276283264,0.9671669374999998,0.8898333333333334,0.4408166408538818,0.9671669374999998,0.7135139374999998,4.0,,0.9,ok,40.96085858345032,
N=6|dead_zone=0.4|link_quality=0.7|n_missions=4|regime=jittery|rrf=60.0,H0,11,2125778856,6,60.0,4,jittery,0.4,0.7,2.5,1.0,1.0,0.25,0.0,0.6666666666666666,0.5952380952380952,1.9219280948873625,0.6666666666666666,0.5952380952380952,,,4.0,0.0,0.0,0.0,0.0,0.0,6.0,60.0,4.0,0.2651466875,0.3556666666666667,0.695961594581604,0.988842125,0.8878333333333334,0.3326665759086609,0.988842125,0.7236954375000002,5.0,,0.9,ok,20.56910872459412,
N=6|dead_zone=0.4|link_quality=0.7|n_missions=4|regime=jittery|rrf=60.0,H1,11,2125778856,6,60.0,4,jittery,0.4,0.7,3.0,1.0,1.0,0.75,0.0,1.0,1.0,2.584962500721156,1.0,0.9230769230769232,1.0,2.0,4.0,4.0,0.0,3.0,3.0,8.27587354183197,6.0,60.0,4.0,0.2651466875,0.3556666666666667,0.695961594581604,0.989452125,0.9128333333333334,0.3078685998916626,0.989452125,0.7243054375000002,5.0,4.0,0.9,ok,52.74244427680969,
N=6|dead_zone=0.4|link_quality=0.7|n_missions=4|regime=jittery|rrf=60.0,H0,12,1810427823,6,60.0,4,jittery,0.4,0.7,1.25,1.0,0.25,0.0,0.0,0.5,0.3787878787878788,1.3709505944546687,0.5,0.3787878787878788,,,4.0,0.0,0.0,0.0,0.0,0.0,6.0,60.0,4.0,0.2594374375,0.3543333333333333,0.6959319114685059,0.9875445,0.9336666666666666,0.2950410842895508,0.9875445,0.7281070624999999,5.0,4.0,0.9,ok,17.9331955909729,
N=6|dead_zone=0.4|link_quality=0.7|n_missions=4|regime=jittery|rrf=60.0,H1,12,1810427823,6,60.0,4,jittery,0.4,0.7,1.75,1.0,0.75,0.0,0.0,1.0,0.9950248756218906,2.5812908992306927,0.8333333333333334,0.7424242424242424,1.0,1.5,4.0,4.0,0.0,4.0,4.0,9.804914832115172,6.0,60.0,4.0,0.2594374375,0.3543333333333333,0.6959319114685059,0.9845070625,0.9401666666666668,0.3128273785114288,0.9845070625,0.7250696250000002,5.0,3.0,0.9,ok,55.16629481315613,
N=6|dead_zone=0.4|link_quality=0.7|n_missions=4|regime=jittery|rrf=60.0,H0,13,3191640227,6,60.0,4,jittery,0.4,0.7,2.5,1.0,1.0,0.5,0.0,0.5,0.4901960784313725,1.5709505944546684,0.5,0.4901960784313725,,,4.0,0.0,0.0,0.0,0.0,0.0,6.0,60.0,4.0,0.2538202499999999,0.3573333333333333,0.6959887742996216,0.9803204375,0.9023333333333332,0.3260655403137207,0.9803204375,0.7265001875000001,5.0,4.0,0.9,ok,20.11592102050781,
N=6|dead_zone=0.4|link_quality=0.7|n_missions=4|regime=jittery|rrf=60.0,H1,13,3191640227,6,60.0,4,jittery,0.4,0.7,1.5,0.75,0.5,0.25,0.0,1.0,0.9944903581267218,2.581030962756369,0.6666666666666666,0.6,0.75,2.1818181818181817,3.0,4.0,0.0,2.75,1.75,8.253575205802917,6.0,60.0,4.0,0.2538202499999999,0.3573333333333333,0.6959887742996216,0.9781630625,0.8695,0.4230571687221527,0.9781630625,0.7243428125,4.0,,0.9,ok,47.42485237121582,
N=6|dead_zone=0.4|link_quality=0.7|n_missions=4|regime=jittery|rrf=60.0,H0,14,2635476402,6,60.0,4,jittery,0.4,0.7,2.75,1.0,1.0,0.75,0.0,0.5,0.491869918699187,1.5726236638951638,0.5,0.491869918699187,,,4.0,0.0,0.0,0.0,0.0,0.0,6.0,60.0,4.0,0.2535636875,0.3565,0.6959728002548218,0.9868625,0.9206666666666666,0.3189473450183868,0.9868625,0.7332988125,5.0,4.0,0.9,ok,22.15884041786194,
N=6|dead_zone=0.4|link_quality=0.7|n_missions=4|regime=jittery|rrf=60.0,H1,14,2635476402,6,60.0,4,jittery,0.4,0.7,2.0,0.75,0.75,0.5,0.0,1.0,0.9950248756218906,2.5812908992306927,0.6666666666666666,0.5925925925925926,0.75,1.5,3.0,4.0,0.0,4.0,2.5,9.681864321231842,6.0,60.0,4.0,0.2535636875,0.3565,0.6959728002548218,0.97824375,0.8508333333333333,0.4374313056468963,0.97824375,0.7246800624999999,4.0,,0.9,ok,51.160627126693726,
N=6|dead_zone=0.4|link_quality=0.7|n_missions=4|regime=jittery|rrf=60.0,H0,15,2119636226,6,60.0,4,jittery,0.4,0.7,1.5,1.0,0.5,0.0,0.0,0.3333333333333333,0.3,0.9182958340544896,0.3333333333333333,0.3,,,4.0,0.0,0.0,0.0,0.0,0.0,6.0,60.0,4.0,0.2541043125,0.3568333333333333,0.6959701180458069,0.986871,0.9151666666666668,0.3100911378860473,0.986871,0.7327666875000001,5.0,4.0,0.9,ok,14.580872058868408,
N=6|dead_zone=0.4|link_quality=0.7|n_missions=4|regime=jittery|rrf=60.0,H1,15,2119636226,6,60.0,4,jittery,0.4,0.7,0.0,0.0,0.0,0.0,0.0,1.0,0.98989898989899,2.5774062828523454,0.0,1.0,0.0,2.0,0.0,4.0,0.0,3.0,0.0,8.508586764335632,6.0,60.0,4.0,0.2541043125,0.3568333333333333,0.6959701180458069,0.2541043125,0.3568333333333333,0.6959701180458069,0.2541043125,0.0,1.0,,0.9,ok,46.97998332977295,
N=6|dead_zone=0.4|link_quality=0.7|n_missions=4|regime=jittery|rrf=60.0,H0,16,2322421914,6,60.0,4,jittery,0.4,0.7,1.75,1.0,0.5,0.25,0.0,0.5,0.4803921568627451,1.5566567074628228,0.5,0.4803921568627451,,,4.0,0.0,0.0,0.0,0.0,0.0,6.0,60.0,4.0,0.2799405625,0.3596666666666667,0.6958796977996826,0.9860410625,0.9091666666666668,0.3250495791435241,0.9860410625,0.7061005,5.0,2.0,0.9,ok,17.58983588218689,
N=6|dead_zone=0.4|link_quality=0.7|n_missions=4|regime=jittery|rrf=60.0,H1,16,2322421914,6,60.0,4,jittery,0.4,0.7,2.25,1.0,1.0,0.25,0.0,1.0,0.9970344009489917,2.5827423149511795,0.8333333333333334,0.7105263157894737,1.0,1.5,4.0,4.0,0.0,4.0,4.0,10.46359807252884,6.0,60.0,4.0,0.2799405625,0.3596666666666667,0.6958796977996826,0.979926875,0.8953333333333333,0.3174208998680115,0.979926875,0.6999863125,5.0,,0.9,ok,55.266632080078125,
N=6|dead_zone=0.4|link_quality=0.7|n_missions=4|regime=jittery|rrf=60.0,H0,17,1599998843,6,60.0,4,jittery,0.4,0.7,0.75,0.25,0.25,0.25,0.0,0.5,0.5,1.584962500721156,0.5,0.5,,,4.0,0.0,0.0,0.0,0.0,0.0,6.0,60.0,4.0,0.2707716249999999,0.3598333333333333,0.6959146857261658,0.855337,0.7665,0.6691259145736694,0.855337,0.584565375,5.0,,0.9,ok,13.79628610610962,
N=6|dead_zone=0.4|link_quality=0.7|n_missions=4|regime=jittery|rrf=60.0,H1,17,1599998843,6,60.0,4,jittery,0.4,0.7,2.5,1.0,0.75,0.5,0.0,1.0,0.9970344009489917,2.5827423149511795,0.8333333333333334,0.7575757575757576,1.0,1.7142857142857142,4.0,4.0,0.0,3.5,3.75,8.630263805389404,6.0,60.0,4.0,0.2707716249999999,0.3598333333333333,0.6959146857261658,0.9871965,0.9136666666666666,0.3057098686695099,0.9871965,0.7164248750000001,5.0,4.0,0.9,ok,47.11574840545654,
N=6|dead_zone=0.4|link_quality=0.7|n_missions=4|regime=jittery|rrf=60.0,H0,18,3308969476,6,60.0,4,jittery,0.4,0.7,1.75,1.0,0.75,0.0,0.0,0.5,0.4803921568627451,1.5566567074628228,0.5,0.4803921568627451,,,4.0,0.0,0.0,0.0,0.0,0.0,6.0,60.0,4.0,0.256500375,0.3545,0.6959745287895203,0.9883491875,0.9191666666666668,0.3052294552326202,0.9883491875,0.7318488125,5.0,4.0,0.9,ok,15.458220958709717,
N=6|dead_zone=0.4|link_quality=0.7|n_missions=4|regime=jittery|rrf=60.0,H1,18,3308969476,6,60.0,4,jittery,0.4,0.7,1.25,0.75,0.5,0.0,0.0,1.0,0.9941176470588236,2.580689952806082,0.5,0.4629629629629629,0.75,1.6,3.0,4.0,0.0,3.75,2.5,11.537089049816132,6.0,60.0,4.0,0.256500375,0.3545,0.6959745287895203,0.981721125,0.839,0.4130014777183532,0.981721125,0.72522075,4.0,,0.9,ok,57.79497289657593,
N=6|dead_zone=0.4|link_quality=0.7|n_missions=4|regime=jittery|rrf=60.0,H0,19,2334662154,6,60.0,4,jittery,0.4,0.7,1.5,0.75,0.5,0.25,0.0,0.6666666666666666,0.6,1.9182958340544896,0.6666666666666666,0.6,,,4.0,0.0,0.0,0.0,0.0,0.0,6.0,60.0,4.0,0.2802435,0.3573333333333333,0.6958756446838379,0.96884675,0.8413333333333334,0.4338740110397339,0.96884675,0.68860325,5.0,,0.9,ok,17.530088901519775,
N=6|dead_zone=0.4|link_quality=0.7|n_missions=4|regime=jittery|rrf=60.0,H1,19,2334662154,6,60.0,4,jittery,0.4,0.7,3.0,1.0,1.0,0.75,0.0,1.0,1.0,2.584962500721156,1.0,0.9230769230769232,1.0,2.0,3.0,4.0,0.0,3.0,3.0,8.12303602695465,6.0,60.0,4.0,0.2802435,0.3573333333333333,0.6958756446838379,0.963776375,0.8535,0.4427855312824249,0.963776375,0.683532875,4.0,,0.9,ok,45.002386808395386,
N=6|dead_zone=0.6|link_quality=0.3|n_missions=4|regime=jittery|rrf=60.0,H0,0,1173281749,6,60.0,4,jittery,0.6,0.3,0.25,0.25,0.0,0.0,0.0,0.1666666666666666,0.1666666666666666,0.0,0.1666666666666666,0.1666666666666666,,,4.0,0.0,0.0,0.0,0.0,0.0,6.0,60.0,4.0,0.2788798125,0.358,0.6958652138710022,0.907726375,0.7418333333333333,0.6667382121086121,0.907726375,0.6288465625000002,5.0,,0.9,ok,18.73686456680298,
N=6|dead_zone=0.6|link_quality=0.3|n_missions=4|regime=jittery|rrf=60.0,H1,0,1173281749,6,60.0,4,jittery,0.6,0.3,0.25,0.25,0.0,0.0,0.0,1.0,0.994824016563147,2.581358330499424,0.1666666666666666,0.1666666666666666,0.25,2.0,1.0,4.0,0.0,3.0,0.75,8.874312579631805,6.0,60.0,4.0,0.2788798125,0.358,0.6958652138710022,0.8778803125000001,0.6711666666666667,0.6633651256561279,0.8778803125000001,0.5990005,2.0,,0.9,ok,51.41532802581787,
N=6|dead_zone=0.6|link_quality=0.3|n_missions=4|regime=jittery|rrf=60.0,H0,1,3892657365,6,60.0,4,jittery,0.6,0.3,0.25,0.25,0.0,0.0,0.0,0.1666666666666666,0.1666666666666666,0.0,0.1666666666666666,0.1666666666666666,,,4.0,0.0,0.0,0.0,0.0,0.0,6.0,60.0,4.0,0.2861769374999999,0.359,0.6958235502243042,0.8403690625,0.7093333333333334,0.6698868870735168,0.8403690625,0.554192125,5.0,,0.9,ok,10.964110136032104,
N=6|dead_zone=0.6|link_quality=0.3|n_missions=4|regime=jittery|rrf=60.0,H1,1,3892657365,6,60.0,4,jittery,0.6,0.3,0.5,0.5,0.0,0.0,0.0,1.0,0.9940898345153664,2.5804567753970877,0.3333333333333333,0.3333333333333333,0.5,2.0,2.0,4.0,0.0,3.0,1.5,7.79139107465744,6.0,60.0,4.0,0.2861769374999999,0.359,0.6958235502243042,0.9292883125,0.7905,0.564319372177124,0.9292883125,0.6431113750000002,3.0,,0.9,ok,46.86767625808716,
N=6|dead_zone=0.6|link_quality=0.3|n_missions=4|regime=jittery|rrf=60.0,H0,2,3152167126,6,60.0,4,jittery,0.6,0.3,0.75,0.75,0.0,0.0,0.0,0.1666666666666666,0.1666666666666666,0.0,0.1666666666666666,0.1666666666666666,,,4.0,0.0,0.0,0.0,0.0,0.0,6.0,60.0,4.0,0.2516219375,0.3578333333333333,0.6959739327430725,0.956896625,0.8805,0.4292533695697784,0.956896625,0.7052746875,5.0,,0.9,ok,12.662072896957396,
N=6|dead_zone=0.6|link_quality=0.3|n_missions=4|regime=jittery|rrf=60.0,H1,2,3152167126,6,60.0,4,jittery,0.6,0.3,1.75,1.0,0.5,0.25,0.0,1.0,0.9973031283710896,2.583068887911025,0.6666666666666666,0.6282051282051282,1.0,1.7142857142857142,4.0,4.0,0.0,3.5,3.5,11.212912440299988,6.0,60.0,4.0,0.2516219375,0.3578333333333333,0.6959739327430725,0.983579125,0.8796666666666667,0.3312003314495086,0.983579125,0.7319571874999999,5.0,,0.9,ok,68.2665228843689,
N=6|dead_zone=0.6|link_quality=0.3|n_missions=4|regime=jittery|rrf=60.0,H0,3,2071695979,6,60.0,4,jittery,0.6,0.3,0.0,0.0,0.0,0.0,0.0,0.0,1.0,0.0,0.0,1.0,,,4.0,0.0,0.0,0.0,0.0,0.0,6.0,60.0,4.0,0.2534079374999999,0.3555,0.6960065364837646,0.2534079374999999,0.3555,0.6960065364837646,0.2534079374999999,0.0,5.0,,0.9,ok,7.807366132736206,
N=6|dead_zone=0.6|link_quality=0.3|n_missions=4|regime=jittery|rrf=60.0,H1,3,2071695979,6,60.0,4,jittery,0.6,0.3,0.5,0.5,0.0,0.0,0.0,1.0,0.993127147766323,2.579863401068534,0.3333333333333333,0.3333333333333333,0.5,2.0,2.0,4.0,0.0,3.0,1.5,9.091348230838776,6.0,60.0,4.0,0.2534079374999999,0.3555,0.6960065364837646,0.9460129375000002,0.8385,0.5827438831329346,0.9460129375000002,0.6926050000000001,3.0,,0.9,ok,54.79783034324646,
N=6|dead_zone=0.6|link_quality=0.3|n_missions=4|regime=jittery|rrf=60.0,H0,4,7996620,6,60.0,4,jittery,0.6,0.3,0.0,0.0,0.0,0.0,0.0,0.0,1.0,0.0,0.0,1.0,,,4.0,0.0,0.0,0.0,0.0,0.0,6.0,60.0,4.0,0.2436923124999999,0.3563333333333333,0.6960293054580688,0.2436923124999999,0.3563333333333333,0.6960293054580688,0.2436923124999999,0.0,5.0,,0.9,ok,6.553977966308594,
N=6|dead_zone=0.6|link_quality=0.3|n_missions=4|regime=jittery|rrf=60.0,H1,4,7996620,6,60.0,4,jittery,0.6,0.3,0.25,0.25,0.0,0.0,0.0,1.0,0.9707070707070709,2.562616778534694,0.1666666666666666,0.1666666666666666,0.25,1.5,1.0,4.0,0.0,4.0,1.0,10.062468767166138,6.0,60.0,4.0,0.2436923124999999,0.3563333333333333,0.6960293054580688,0.8437988750000001,0.5788333333333333,0.6793237328529358,0.8437988750000001,0.6001065625,2.0,,0.9,ok,59.61389374732971,
N=6|dead_zone=0.6|link_quality=0.3|n_missions=4|regime=jittery|rrf=60.0,H0,5,2776913965,6,60.0,4,jittery,0.6,0.3,0.25,0.25,0.0,0.0,0.0,0.1666666666666666,0.1666666666666666,0.0,0.1666666666666666,0.1666666666666666,,,4.0,0.0,0.0,0.0,0.0,0.0,6.0,60.0,4.0,0.28648625,0.3596666666666667,0.6958501935005188,0.8495457500000001,0.789,0.6619824767112732,0.8495457500000001,0.5630595,5.0,,0.9,ok,10.367830514907835,
N=6|dead_zone=0.6|link_quality=0.3|n_missions=4|regime=jittery|rrf=60.0,H1,5,2776913965,6,60.0,4,jittery,0.6,0.3,2.5,1.0,0.75,0.5,0.0,1.0,0.9970344009489917,2.5827423149511795,0.6666666666666666,0.6410256410256411,1.0,1.5,4.0,4.0,0.0,4.0,4.0,10.090904712677002,6.0,60.0,4.0,0.28648625,0.3596666666666667,0.6958501935005188,0.984525625,0.9016666666666666,0.3257420063018799,0.984525625,0.698039375,5.0,3.0,0.9,ok,53.68334984779358,
N=6|dead_zone=0.6|link_quality=0.3|n_missions=4|regime=jittery|rrf=60.0,H0,6,3526121579,6,60.0,4,jittery,0.6,0.3,0.25,0.25,0.0,0.0,0.0,0.1666666666666666,0.1666666666666666,0.0,0.1666666666666666,0.1666666666666666,,,4.0,0.0,0.0,0.0,0.0,0.0,6.0,60.0,4.0,0.26476475,0.3583333333333333,0.6959822773933411,0.8390983750000001,0.7865,0.6744572520256042,0.8390983750000001,0.5743336250000001,5.0,,0.9,ok,9.937363386154177,
N=6|dead_zone=0.6|link_quality=0.3|n_missions=4|regime=jittery|rrf=60.0,H1,6,3526121579,6,60.0,4,jittery,0.6,0.3,0.25,0.25,0.0,0.0,0.0,1.0,0.9940898345153664,2.5804567753970877,0.1666666666666666,0.1666666666666666,0.25,2.0,1.0,4.0,0.0,3.0,0.75,6.896978557109833,6.0,60.0,4.0,0.26476475,0.3583333333333333,0.6959822773933411,0.9009809375,0.747,0.6589345932006836,0.9009809375,0.6362161875000001,2.0,,0.9,ok,46.64210844039917,
N=6|dead_zone=0.6|link_quality=0.3|n_missions=4|regime=jittery|rrf=60.0,H0,7,906703350,6,60.0,4,jittery,0.6,0.3,0.25,0.25,0.0,0.0,0.0,0.1666666666666666,0.1666666666666666,0.0,0.1666666666666666,0.1666666666666666,,,4.0,0.0,0.0,0.0,0.0,0.0,6.0,60.0,4.0,0.2900404375,0.3605,0.6957900524139404,0.8546441874999999,0.7016666666666667,0.6654953360557556,0.8546441874999999,0.5646037499999998,5.0,,0.9,ok,16.92210865020752,
N=6|dead_zone=0.6|link_quality=0.3|n_missions=4|regime=jittery|rrf=60.0,H1,7,906703350,6,60.0,4,jittery,0.6,0.3,1.5,1.0,0.25,0.25,0.0,1.0,1.0,2.584962500721156,0.5,0.5,1.0,1.5,4.0,4.0,0.0,4.0,4.0,11.690118610858915,6.0,60.0,4.0,0.2900404375,0.3605,0.6957900524139404,0.9871724375,0.9461666666666668,0.2680249512195587,0.9871724375,0.6971319999999999,5.0,2.0,0.9,ok,60.95264911651611,
N=6|dead_zone=0.6|link_quality=0.3|n_missions=4|regime=jittery|rrf=60.0,H0,8,3476985428,6,60.0,4,jittery,0.6,0.3,0.5,0.5,0.0,0.0,0.0,0.3333333333333333,0.3333333333333333,1.0,0.3333333333333333,0.3333333333333333,,,4.0,0.0,0.0,0.0,0.0,0.0,6.0,60.0,4.0,0.276602125,0.3588333333333333,0.6958862543106079,0.957943125,0.9091666666666668,0.5448756217956543,0.957943125,0.681341,5.0,4.0,0.9,ok,18.808677434921265,
N=6|dead_zone=0.6|link_quality=0.3|n_missions=4|regime=jittery|rrf=60.0,H1,8,3476985428,6,60.0,4,jittery,0.6,0.3,1.0,0.5,0.5,0.0,0.0,1.0,0.9940898345153664,2.5804567753970877,0.5,0.4444444444444444,0.5,3.0,2.0,4.0,0.0,2.0,1.0,6.326837539672852,6.0,60.0,4.0,0.276602125,0.3588333333333333,0.6958862543106079,0.953384375,0.8071666666666667,0.5754098892211914,0.953384375,0.6767822499999999,3.0,,0.9,ok,39.257142066955566,
N=6|dead_zone=0.6|link_quality=0.3|n_missions=4|regime=jittery|rrf=60.0,H0,9,2787912474,6,60.0,4,jittery,0.6,0.3,0.0,0.0,0.0,0.0,0.0,0.0,1.0,0.0,0.0,1.0,,,4.0,0.0,0.0,0.0,0.0,0.0,6.0,60.0,4.0,0.2529481875,0.3573333333333333,0.6959747672080994,0.2529481875,0.3573333333333333,0.6959747672080994,0.2529481875,0.0,5.0,,0.9,ok,9.349060535430908,
N=6|dead_zone=0.6|link_quality=0.3|n_missions=4|regime=jittery|rrf=60.0,H1,9,2787912474,6,60.0,4,jittery,0.6,0.3,1.25,0.5,0.5,0.25,0.0,1.0,0.9918032786885246,2.578992712198113,0.6666666666666666,0.5952380952380952,0.5,2.0,2.0,4.0,0.0,3.0,1.5,8.83444881439209,6.0,60.0,4.0,0.2529481875,0.3573333333333333,0.6959747672080994,0.950194125,0.8863333333333333,0.5776528120040894,0.950194125,0.6972459375000002,3.0,,0.9,ok,51.68397498130798,
N=6|dead_zone=0.6|link_quality=0.3|n_missions=4|regime=jittery|rrf=60.0,H0,10,1775330577,6,60.0,4,jittery,0.6,0.3,0.0,0.0,0.0,0.0,0.0,0.0,1.0,0.0,0.0,1.0,,,4.0,0.0,0.0,0.0,0.0,0.0,6.0,60.0,4.0,0.27888525,0.3538333333333333,0.6959041357040405,0.27888525,0.3538333333333333,0.6959041357040405,0.27888525,0.0,5.0,,0.9,ok,7.871419429779053,
N=6|dead_zone=0.6|link_quality=0.3|n_missions=4|regime=jittery|rrf=60.0,H1,10,1775330577,6,60.0,4,jittery,0.6,0.3,0.25,0.25,0.0,0.0,0.0,1.0,0.9950248756218906,2.5812908992306927,0.1666666666666666,0.1666666666666666,0.25,1.2,1.0,4.0,0.0,5.0,1.25,11.580299377441406,6.0,60.0,4.0,0.27888525,0.3538333333333333,0.6959041357040405,0.870007625,0.7668333333333334,0.6581594347953796,0.870007625,0.591122375,2.0,,0.9,ok,60.611650228500366,
N=6|dead_zone=0.6|link_quality=0.3|n_missions=4|regime=jittery|rrf=60.0,H0,11,2736291209,6,60.0,4,jittery,0.6,0.3,0.0,0.0,0.0,0.0,0.0,0.0,1.0,0.0,0.0,1.0,,,4.0,0.0,0.0,0.0,0.0,0.0,6.0,60.0,4.0,0.25833,0.361,0.6959334015846252,0.25833,0.361,0.6959334015846252,0.25833,0.0,5.0,,0.9,ok,8.373534440994263,
N=6|dead_zone=0.6|link_quality=0.3|n_missions=4|regime=jittery|rrf=60.0,H1,11,2736291209,6,60.0,4,jittery,0.6,0.3,0.75,0.5,0.25,0.0,0.0,1.0,0.9970344009489917,2.5827423149511795,0.5,0.5,0.5,1.5,2.0,4.0,0.0,4.0,2.0,9.910859107971191,6.0,60.0,4.0,0.25833,0.361,0.6959334015846252,0.9540834375,0.8563333333333333,0.5611804723739624,0.9540834375,0.6957534375000001,3.0,,0.9,ok,53.067462682724,
N=6|dead_zone=0.6|link_quality=0.3|n_missions=4|regime=jittery|rrf=60.0,H0,12,1227584359,6,60.0,4,jittery,0.6,0.3,0.25,0.25,0.0,0.0,0.0,0.1666666666666666,0.1666666666666666,0.0,0.1666666666666666,0.1666666666666666,,,4.0,0.0,0.0,0.0,0.0,0.0,6.0,60.0,4.0,0.270697875,0.355,0.6959155201911926,0.8884160000000001,0.7918333333333333,0.6704439520835876,0.8884160000000001,0.6177181250000001,5.0,,0.9,ok,8.072606801986694,
N=6|dead_zone=0.6|link_quality=0.3|n_missions=4|regime=jittery|rrf=60.0,H1,12,1227584359,6,60.0,4,jittery,0.6,0.3,2.0,1.0,0.75,0.25,0.0,1.0,0.9950248756218906,2.5812908992306927,0.8333333333333334,0.6666666666666666,1.0,1.5,4.0,4.0,0.0,4.0,3.75,10.101314663887024,6.0,60.0,4.0,0.270697875,0.355,0.6959155201911926,0.9883961875,0.9205,0.2767402231693268,0.9883961875,0.7176983125,5.0,4.0,0.9,ok,59.29531908035278,
N=6|dead_zone=0.6|link_quality=0.3|n_missions=4|regime=jittery|rrf=60.0,H0,13,1702696061,6,60.0,4,jittery,0.6,0.3,0.5,0.5,0.0,0.0,0.0,0.3333333333333333,0.3333333333333333,1.0,0.3333333333333333,0.3333333333333333,,,4.0,0.0,0.0,0.0,0.0,0.0,6.0,60.0,4.0,0.270910125,0.3575,0.6959163546562195,0.9025295,0.8275,0.5645800828933716,0.9025295,0.6316193749999999,5.0,,0.9,ok,14.536657333374023,
N=6|dead_zone=0.6|link_quality=0.3|n_missions=4|regime=jittery|rrf=60.0,H1,13,1702696061,6,60.0,4,jittery,0.6,0.3,1.0,0.5,0.25,0.25,0.0,1.0,0.9918032786885246,2.578992712198113,0.5,0.4444444444444444,0.5,2.0,2.0,4.0,0.0,3.0,1.5,6.463680863380432,6.0,60.0,4.0,0.270910125,0.3575,0.6959163546562195,0.9474788125,0.8466666666666667,0.5694946050643921,0.9474788125,0.6765686875,3.0,,0.9,ok,40.0296950340271,
N=6|dead_zone=0.6|link_quality=0.3|n_missions=4|regime=jittery|rrf=60.0,H0,14,3816464957,6,60.0,4,jittery,0.6,0.3,0.0,0.0,0.0,0.0,0.0,0.0,1.0,0.0,0.0,1.0,,,4.0,0.0,0.0,0.0,0.0,0.0,6.0,60.0,4.0,0.2805682499999999,0.3586666666666667,0.6958600282669067,0.2805682499999999,0.3586666666666667,0.6958600282669067,0.2805682499999999,0.0,5.0,,0.9,ok,6.243284702301025,
N=6|dead_zone=0.6|link_quality=0.3|n_missions=4|regime=jittery|rrf=60.0,H1,14,3816464957,6,60.0,4,jittery,0.6,0.3,1.0,0.5,0.25,0.25,0.0,1.0,0.992248062015504,2.5794340029249647,0.5,0.4444444444444444,0.5,2.0,2.0,4.0,0.0,3.0,1.25,7.072420120239258,6.0,60.0,4.0,0.2805682499999999,0.3586666666666667,0.6958600282669067,0.9590223125,0.816,0.5853658318519592,0.9590223125,0.6784540625000001,3.0,,0.9,ok,40.83408045768738,
N=6|dead_zone=0.6|link_quality=0.3|n_missions=4|regime=jittery|rrf=60.0,H0,15,2064782192,6,60.0,4,jittery,0.6,0.3,0.25,0.25,0.0,0.0,0.0,0.1666666666666666,0.1666666666666666,0.0,0.1666666666666666,0.1666666666666666,,,4.0,0.0,0.0,0.0,0.0,0.0,6.0,60.0,4.0,0.2477755625,0.3563333333333333,0.6960263848304749,0.8597615625,0.7,0.6690015196800232,0.8597615625,0.611986,5.0,,0.9,ok,11.414250612258911,
N=6|dead_zone=0.6|link_quality=0.3|n_missions=4|regime=jittery|rrf=60.0,H1,15,2064782192,6,60.0,4,jittery,0.6,0.3,1.0,0.5,0.25,0.25,0.0,1.0,0.9963609898107716,2.5824166230333305,0.5,0.4444444444444444,0.5,1.6,2.0,4.0,0.0,3.75,1.5,9.400219798088074,6.0,60.0,4.0,0.2477755625,0.3563333333333333,0.6960263848304749,0.961844375,0.8611666666666666,0.6016784906387329,0.961844375,0.7140688125000001,3.0,,0.9,ok,53.16616129875183,
N=6|dead_zone=0.6|link_quality=0.3|n_missions=4|regime=jittery|rrf=60.0,H0,16,1964863345,6,60.0,4,jittery,0.6,0.3,0.5,0.25,0.25,0.0,0.0,0.3333333333333333,0.3333333333333333,1.0,0.3333333333333333,0.3333333333333333,,,4.0,0.0,0.0,0.0,0.0,0.0,6.0,60.0,4.0,0.2716408125,0.3596666666666667,0.6958699822425842,0.855462875,0.7075,0.6661816239356995,0.855462875,0.5838220624999999,5.0,,0.9,ok,14.984958410263062,
N=6|dead_zone=0.6|link_quality=0.3|n_missions=4|regime=jittery|rrf=60.0,H1,16,1964863345,6,60.0,4,jittery,0.6,0.3,2.0,1.0,0.75,0.25,0.0,1.0,0.9970344009489917,2.5827423149511795,0.6666666666666666,0.4848484848484848,1.0,2.0,3.0,4.0,0.0,3.0,3.0,9.375365912914276,6.0,60.0,4.0,0.2716408125,0.3596666666666667,0.6958699822425842,0.9670775625,0.7886666666666666,0.4364021420478821,0.9670775625,0.6954367499999999,4.0,,0.9,ok,57.54712128639221,
N=6|dead_zone=0.6|link_quality=0.3|n_missions=4|regime=jittery|rrf=60.0,H0,17,966681794,6,60.0,4,jittery,0.6,0.3,0.25,0.25,0.0,0.0,0.0,0.1666666666666666,0.1666666666666666,0.0,0.1666666666666666,0.1666666666666666,,,4.0,0.0,0.0,0.0,0.0,0.0,6.0,60.0,4.0,0.2542328125,0.3553333333333333,0.695946216583252,0.8609167499999999,0.6736666666666666,0.6694822311401367,0.8609167499999999,0.6066839374999999,5.0,,0.9,ok,9.76382327079773,
N=6|dead_zone=0.6|link_quality=0.3|n_missions=4|regime=jittery|rrf=60.0,H1,17,966681794,6,60.0,4,jittery,0.6,0.3,2.0,1.0,0.75,0.25,0.0,1.0,0.9958847736625516,2.5820239409642767,0.8333333333333334,0.6666666666666666,1.0,1.2,4.0,4.0,0.0,5.0,5.0,11.888870894908903,6.0,60.0,4.0,0.2542328125,0.3553333333333333,0.695946216583252,0.985027875,0.8788333333333334,0.330624371767044,0.985027875,0.7307950624999999,5.0,,0.9,ok,69.68386435508728,
N=6|dead_zone=0.6|link_quality=0.3|n_missions=4|regime=jittery|rrf=60.0,H0,18,665997437,6,60.0,4,jittery,0.6,0.3,0.0,0.0,0.0,0.0,0.0,0.0,1.0,0.0,0.0,1.0,,,4.0,0.0,0.0,0.0,0.0,0.0,6.0,60.0,4.0,0.25140275,0.3598333333333333,0.695992648601532,0.25140275,0.3598333333333333,0.695992648601532,0.25140275,0.0,5.0,,0.9,ok,6.303055286407471,
N=6|dead_zone=0.6|link_quality=0.3|n_missions=4|regime=jittery|rrf=60.0,H1,18,665997437,6,60.0,4,jittery,0.6,0.3,2.0,0.75,0.5,0.5,0.0,1.0,0.9970344009489917,2.5827423149511795,0.8333333333333334,0.6666666666666666,0.75,1.411764705882353,3.0,4.0,0.0,4.25,3.5,8.192084908485413,6.0,60.0,4.0,0.25140275,0.3598333333333333,0.695992648601532,0.9642455625,0.8435,0.4329539239406585,0.9642455625,0.7128428125,4.0,,0.9,ok,49.63046836853027,
N=6|dead_zone=0.6|link_quality=0.3|n_missions=4|regime=jittery|rrf=60.0,H0,19,12710563,6,60.0,4,jittery,0.6,0.3,0.5,0.5,0.0,0.0,0.0,0.1666666666666666,0.1666666666666666,0.0,0.1666666666666666,0.1666666666666666,,,4.0,0.0,0.0,0.0,0.0,0.0,6.0,60.0,4.0,0.27168575,0.3563333333333333,0.6959039568901062,0.9390746875,0.8396666666666667,0.5936668515205383,0.9390746875,0.6673889375,5.0,,0.9,ok,10.977458477020264,
N=6|dead_zone=0.6|link_quality=0.3|n_missions=4|regime=jittery|rrf=60.0,H1,19,12710563,6,60.0,4,jittery,0.6,0.3,0.25,0.25,0.0,0.0,0.0,1.0,0.995575221238938,2.581754132702793,0.1666666666666666,0.1666666666666666,0.25,1.0,1.0,4.0,0.0,6.0,1.5,14.68742722272873,6.0,60.0,4.0,0.27168575,0.3563333333333333,0.6959039568901062,0.72679025,0.7208333333333333,0.672532320022583,0.72679025,0.4551044999999999,2.0,,0.9,ok,75.7286958694458,
N=6|dead_zone=0.6|link_quality=0.5|n_missions=4|regime=jittery|rrf=60.0,H0,0,3953143663,6,60.0,4,jittery,0.6,0.5,0.25,0.25,0.0,0.0,0.0,0.1666666666666666,0.1666666666666666,0.0,0.1666666666666666,0.1666666666666666,,,4.0,0.0,0.0,0.0,0.0,0.0,6.0,60.0,4.0,0.2495261874999999,0.3526666666666667,0.6959915161132812,0.8785236250000001,0.8076666666666666,0.6528410911560059,0.8785236250000001,0.6289974375000001,5.0,,0.9,ok,10.208488464355469,
N=6|dead_zone=0.6|link_quality=0.5|n_missions=4|regime=jittery|rrf=60.0,H1,0,3953143663,6,60.0,4,jittery,0.6,0.5,2.0,0.75,0.5,0.5,0.0,1.0,0.9973031283710896,2.583068887911025,0.6666666666666666,0.5925925925925926,0.75,1.263157894736842,3.0,4.0,0.0,4.75,3.25,11.03013789653778,6.0,60.0,4.0,0.2495261874999999,0.3526666666666667,0.6959915161132812,0.9758615,0.798,0.4219022691249847,0.9758615,0.7263353124999999,4.0,,0.9,ok,58.06748795509338,
N=6|dead_zone=0.6|link_quality=0.5|n_missions=4|regime=jittery|rrf=60.0,H0,1,999081842,6,60.0,4,jittery,0.6,0.5,0.25,0.25,0.0,0.0,0.0,0.1666666666666666,0.1666666666666666,0.0,0.1666666666666666,0.1666666666666666,,,4.0,0.0,0.0,0.0,0.0,0.0,6.0,60.0,4.0,0.2636664374999999,0.359,0.6959460973739624,0.8081076250000001,0.5886666666666667,0.6836623549461365,0.8081076250000001,0.5444411875000001,5.0,,0.9,ok,10.342440843582152,
N=6|dead_zone=0.6|link_quality=0.5|n_missions=4|regime=jittery|rrf=60.0,H1,1,999081842,6,60.0,4,jittery,0.6,0.5,1.75,1.0,0.5,0.25,0.0,1.0,0.9941176470588236,2.580689952806082,0.5,0.3888888888888889,1.0,1.5,4.0,4.0,0.0,4.0,4.0,9.344881355762482,6.0,60.0,4.0,0.2636664374999999,0.359,0.6959460973739624,0.9801309375,0.8978333333333334,0.2989404797554016,0.9801309375,0.7164645000000001,5.0,2.0,0.9,ok,50.51384854316712,
N=6|dead_zone=0.6|link_quality=0.5|n_missions=4|regime=jittery|rrf=60.0,H0,2,1695084382,6,60.0,4,jittery,0.6,0.5,0.5,0.5,0.0,0.0,0.0,0.3333333333333333,0.3333333333333333,1.0,0.3333333333333333,0.3333333333333333,,,4.0,0.0,0.0,0.0,0.0,0.0,6.0,60.0,4.0,0.2721564999999999,0.3553333333333333,0.6958763003349304,0.941004125,0.8633333333333333,0.561048686504364,0.941004125,0.668847625,5.0,,0.9,ok,15.011281967163086,
N=6|dead_zone=0.6|link_quality=0.5|n_missions=4|regime=jittery|rrf=60.0,H1,2,1695084382,6,60.0,4,jittery,0.6,0.5,2.0,1.0,0.75,0.25,0.0,1.0,0.9970344009489917,2.5827423149511795,0.8333333333333334,0.7619047619047619,1.0,2.0,4.0,4.0,0.0,3.0,3.0,9.051400244235992,6.0,60.0,4.0,0.2721564999999999,0.3553333333333333,0.6958763003349304,0.9867800625,0.9043333333333332,0.3267313241958618,0.9867800625,0.7146235624999999,5.0,4.0,0.9,ok,49.38610243797302,
N=6|dead_zone=0.6|link_quality=0.5|n_missions=4|regime=jittery|rrf=60.0,H0,3,1700165113,6,60.0,4,jittery,0.6,0.5,1.0,1.0,0.0,0.0,0.0,0.3333333333333333,0.3333333333333333,1.0,0.3333333333333333,0.3333333333333333,,,4.0,0.0,0.0,0.0,0.0,0.0,6.0,60.0,4.0,0.2577108125,0.3538333333333333,0.6959399580955505,0.9906290625,0.9588333333333332,0.2436167150735855,0.9906290625,0.73291825,5.0,4.0,0.9,ok,14.40620231628418,
N=6|dead_zone=0.6|link_quality=0.5|n_missions=4|regime=jittery|rrf=60.0,H1,3,1700165113,6,60.0,4,jittery,0.6,0.5,2.0,1.0,0.75,0.25,0.0,1.0,0.9950248756218906,2.5812908992306927,1.0,0.8888888888888888,1.0,1.6,4.0,4.0,0.0,3.75,3.25,9.772504270076752,6.0,60.0,4.0,0.2577108125,0.3538333333333333,0.6959399580955505,0.988241125,0.9445,0.2839066982269287,0.988241125,0.7305303125,5.0,2.0,0.9,ok,56.3801064491272,
N=6|dead_zone=0.6|link_quality=0.5|n_missions=4|regime=jittery|rrf=60.0,H0,4,2044159653,6,60.0,4,jittery,0.6,0.5,0.5,0.5,0.0,0.0,0.0,0.1666666666666666,0.1666666666666666,0.0,0.1666666666666666,0.1666666666666666,,,4.0,0.0,0.0,0.0,0.0,0.0,6.0,60.0,4.0,0.26550025,0.3565,0.6959371566772461,0.9356601875,0.8301666666666667,0.5757112503051758,0.9356601875,0.6701599374999999,5.0,,0.9,ok,11.50749683380127,
N=6|dead_zone=0.6|link_quality=0.5|n_missions=4|regime=jittery|rrf=60.0,H1,4,2044159653,6,60.0,4,jittery,0.6,0.5,2.25,1.0,0.75,0.5,0.0,1.0,0.9970344009489917,2.5827423149511795,0.6666666666666666,0.6428571428571429,1.0,1.3333333333333333,4.0,4.0,0.0,4.5,4.75,11.577350199222565,6.0,60.0,4.0,0.26550025,0.3565,0.6959371566772461,0.985329375,0.9111666666666668,0.2927380502223968,0.985329375,0.7198291250000001,5.0,2.0,0.9,ok,64.55934500694275,
N=6|dead_zone=0.6|link_quality=0.5|n_missions=4|regime=jittery|rrf=60.0,H0,5,2195781749,6,60.0,4,jittery,0.6,0.5,0.75,0.75,0.0,0.0,0.0,0.3333333333333333,0.3,0.9182958340544896,0.3333333333333333,0.3,,,4.0,0.0,0.0,0.0,0.0,0.0,6.0,60.0,4.0,0.2718943749999999,0.3563333333333333,0.6958802342414856,0.977824,0.8663333333333333,0.4185156226158142,0.977824,0.705929625,5.0,,0.9,ok,13.597474336624146,
N=6|dead_zone=0.6|link_quality=0.5|n_missions=4|regime=jittery|rrf=60.0,H1,5,2195781749,6,60.0,4,jittery,0.6,0.5,2.5,1.0,0.75,0.5,0.0,1.0,0.9950248756218906,2.581290899230692,0.8333333333333334,0.7575757575757576,1.0,1.7142857142857142,4.0,4.0,0.0,3.5,3.5,10.560011267662048,6.0,60.0,4.0,0.2718943749999999,0.3563333333333333,0.6958802342414856,0.98797175,0.912,0.2859645485877991,0.98797175,0.716077375,5.0,4.0,0.9,ok,56.82903695106506,
N=6|dead_zone=0.6|link_quality=0.5|n_missions=4|regime=jittery|rrf=60.0,H0,6,1562487150,6,60.0,4,jittery,0.6,0.5,0.5,0.5,0.0,0.0,0.0,0.1666666666666666,0.1666666666666666,0.0,0.1666666666666666,0.1666666666666666,,,4.0,0.0,0.0,0.0,0.0,0.0,6.0,60.0,4.0,0.2883359375,0.3595,0.6958167552947998,0.944662625,0.8393333333333334,0.5858197212219238,0.944662625,0.6563266875,5.0,,0.9,ok,11.61357593536377,
N=6|dead_zone=0.6|link_quality=0.5|n_missions=4|regime=jittery|rrf=60.0,H1,6,1562487150,6,60.0,4,jittery,0.6,0.5,1.75,1.0,0.5,0.25,0.0,1.0,0.9962335216572504,2.582193066735133,0.6666666666666666,0.6282051282051282,1.0,1.2,3.0,4.0,0.0,5.0,5.0,10.803455293178558,6.0,60.0,4.0,0.2883359375,0.3595,0.6958167552947998,0.977654875,0.8623333333333333,0.4223984479904175,0.977654875,0.6893189375,4.0,,0.9,ok,59.14443230628967,
N=6|dead_zone=0.6|link_quality=0.5|n_missions=4|regime=jittery|rrf=60.0,H0,7,2299158509,6,60.0,4,jittery,0.6,0.5,0.75,0.75,0.0,0.0,0.0,0.1666666666666666,0.1666666666666666,0.0,0.1666666666666666,0.1666666666666666,,,4.0,0.0,0.0,0.0,0.0,0.0,6.0,60.0,4.0,0.2701050625,0.3596666666666667,0.6959013938903809,0.9511481875,0.8706666666666667,0.452460378408432,0.9511481875,0.6810431250000001,5.0,,0.9,ok,12.841509342193604,
N=6|dead_zone=0.6|link_quality=0.5|n_missions=4|regime=jittery|rrf=60.0,H1,7,2299158509,6,60.0,4,jittery,0.6,0.5,2.5,1.0,1.0,0.5,0.0,1.0,1.0,2.584962500721156,0.8333333333333334,0.6410256410256411,1.0,1.7142857142857142,4.0,4.0,0.0,3.5,3.5,9.731195509433746,6.0,60.0,4.0,0.2701050625,0.3596666666666667,0.6959013938903809,0.986559125,0.93,0.2912312150001526,0.986559125,0.7164540625,5.0,4.0,0.9,ok,55.50355339050293,
N=6|dead_zone=0.6|link_quality=0.5|n_missions=4|regime=jittery|rrf=60.0,H0,8,350521117,6,60.0,4,jittery,0.6,0.5,0.5,0.5,0.0,0.0,0.0,0.1666666666666666,0.1666666666666666,0.0,0.1666666666666666,0.1666666666666666,,,4.0,0.0,0.0,0.0,0.0,0.0,6.0,60.0,4.0,0.2521123125,0.3586666666666667,0.695968508720398,0.9381513125,0.8895,0.5769926905632019,0.9381513125,0.6860390000000001,5.0,,0.9,ok,8.32768177986145,
N=6|dead_zone=0.6|link_quality=0.5|n_missions=4|regime=jittery|rrf=60.0,H1,8,350521117,6,60.0,4,jittery,0.6,0.5,2.0,0.75,0.75,0.25,0.0,1.0,0.9863387978142076,2.5746737280146283,0.8333333333333334,0.6666666666666666,0.75,1.5,3.0,4.0,0.0,4.0,3.0,9.496243000030518,6.0,60.0,4.0,0.2521123125,0.3586666666666667,0.695968508720398,0.974908,0.8563333333333333,0.4439217150211334,0.974908,0.7227956875,4.0,,0.9,ok,55.29474377632141,
N=6|dead_zone=0.6|link_quality=0.5|n_missions=4|regime=jittery|rrf=60.0,H0,9,3380772298,6,60.0,4,jittery,0.6,0.5,0.25,0.25,0.0,0.0,0.0,0.1666666666666666,0.1666666666666666,0.0,0.1666666666666666,0.1666666666666666,,,4.0,0.0,0.0,0.0,0.0,0.0,6.0,60.0,4.0,0.253391,0.3565,0.6959689259529114,0.7281766875000001,0.7203333333333334,0.6744544506072998,0.7281766875000001,0.4747856875,5.0,,0.9,ok,7.949771881103516,
N=6|dead_zone=0.6|link_quality=0.5|n_missions=4|regime=jittery|rrf=60.0,H1,9,3380772298,6,60.0,4,jittery,0.6,0.5,2.0,1.0,0.5,0.5,0.0,1.0,0.9950248756218906,2.5812908992306927,0.8333333333333334,0.6666666666666666,1.0,1.5,3.0,4.0,0.0,4.0,4.0,11.25924152135849,6.0,60.0,4.0,0.253391,0.3565,0.6959689259529114,0.94694125,0.8871666666666667,0.4506374001502991,0.94694125,0.6935502499999999,4.0,,0.9,ok,62.66848397254944,
N=6|dead_zone=0.6|link_quality=0.5|n_missions=4|regime=jittery|rrf=60.0,H0,10,1013629361,6,60.0,4,jittery,0.6,0.5,0.25,0.25,0.0,0.0,0.0,0.1666666666666666,0.1666666666666666,0.0,0.1666666666666666,0.1666666666666666,,,4.0,0.0,0.0,0.0,0.0,0.0,6.0,60.0,4.0,0.2589363125,0.3553333333333333,0.6959993243217468,0.8684223125000001,0.7423333333333333,0.6655318737030029,0.8684223125000001,0.6094860000000001,5.0,,0.9,ok,9.546417951583862,
N=6|dead_zone=0.6|link_quality=0.5|n_missions=4|regime=jittery|rrf=60.0,H1,10,1013629361,6,60.0,4,jittery,0.6,0.5,2.25,0.75,0.75,0.5,0.0,1.0,0.9963609898107716,2.5824166230333305,0.6666666666666666,0.6428571428571429,0.75,1.8461538461538465,3.0,4.0,0.0,3.25,2.75,7.899567008018494,6.0,60.0,4.0,0.2589363125,0.3553333333333333,0.6959993243217468,0.969625875,0.8463333333333334,0.4333594441413879,0.969625875,0.7106895625,4.0,,0.9,ok,46.54571723937988,
N=6|dead_zone=0.6|link_quality=0.5|n_missions=4|regime=jittery|rrf=60.0,H0,11,595743112,6,60.0,4,jittery,0.6,0.5,0.5,0.5,0.0,0.0,0.0,0.1666666666666666,0.1666666666666666,0.0,0.1666666666666666,0.1666666666666666,,,4.0,0.0,0.0,0.0,0.0,0.0,6.0,60.0,4.0,0.26068325,0.358,0.6959477663040161,0.9443760625,0.7886666666666666,0.5885588526725769,0.9443760625,0.6836928124999999,5.0,,0.9,ok,12.702072620391846,
N=6|dead_zone=0.6|link_quality=0.5|n_missions=4|regime=jittery|rrf=60.0,H1,11,595743112,6,60.0,4,jittery,0.6,0.5,1.75,1.0,0.5,0.25,0.0,1.0,0.9970344009489917,2.5827423149511795,0.6666666666666666,0.5444444444444444,1.0,1.5,4.0,4.0,0.0,4.0,4.0,11.127864181995392,6.0,60.0,4.0,0.26068325,0.358,0.6959477663040161,0.983773375,0.9026666666666666,0.3147589862346649,0.983773375,0.7230901250000001,5.0,4.0,0.9,ok,58.07930779457092,
N=6|dead_zone=0.6|link_quality=0.5|n_missions=4|regime=jittery|rrf=60.0,H0,12,1464903239,6,60.0,4,jittery,0.6,0.5,1.0,0.75,0.25,0.0,0.0,0.3333333333333333,0.2666666666666666,0.8112781244591328,0.3333333333333333,0.2666666666666666,,,4.0,0.0,0.0,0.0,0.0,0.0,6.0,60.0,4.0,0.280559375,0.3595,0.695839524269104,0.976496625,0.8741666666666666,0.4328966438770294,0.976496625,0.6959372500000001,5.0,,0.9,ok,13.256314277648926,
N=6|dead_zone=0.6|link_quality=0.5|n_missions=4|regime=jittery|rrf=60.0,H1,12,1464903239,6,60.0,4,jittery,0.6,0.5,1.25,0.75,0.25,0.25,0.0,1.0,0.9918032786885246,2.578992712198113,0.6666666666666666,0.5952380952380952,0.75,2.0,3.0,4.0,0.0,3.0,2.0,8.496292889118195,6.0,60.0,4.0,0.280559375,0.3595,0.695839524269104,0.9709480625,0.8891666666666667,0.4016228914260864,0.9709480625,0.6903886875,4.0,,0.9,ok,47.14013862609863,
N=6|dead_zone=0.6|link_quality=0.5|n_missions=4|regime=jittery|rrf=60.0,H0,13,3804815520,6,60.0,4,jittery,0.6,0.5,1.0,1.0,0.0,0.0,0.0,0.3333333333333333,0.3333333333333333,1.0,0.3333333333333333,0.3333333333333333,,,4.0,0.0,0.0,0.0,0.0,0.0,6.0,60.0,4.0,0.2531655625,0.3565,0.6960152387619019,0.989295875,0.942,0.3170790672302246,0.989295875,0.7361303125,5.0,3.0,0.9,ok,15.377298593521118,
N=6|dead_zone=0.6|link_quality=0.5|n_missions=4|regime=jittery|rrf=60.0,H1,13,3804815520,6,60.0,4,jittery,0.6,0.5,2.0,1.0,0.75,0.25,0.0,1.0,1.0,2.584962500721156,0.8333333333333334,0.7619047619047619,1.0,1.5,4.0,4.0,0.0,4.0,4.0,10.658007323741913,6.0,60.0,4.0,0.2531655625,0.3565,0.6960152387619019,0.9856040625,0.8873333333333333,0.3209123015403747,0.9856040625,0.7324385000000001,5.0,,0.9,ok,55.63971519470215,
N=6|dead_zone=0.6|link_quality=0.5|n_missions=4|regime=jittery|rrf=60.0,H0,14,953649259,6,60.0,4,jittery,0.6,0.5,0.5,0.25,0.25,0.0,0.0,0.3333333333333333,0.3333333333333333,1.0,0.3333333333333333,0.3333333333333333,,,4.0,0.0,0.0,0.0,0.0,0.0,6.0,60.0,4.0,0.2667505625,0.3535,0.6959543228149414,0.8577477500000001,0.7745,0.6709034442901611,0.8577477500000001,0.5909971875000002,5.0,,0.9,ok,10.854117393493652,
N=6|dead_zone=0.6|link_quality=0.5|n_missions=4|regime=jittery|rrf=60.0,H1,14,953649259,6,60.0,4,jittery,0.6,0.5,2.0,1.0,0.75,0.25,0.0,1.0,0.9932432432432432,2.5800385460659068,0.6666666666666666,0.4848484848484848,1.0,1.5,4.0,4.0,0.0,4.0,4.0,12.166222631931303,6.0,60.0,4.0,0.2667505625,0.3535,0.6959543228149414,0.989633625,0.9155,0.2871622443199157,0.989633625,0.7228830625,5.0,4.0,0.9,ok,60.70192861557007,
N=6|dead_zone=0.6|link_quality=0.5|n_missions=4|regime=jittery|rrf=60.0,H0,15,281546547,6,60.0,4,jittery,0.6,0.5,0.5,0.5,0.0,0.0,0.0,0.1666666666666666,0.1666666666666666,0.0,0.1666666666666666,0.1666666666666666,,,4.0,0.0,0.0,0.0,0.0,0.0,6.0,60.0,4.0,0.2596430624999999,0.3553333333333333,0.6960023045539856,0.939649875,0.7991666666666667,0.613595724105835,0.939649875,0.6800068125000001,5.0,,0.9,ok,9.713207721710203,
N=6|dead_zone=0.6|link_quality=0.5|n_missions=4|regime=jittery|rrf=60.0,H1,15,281546547,6,60.0,4,jittery,0.6,0.5,2.25,1.0,0.5,0.5,0.0,1.0,0.9970344009489917,2.5827423149511795,0.8333333333333334,0.7105263157894737,1.0,1.5,4.0,4.0,0.0,4.0,4.0,8.262190520763397,6.0,60.0,4.0,0.2596430624999999,0.3553333333333333,0.6960023045539856,0.984313125,0.9213333333333332,0.2866353094577789,0.984313125,0.7246700625,5.0,4.0,0.9,ok,46.40957474708557,
N=6|dead_zone=0.6|link_quality=0.5|n_missions=4|regime=jittery|rrf=60.0,H0,16,1026844441,6,60.0,4,jittery,0.6,0.5,0.5,0.5,0.0,0.0,0.0,0.3333333333333333,0.3333333333333333,1.0,0.3333333333333333,0.3333333333333333,,,4.0,0.0,0.0,0.0,0.0,0.0,6.0,60.0,4.0,0.2621641875,0.36,0.6959651112556458,0.9283709375,0.8645,0.6068537831306458,0.9283709375,0.66620675,5.0,,0.9,ok,10.341919898986816,
N=6|dead_zone=0.6|link_quality=0.5|n_missions=4|regime=jittery|rrf=60.0,H1,16,1026844441,6,60.0,4,jittery,0.6,0.5,1.75,0.75,0.5,0.25,0.0,1.0,0.9944903581267218,2.581030962756369,0.6666666666666666,0.5444444444444444,0.75,1.6,3.0,4.0,0.0,3.75,2.5,9.256790280342102,6.0,60.0,4.0,0.2621641875,0.36,0.6959651112556458,0.980940625,0.8913333333333333,0.405105710029602,0.980940625,0.7187764375000001,4.0,2.0,0.9,ok,54.72027778625488,
N=6|dead_zone=0.6|link_quality=0.5|n_missions=4|regime=jittery|rrf=60.0,H0,17,4135270494,6,60.0,4,jittery,0.6,0.5,0.5,0.5,0.0,0.0,0.0,0.1666666666666666,0.1666666666666666,0.0,0.1666666666666666,0.1666666666666666,,,4.0,0.0,0.0,0.0,0.0,0.0,6.0,60.0,4.0,0.2681975,0.3565,0.6958843469619751,0.906498625,0.8361666666666666,0.5911093354225159,0.906498625,0.6383011250000001,5.0,,0.9,ok,9.835384845733644,
N=6|dead_zone=0.6|link_quality=0.5|n_missions=4|regime=jittery|rrf=60.0,H1,17,4135270494,6,60.0,4,jittery,0.6,0.5,0.75,0.5,0.25,0.0,0.0,1.0,0.9959349593495936,2.581896859914352,0.3333333333333333,0.3,0.5,2.0,2.0,4.0,0.0,3.0,1.5,8.627662539482117,6.0,60.0,4.0,0.2681975,0.3565,0.6958843469619751,0.9162212500000002,0.8006666666666666,0.5790838003158569,0.9162212500000002,0.6480237500000002,3.0,,0.9,ok,47.6820023059845,
N=6|dead_zone=0.6|link_quality=0.5|n_missions=4|regime=jittery|rrf=60.0,H0,18,1228038370,6,60.0,4,jittery,0.6,0.5,0.75,0.75,0.0,0.0,0.0,0.3333333333333333,0.3,0.9182958340544896,0.3333333333333333,0.3,,,4.0,0.0,0.0,0.0,0.0,0.0,6.0,60.0,4.0,0.283004875,0.3525,0.6958739161491394,0.9680281875,0.8511666666666666,0.4383207261562347,0.9680281875,0.6850233125,5.0,,0.9,ok,11.151766061782835,
N=6|dead_zone=0.6|link_quality=0.5|n_missions=4|regime=jittery|rrf=60.0,H1,18,1228038370,6,60.0,4,jittery,0.6,0.5,1.0,0.75,0.25,0.0,0.0,1.0,1.0,2.584962500721156,0.5,0.4444444444444444,0.75,2.0,3.0,4.0,0.0,3.0,2.25,9.541710138320925,6.0,60.0,4.0,0.283004875,0.3525,0.6958739161491394,0.981501375,0.878,0.4041936099529266,0.981501375,0.6984965000000001,4.0,,0.9,ok,53.58486771583557,
N=6|dead_zone=0.6|link_quality=0.5|n_missions=4|regime=jittery|rrf=60.0,H0,19,625451884,6,60.0,4,jittery,0.6,0.5,0.25,0.25,0.0,0.0,0.0,0.1666666666666666,0.1666666666666666,0.0,0.1666666666666666,0.1666666666666666,,,4.0,0.0,0.0,0.0,0.0,0.0,6.0,60.0,4.0,0.2785372499999999,0.3576666666666667,0.6958619952201843,0.8446211874999999,0.6943333333333334,0.6582345366477966,0.8446211874999999,0.5660839375,5.0,,0.9,ok,9.087877988815308,
N=6|dead_zone=0.6|link_quality=0.5|n_missions=4|regime=jittery|rrf=60.0,H1,19,625451884,6,60.0,4,jittery,0.6,0.5,2.5,1.0,1.0,0.5,0.0,1.0,0.9970344009489917,2.5827423149511795,1.0,0.925925925925926,1.0,1.5,4.0,4.0,0.0,4.0,4.0,9.198670506477356,6.0,60.0,4.0,0.2785372499999999,0.3576666666666667,0.6958619952201843,0.988264625,0.915,0.3008012175559997,0.988264625,0.709727375,5.0,4.0,0.9,ok,54.43804574012756,
N=6|dead_zone=0.6|link_quality=0.7|n_missions=4|regime=jittery|rrf=60.0,H0,0,2097065138,6,60.0,4,jittery,0.6,0.7,1.25,1.0,0.25,0.0,0.0,0.3333333333333333,0.3205128205128205,0.9709505944546686,0.3333333333333333,0.3205128205128205,,,4.0,0.0,0.0,0.0,0.0,0.0,6.0,60.0,4.0,0.2542936875,0.3565,0.695971667766571,0.9879795625,0.9151666666666668,0.3133760690689087,0.9879795625,0.7336858749999999,5.0,4.0,0.9,ok,11.883111953735352,
N=6|dead_zone=0.6|link_quality=0.7|n_missions=4|regime=jittery|rrf=60.0,H1,0,2097065138,6,60.0,4,jittery,0.6,0.7,3.5,1.0,1.0,0.75,0.0,1.0,1.0,2.584962500721156,1.0,0.8166666666666667,1.0,1.5,4.0,4.0,0.0,4.0,4.0,7.594507694244385,6.0,60.0,4.0,0.2542936875,0.3565,0.695971667766571,0.9883671875,0.886,0.3226738572120666,0.9883671875,0.7340735,5.0,,0.9,ok,50.15638327598572,
N=6|dead_zone=0.6|link_quality=0.7|n_missions=4|regime=jittery|rrf=60.0,H0,1,2827635083,6,60.0,4,jittery,0.6,0.7,1.0,1.0,0.0,0.0,0.0,0.1666666666666666,0.1666666666666666,0.0,0.1666666666666666,0.1666666666666666,,,4.0,0.0,0.0,0.0,0.0,0.0,6.0,60.0,4.0,0.2801547499999999,0.3536666666666667,0.6958832740783691,0.986047875,0.9008333333333334,0.3220081329345703,0.986047875,0.705893125,5.0,4.0,0.9,ok,9.95469355583191,
N=6|dead_zone=0.6|link_quality=0.7|n_missions=4|regime=jittery|rrf=60.0,H1,1,2827635083,6,60.0,4,jittery,0.6,0.7,2.25,1.0,1.0,0.25,0.0,1.0,0.9970344009489917,2.5827423149511795,0.6666666666666666,0.54,1.0,2.0,4.0,4.0,0.0,3.0,3.0,8.995506227016449,6.0,60.0,4.0,0.2801547499999999,0.3536666666666667,0.6958832740783691,0.9813953125,0.881,0.3265785574913025,0.9813953125,0.7012405625,5.0,,0.9,ok,53.337445974349976,
N=6|dead_zone=0.6|link_quality=0.7|n_missions=4|regime=jittery|rrf=60.0,H0,2,572002489,6,60.0,4,jittery,0.6,0.7,0.75,0.75,0.0,0.0,0.0,0.1666666666666666,0.1666666666666666,0.0,0.1666666666666666,0.1666666666666666,,,4.0,0.0,0.0,0.0,0.0,0.0,6.0,60.0,4.0,0.272147625,0.3591666666666667,0.6958951950073242,0.9819220625,0.7953333333333333,0.4366591274738312,0.9819220625,0.7097744375000001,5.0,,0.9,ok,10.449349880218506,
N=6|dead_zone=0.6|link_quality=0.7|n_missions=4|regime=jittery|rrf=60.0,H1,2,572002489,6,60.0,4,jittery,0.6,0.7,1.75,1.0,0.5,0.25,0.0,1.0,0.9873617693522908,2.575854381449572,0.5,0.4803921568627451,1.0,1.0,4.0,4.0,0.0,6.0,6.0,13.065560400485992,6.0,60.0,4.0,0.272147625,0.3591666666666667,0.6958951950073242,0.988461625,0.9388333333333332,0.2967836260795593,0.988461625,0.7163140000000001,5.0,4.0,0.9,ok,64.7103545665741,
N=6|dead_zone=0.6|link_quality=0.7|n_missions=4|regime=jittery|rrf=60.0,H0,3,1640218479,6,60.0,4,jittery,0.6,0.7,1.75,1.0,0.75,0.0,0.0,0.3333333333333333,0.3266666666666666,0.9852281360342516,0.3333333333333333,0.3266666666666666,,,4.0,0.0,0.0,0.0,0.0,0.0,6.0,60.0,4.0,0.2910265000000001,0.3608333333333333,0.6957880854606628,0.9844995,0.8966666666666666,0.3354978859424591,0.9844995,0.693473,5.0,,0.9,ok,14.175742149353027,
N=6|dead_zone=0.6|link_quality=0.7|n_missions=4|regime=jittery|rrf=60.0,H1,3,1640218479,6,60.0,4,jittery,0.6,0.7,2.75,1.0,1.0,0.5,0.0,1.0,0.9958847736625516,2.582023940964276,1.0,0.8768115942028986,1.0,1.5,4.0,4.0,0.0,4.0,4.0,11.11733454465866,6.0,60.0,4.0,0.2910265000000001,0.3608333333333333,0.6957880854606628,0.98449475,0.914,0.291751503944397,0.98449475,0.69346825,5.0,4.0,0.9,ok,59.72992515563965,
N=6|dead_zone=0.6|link_quality=0.7|n_missions=4|regime=jittery|rrf=60.0,H0,4,1514567252,6,60.0,4,jittery,0.6,0.7,0.25,0.25,0.0,0.0,0.0,0.1666666666666666,0.1666666666666666,0.0,0.1666666666666666,0.1666666666666666,,,4.0,0.0,0.0,0.0,0.0,0.0,6.0,60.0,4.0,0.2591998125,0.3605,0.6959758400917053,0.8285030624999999,0.7206666666666667,0.6683405041694641,0.8285030624999999,0.5693032499999999,5.0,,0.9,ok,8.419607877731323,
N=6|dead_zone=0.6|link_quality=0.7|n_missions=4|regime=jittery|rrf=60.0,H1,4,1514567252,6,60.0,4,jittery,0.6,0.7,2.0,1.0,0.75,0.25,0.0,1.0,0.9970344009489917,2.5827423149511795,0.6666666666666666,0.6666666666666666,1.0,1.7142857142857142,4.0,4.0,0.0,3.5,3.75,9.922508358955383,6.0,60.0,4.0,0.2591998125,0.3605,0.6959758400917053,0.9803835,0.9531666666666668,0.2900324165821075,0.9803835,0.7211836875,5.0,4.0,0.9,ok,55.097602128982544,
N=6|dead_zone=0.6|link_quality=0.7|n_missions=4|regime=jittery|rrf=60.0,H0,5,1368323313,6,60.0,4,jittery,0.6,0.7,0.25,0.25,0.0,0.0,0.0,0.1666666666666666,0.1666666666666666,0.0,0.1666666666666666,0.1666666666666666,,,4.0,0.0,0.0,0.0,0.0,0.0,6.0,60.0,4.0,0.2612725,0.3593333333333333,0.6959516406059265,0.805835,0.6075,0.677328884601593,0.805835,0.5445625,5.0,,0.9,ok,8.689835548400879,
N=6|dead_zone=0.6|link_quality=0.7|n_missions=4|regime=jittery|rrf=60.0,H1,5,1368323313,6,60.0,4,jittery,0.6,0.7,1.25,0.75,0.25,0.25,0.0,1.0,0.9959349593495936,2.581896859914352,0.5,0.4629629629629629,0.75,2.6666666666666665,3.0,4.0,0.0,2.25,2.0,7.215774238109589,6.0,60.0,4.0,0.2612725,0.3593333333333333,0.6959516406059265,0.980656375,0.8565,0.4396003484725952,0.980656375,0.719383875,4.0,,0.9,ok,41.912206411361694,
N=6|dead_zone=0.6|link_quality=0.7|n_missions=4|regime=jittery|rrf=60.0,H0,6,1910796240,6,60.0,4,jittery,0.6,0.7,1.0,0.75,0.25,0.0,0.0,0.3333333333333333,0.2666666666666666,0.8112781244591328,0.3333333333333333,0.2666666666666666,,,4.0,0.0,0.0,0.0,0.0,0.0,6.0,60.0,4.0,0.2904315,0.3583333333333333,0.6958063840866089,0.9630285625,0.8411666666666666,0.4509227573871612,0.9630285625,0.6725970625,5.0,,0.9,ok,12.081048727035522,
N=6|dead_zone=0.6|link_quality=0.7|n_missions=4|regime=jittery|rrf=60.0,H1,6,1910796240,6,60.0,4,jittery,0.6,0.7,1.75,1.0,0.5,0.25,0.0,1.0,0.9944903581267218,2.581030962756369,0.6666666666666666,0.4298245614035088,1.0,2.0,4.0,4.0,0.0,3.0,3.0,7.448232471942902,6.0,60.0,4.0,0.2904315,0.3583333333333333,0.6958063840866089,0.979728625,0.9075,0.3307350277900696,0.979728625,0.6892971250000002,5.0,4.0,0.9,ok,48.24022459983826,
N=6|dead_zone=0.6|link_quality=0.7|n_missions=4|regime=jittery|rrf=60.0,H0,7,2285691737,6,60.0,4,jittery,0.6,0.7,1.5,1.0,0.5,0.0,0.0,0.3333333333333333,0.3,0.9182958340544896,0.3333333333333333,0.3,,,4.0,0.0,0.0,0.0,0.0,0.0,6.0,60.0,4.0,0.261597625,0.3558333333333333,0.6959444880485535,0.989194625,0.8916666666666667,0.2928992211818695,0.989194625,0.727597,5.0,,0.9,ok,12.366822481155396,
N=6|dead_zone=0.6|link_quality=0.7|n_missions=4|regime=jittery|rrf=60.0,H1,7,2285691737,6,60.0,4,jittery,0.6,0.7,2.0,1.0,0.5,0.5,0.0,1.0,0.9950248756218906,2.5812908992306927,1.0,0.7619047619047619,1.0,2.0,4.0,4.0,0.0,3.0,3.0,10.294021010398865,6.0,60.0,4.0,0.261597625,0.3558333333333333,0.6959444880485535,0.9883124375,0.9058333333333334,0.2952221632003784,0.9883124375,0.7267148125,5.0,4.0,0.9,ok,57.15260195732117,
N=6|dead_zone=0.6|link_quality=0.7|n_missions=4|regime=jittery|rrf=60.0,H0,8,1305134407,6,60.0,4,jittery,0.6,0.7,1.0,0.75,0.25,0.0,0.0,0.3333333333333333,0.2666666666666666,0.8112781244591328,0.3333333333333333,0.2666666666666666,,,4.0,0.0,0.0,0.0,0.0,0.0,6.0,60.0,4.0,0.282551,0.3578333333333333,0.6958376169204712,0.96909375,0.82,0.4550451636314392,0.96909375,0.6865427500000001,5.0,,0.9,ok,12.134084939956663,
N=6|dead_zone=0.6|link_quality=0.7|n_missions=4|regime=jittery|rrf=60.0,H1,8,1305134407,6,60.0,4,jittery,0.6,0.7,2.0,1.0,0.5,0.5,0.0,1.0,0.9845580404685836,2.573449999747281,0.8333333333333334,0.7619047619047619,1.0,1.2,4.0,4.0,0.0,5.0,5.0,10.360446810722353,6.0,60.0,4.0,0.282551,0.3578333333333333,0.6958376169204712,0.9880796875,0.893,0.3137146532535553,0.9880796875,0.7055286875000001,5.0,,0.9,ok,54.96316432952881,
N=6|dead_zone=0.6|link_quality=0.7|n_missions=4|regime=jittery|rrf=60.0,H0,9,2252105161,6,60.0,4,jittery,0.6,0.7,0.75,0.5,0.25,0.0,0.0,0.3333333333333333,0.3,0.9182958340544896,0.3333333333333333,0.3,,,4.0,0.0,0.0,0.0,0.0,0.0,6.0,60.0,4.0,0.2859436875,0.3596666666666667,0.6958553194999695,0.9179835,0.866,0.5946897268295288,0.9179835,0.6320398125000001,5.0,,0.9,ok,13.977054595947266,
N=6|dead_zone=0.6|link_quality=0.7|n_missions=4|regime=jittery|rrf=60.0,H1,9,2252105161,6,60.0,4,jittery,0.6,0.7,0.75,0.75,0.0,0.0,0.0,1.0,0.9908896034297964,2.578259443829153,0.3333333333333333,0.3,0.75,1.5,3.0,4.0,0.0,4.0,3.0,11.46899127960205,6.0,60.0,4.0,0.2859436875,0.3596666666666667,0.6958553194999695,0.948333,0.7891666666666667,0.4590711295604706,0.948333,0.6623893125000001,4.0,,0.9,ok,59.11274480819702,
N=6|dead_zone=0.6|link_quality=0.7|n_missions=4|regime=jittery|rrf=60.0,H0,10,4057301290,6,60.0,4,jittery,0.6,0.7,0.75,0.75,0.0,0.0,0.0,0.1666666666666666,0.1666666666666666,0.0,0.1666666666666666,0.1666666666666666,,,4.0,0.0,0.0,0.0,0.0,0.0,6.0,60.0,4.0,0.2814079375,0.357,0.6958417296409607,0.9674206875,0.9038333333333334,0.4564658999443054,0.9674206875,0.68601275,5.0,3.0,0.9,ok,10.496217250823976,
N=6|dead_zone=0.6|link_quality=0.7|n_missions=4|regime=jittery|rrf=60.0,H1,10,4057301290,6,60.0,4,jittery,0.6,0.7,1.25,0.75,0.25,0.25,0.0,1.0,1.0,2.584962500721156,0.5,0.4629629629629629,0.75,2.0,3.0,4.0,0.0,3.0,2.25,9.371774673461914,6.0,60.0,4.0,0.2814079375,0.357,0.6958417296409607,0.9609828125,0.8461666666666666,0.459596186876297,0.9609828125,0.6795748750000001,4.0,,0.9,ok,49.315390825271606,
N=6|dead_zone=0.6|link_quality=0.7|n_missions=4|regime=jittery|rrf=60.0,H0,11,32474845,6,60.0,4,jittery,0.6,0.7,0.75,0.5,0.25,0.0,0.0,0.3333333333333333,0.3,0.9182958340544896,0.3333333333333333,0.3,,,4.0,0.0,0.0,0.0,0.0,0.0,6.0,60.0,4.0,0.258312875,0.3585,0.6959397792816162,0.9456255625,0.8435,0.5588089823722839,0.9456255625,0.6873126875,5.0,,0.9,ok,11.916102886199951,
N=6|dead_zone=0.6|link_quality=0.7|n_missions=4|regime=jittery|rrf=60.0,H1,11,32474845,6,60.0,4,jittery,0.6,0.7,1.5,0.75,0.5,0.25,0.0,1.0,0.9963609898107716,2.5824166230333305,1.0,1.0,0.75,2.4,3.0,4.0,0.0,2.5,2.0,8.667680203914642,6.0,60.0,4.0,0.258312875,0.3585,0.6959397792816162,0.956559375,0.864,0.4409108161926269,0.956559375,0.6982465,4.0,,0.9,ok,48.24394702911377,
N=6|dead_zone=0.6|link_quality=0.7|n_missions=4|regime=jittery|rrf=60.0,H0,12,2967672222,6,60.0,4,jittery,0.6,0.7,0.5,0.5,0.0,0.0,0.0,0.1666666666666666,0.1666666666666666,0.0,0.1666666666666666,0.1666666666666666,,,4.0,0.0,0.0,0.0,0.0,0.0,6.0,60.0,4.0,0.2617503125,0.3575,0.6959743499755859,0.9668073125,0.91,0.5495061278343201,0.9668073125,0.705057,5.0,3.0,0.9,ok,8.889421939849854,
N=6|dead_zone=0.6|link_quality=0.7|n_missions=4|regime=jittery|rrf=60.0,H1,12,2967672222,6,60.0,4,jittery,0.6,0.7,1.75,0.75,0.75,0.25,0.0,1.0,0.9950248756218906,2.5812908992306927,0.6666666666666666,0.6282051282051282,0.75,2.0,3.0,4.0,0.0,3.0,2.25,8.436602592468262,6.0,60.0,4.0,0.2617503125,0.3575,0.6959743499755859,0.978903,0.871,0.4462877213954925,0.978903,0.7171526874999999,4.0,,0.9,ok,48.24943733215332,
N=6|dead_zone=0.6|link_quality=0.7|n_missions=4|regime=jittery|rrf=60.0,H0,13,1609616085,6,60.0,4,jittery,0.6,0.7,0.75,0.75,0.0,0.0,0.0,0.1666666666666666,0.1666666666666666,0.0,0.1666666666666666,0.1666666666666666,,,4.0,0.0,0.0,0.0,0.0,0.0,6.0,60.0,4.0,0.2625891875,0.3595,0.6959299445152283,0.9487043750000002,0.8266666666666667,0.4468203485012054,0.9487043750000002,0.6861151875000001,5.0,,0.9,ok,12.477417707443236,
N=6|dead_zone=0.6|link_quality=0.7|n_missions=4|regime=jittery|rrf=60.0,H1,13,1609616085,6,60.0,4,jittery,0.6,0.7,2.0,1.0,0.5,0.5,0.0,1.0,0.9948186528497408,2.581195636817322,0.8333333333333334,0.7619047619047619,1.0,1.263157894736842,4.0,4.0,0.0,4.75,4.75,12.425663888454435,6.0,60.0,4.0,0.2625891875,0.3595,0.6959299445152283,0.98382,0.9255,0.3106265366077423,0.98382,0.7212308125000001,5.0,3.0,0.9,ok,63.54132318496704,
N=6|dead_zone=0.6|link_quality=0.7|n_missions=4|regime=jittery|rrf=60.0,H0,14,2095109486,6,60.0,4,jittery,0.6,0.7,1.25,0.75,0.5,0.0,0.0,0.3333333333333333,0.3205128205128205,0.9709505944546686,0.3333333333333333,0.3205128205128205,,,4.0,0.0,0.0,0.0,0.0,0.0,6.0,60.0,4.0,0.2704689999999999,0.3598333333333333,0.6959196925163269,0.967635375,0.8591666666666666,0.4300883412361145,0.967635375,0.697166375,5.0,,0.9,ok,14.335892677307127,
N=6|dead_zone=0.6|link_quality=0.7|n_missions=4|regime=jittery|rrf=60.0,H1,14,2095109486,6,60.0,4,jittery,0.6,0.7,1.75,1.0,0.5,0.25,0.0,1.0,0.9950248756218906,2.581290899230692,0.8333333333333334,0.7424242424242424,1.0,1.5,4.0,4.0,0.0,4.0,3.75,10.59072971343994,6.0,60.0,4.0,0.2704689999999999,0.3598333333333333,0.6959196925163269,0.987692875,0.8858333333333334,0.308451235294342,0.987692875,0.7172238750000001,5.0,,0.9,ok,55.78650450706482,
N=6|dead_zone=0.6|link_quality=0.7|n_missions=4|regime=jittery|rrf=60.0,H0,15,1723858287,6,60.0,4,jittery,0.6,0.7,0.75,0.75,0.0,0.0,0.0,0.3333333333333333,0.3,0.9182958340544896,0.3333333333333333,0.3,,,4.0,0.0,0.0,0.0,0.0,0.0,6.0,60.0,4.0,0.2542425,0.356,0.6959637999534607,0.974569125,0.8835,0.4072499871253967,0.974569125,0.720326625,5.0,,0.9,ok,11.72093915939331,
N=6|dead_zone=0.6|link_quality=0.7|n_missions=4|regime=jittery|rrf=60.0,H1,15,1723858287,6,60.0,4,jittery,0.6,0.7,1.75,1.0,0.5,0.25,0.0,1.0,0.9968102073365231,2.5826831892554925,0.6666666666666666,0.6282051282051282,1.0,1.0,4.0,4.0,0.0,6.0,6.0,13.198209345340729,6.0,60.0,4.0,0.2542425,0.356,0.6959637999534607,0.9738234375,0.8968333333333334,0.3467860221862793,0.9738234375,0.7195809375,5.0,,0.9,ok,65.7056713104248,
N=6|dead_zone=0.6|link_quality=0.7|n_missions=4|regime=jittery|rrf=60.0,H0,16,2887948690,6,60.0,4,jittery,0.6,0.7,0.75,0.75,0.0,0.0,0.0,0.3333333333333333,0.3,0.9182958340544896,0.3333333333333333,0.3,,,4.0,0.0,0.0,0.0,0.0,0.0,6.0,60.0,4.0,0.29034225,0.3595,0.6958170533180237,0.976240125,0.8836666666666667,0.4018906354904175,0.976240125,0.685897875,5.0,,0.9,ok,13.94940996170044,
N=6|dead_zone=0.6|link_quality=0.7|n_missions=4|regime=jittery|rrf=60.0,H1,16,2887948690,6,60.0,4,jittery,0.6,0.7,2.0,0.75,0.75,0.5,0.0,1.0,0.9950248756218906,2.581290899230692,0.8333333333333334,0.7619047619047619,0.75,1.5,3.0,4.0,0.0,4.0,3.0,10.125171422958374,6.0,60.0,4.0,0.29034225,0.3595,0.6958170533180237,0.9644270625,0.8506666666666667,0.4469794929027557,0.9644270625,0.6740848125000001,4.0,,0.9,ok,52.94000720977783,
N=6|dead_zone=0.6|link_quality=0.7|n_missions=4|regime=jittery|rrf=60.0,H0,17,4017615535,6,60.0,4,jittery,0.6,0.7,0.75,0.75,0.0,0.0,0.0,0.3333333333333333,0.3,0.9182958340544896,0.3333333333333333,0.3,,,4.0,0.0,0.0,0.0,0.0,0.0,6.0,60.0,4.0,0.2538829375,0.3595,0.6959723234176636,0.9800045,0.865,0.427941232919693,0.9800045,0.7261215624999999,5.0,,0.9,ok,11.56466579437256,
N=6|dead_zone=0.6|link_quality=0.7|n_missions=4|regime=jittery|rrf=60.0,H1,17,4017615535,6,60.0,4,jittery,0.6,0.7,1.25,0.75,0.5,0.0,0.0,1.0,0.9897750511247444,2.5773238024297203,0.6666666666666666,0.5952380952380952,0.75,1.2,3.0,4.0,0.0,5.0,3.75,12.752998948097227,6.0,60.0,4.0,0.2538829375,0.3595,0.6959723234176636,0.98103475,0.8288333333333333,0.423976331949234,0.98103475,0.7271518124999999,4.0,,0.9,ok,63.78960919380188,
N=6|dead_zone=0.6|link_quality=0.7|n_missions=4|regime=jittery|rrf=60.0,H0,18,4103918132,6,60.0,4,jittery,0.6,0.7,1.25,1.0,0.25,0.0,0.0,0.3333333333333333,0.3205128205128205,0.9709505944546686,0.3333333333333333,0.3205128205128205,,,4.0,0.0,0.0,0.0,0.0,0.0,6.0,60.0,4.0,0.2571831249999999,0.3575,0.6959779262542725,0.984214625,0.8993333333333333,0.2990463972091675,0.984214625,0.7270315000000002,5.0,,0.9,ok,13.629103422164915,
N=6|dead_zone=0.6|link_quality=0.7|n_missions=4|regime=jittery|rrf=60.0,H1,18,4103918132,6,60.0,4,jittery,0.6,0.7,2.25,1.0,0.75,0.5,0.0,1.0,0.9970344009489917,2.5827423149511795,0.6666666666666666,0.6428571428571429,1.0,1.7142857142857142,4.0,4.0,0.0,3.5,3.5,8.945102334022522,6.0,60.0,4.0,0.2571831249999999,0.3575,0.6959779262542725,0.987483125,0.9148333333333334,0.288827121257782,0.987483125,0.7303000000000001,5.0,4.0,0.9,ok,52.22472715377808,
N=6|dead_zone=0.6|link_quality=0.7|n_missions=4|regime=jittery|rrf=60.0,H0,19,3780453237,6,60.0,4,jittery,0.6,0.7,0.75,0.75,0.0,0.0,0.0,0.3333333333333333,0.3,0.9182958340544896,0.3333333333333333,0.3,,,4.0,0.0,0.0,0.0,0.0,0.0,6.0,60.0,4.0,0.29261025,0.3606666666666667,0.6957654356956482,0.9775975,0.9095,0.408038318157196,0.9775975,0.68498725,5.0,4.0,0.9,ok,15.632583379745483,
N=6|dead_zone=0.6|link_quality=0.7|n_missions=4|regime=jittery|rrf=60.0,H1,19,3780453237,6,60.0,4,jittery,0.6,0.7,2.25,1.0,0.75,0.25,0.0,1.0,0.9929693961952026,2.579809140434293,0.8333333333333334,0.7105263157894737,1.0,1.2,4.0,4.0,0.0,5.0,5.0,12.556153059005736,6.0,60.0,4.0,0.29261025,0.3606666666666667,0.6957654356956482,0.9829098125,0.898,0.3173233270645141,0.9829098125,0.6902995625000001,5.0,,0.9,ok,63.133044481277466,
N=6|dead_zone=0.0|link_quality=0.5|n_missions=4|regime=clean|rrf=60.0,H0,0,1281509654,6,60.0,4,clean,0.0,0.5,4.5,1.0,1.0,1.0,0.25,1.0,0.9310344827586208,2.5304930567574826,1.0,0.9310344827586208,,,4.0,0.0,0.0,0.0,0.0,0.0,6.0,60.0,4.0,0.2757760625,0.3591666666666667,0.6959092617034912,0.986676875,0.8971666666666667,0.320987343788147,0.986676875,0.7109008125,5.0,,0.9,ok,49.51116061210632,
N=6|dead_zone=0.0|link_quality=0.5|n_missions=4|regime=clean|rrf=60.0,H1,0,1281509654,6,60.0,4,clean,0.0,0.5,2.25,1.0,0.75,0.25,0.0,1.0,0.9950248756218906,2.5812908992306927,1.0,0.9,1.0,2.0,4.0,4.0,0.0,3.0,3.0,8.283757746219635,6.0,60.0,4.0,0.2757760625,0.3591666666666667,0.6959092617034912,0.9833509374999998,0.8796666666666667,0.3393573462963104,0.9833509374999998,0.7075748749999997,5.0,,0.9,ok,51.90910458564758,
N=6|dead_zone=0.0|link_quality=0.5|n_missions=4|regime=clean|rrf=60.0,H0,1,2037407798,6,60.0,4,clean,0.0,0.5,4.5,1.0,1.0,1.0,0.0,1.0,0.9,2.4885548621928453,1.0,0.9,,,4.0,0.0,0.0,0.0,0.0,0.0,6.0,60.0,4.0,0.2602663125,0.3575,0.6959699988365173,0.9870028125,0.9143333333333332,0.3096441626548767,0.9870028125,0.7267365000000001,5.0,4.0,0.9,ok,36.60230207443237,
N=6|dead_zone=0.0|link_quality=0.5|n_missions=4|regime=clean|rrf=60.0,H1,1,2037407798,6,60.0,4,clean,0.0,0.5,1.5,0.75,0.5,0.25,0.0,1.0,0.9941176470588236,2.5806899528060816,0.5,0.4285714285714285,0.75,2.0,3.0,4.0,0.0,3.0,2.25,8.636070251464844,6.0,60.0,4.0,0.2602663125,0.3575,0.6959699988365173,0.957864375,0.8663333333333333,0.4422271251678467,0.957864375,0.6975980625,4.0,,0.9,ok,59.57020401954651,
N=6|dead_zone=0.0|link_quality=0.5|n_missions=4|regime=clean|rrf=60.0,H0,2,625296916,6,60.0,4,clean,0.0,0.5,4.25,1.0,1.0,1.0,0.0,0.8333333333333334,0.7410256410256411,2.205109900073869,0.8333333333333334,0.7410256410256411,,,4.0,0.0,0.0,0.0,0.0,0.0,6.0,60.0,4.0,0.2542515625,0.3551666666666667,0.695996105670929,0.984801125,0.8853333333333333,0.3256402611732483,0.984801125,0.7305495625,5.0,,0.9,ok,34.61928033828735,
N=6|dead_zone=0.0|link_quality=0.5|n_missions=4|regime=clean|rrf=60.0,H1,2,625296916,6,60.0,4,clean,0.0,0.5,2.25,1.0,0.75,0.25,0.0,1.0,0.9897360703812316,2.577158441691227,0.8333333333333334,0.7941176470588235,1.0,1.5,4.0,4.0,0.0,4.0,4.0,7.9831730127334595,6.0,60.0,4.0,0.2542515625,0.3551666666666667,0.695996105670929,0.9807465625,0.8963333333333333,0.315299391746521,0.9807465625,0.726495,5.0,,0.9,ok,46.11405897140503,
N=6|dead_zone=0.0|link_quality=0.5|n_missions=4|regime=clean|rrf=60.0,H0,3,1069374830,6,60.0,4,clean,0.0,0.5,3.25,1.0,1.0,0.75,0.0,1.0,0.9086021505376344,2.507380102423636,1.0,0.9086021505376344,,,4.0,0.0,0.0,0.0,0.0,0.0,6.0,60.0,4.0,0.256995125,0.3553333333333333,0.6959977149963379,0.98628425,0.9148333333333334,0.3097404539585113,0.98628425,0.729289125,5.0,4.0,0.9,ok,36.40381383895874,
N=6|dead_zone=0.0|link_quality=0.5|n_missions=4|regime=clean|rrf=60.0,H1,3,1069374830,6,60.0,4,clean,0.0,0.5,2.0,1.0,0.75,0.25,0.0,1.0,1.0,2.584962500721156,0.6666666666666666,0.6666666666666666,1.0,1.5,4.0,4.0,0.0,4.0,3.5,10.838729500770569,6.0,60.0,4.0,0.256995125,0.3553333333333333,0.6959977149963379,0.98494525,0.9156666666666666,0.3255550861358642,0.98494525,0.727950125,5.0,4.0,0.9,ok,60.757283449172974,
N=6|dead_zone=0.0|link_quality=0.5|n_missions=4|regime=clean|rrf=60.0,H0,4,314704578,6,60.0,4,clean,0.0,0.5,3.5,1.0,1.0,0.75,0.0,1.0,0.8166666666666667,2.41379956460568,1.0,0.8166666666666667,,,4.0,0.0,0.0,0.0,0.0,0.0,6.0,60.0,4.0,0.2707113124999999,0.3603333333333333,0.6958776116371155,0.9881865,0.9003333333333333,0.3150066435337066,0.9881865,0.7174751875000001,5.0,4.0,0.9,ok,35.68185639381409,
N=6|dead_zone=0.0|link_quality=0.5|n_missions=4|regime=clean|rrf=60.0,H1,4,314704578,6,60.0,4,clean,0.0,0.5,0.5,0.5,0.0,0.0,0.0,1.0,1.0,2.584962500721156,0.3333333333333333,0.3333333333333333,0.5,1.5,2.0,4.0,0.0,4.0,2.0,10.314326465129852,6.0,60.0,4.0,0.2707113124999999,0.3603333333333333,0.6958776116371155,0.9175725,0.842,0.5772291421890259,0.9175725,0.6468611875000001,3.0,,0.9,ok,60.31625008583069,
N=6|dead_zone=0.0|link_quality=0.5|n_missions=4|regime=clean|rrf=60.0,H0,5,4096957568,6,60.0,4,clean,0.0,0.5,4.0,1.0,1.0,1.0,0.0,1.0,0.8205128205128205,2.4056390622295662,1.0,0.8205128205128205,,,4.0,0.0,0.0,0.0,0.0,0.0,6.0,60.0,4.0,0.251938,0.3553333333333333,0.6959491968154907,0.98743125,0.9275,0.3083856999874115,0.98743125,0.73549325,5.0,4.0,0.9,ok,33.71057748794556,
N=6|dead_zone=0.0|link_quality=0.5|n_missions=4|regime=clean|rrf=60.0,H1,5,4096957568,6,60.0,4,clean,0.0,0.5,1.75,1.0,0.5,0.25,0.0,1.0,0.9941176470588236,2.5806899528060816,0.8333333333333334,0.7424242424242424,1.0,1.5,4.0,4.0,0.0,4.0,4.0,10.203077256679537,6.0,60.0,4.0,0.251938,0.3553333333333333,0.6959491968154907,0.9871379375,0.8851666666666667,0.3184729516506195,0.9871379375,0.7351999375,5.0,,0.9,ok,57.096017360687256,
N=6|dead_zone=0.0|link_quality=0.5|n_missions=4|regime=clean|rrf=60.0,H0,6,3289964346,6,60.0,4,clean,0.0,0.5,3.5,1.0,1.0,1.0,0.0,1.0,0.7777777777777778,2.378783493486176,1.0,0.7777777777777778,,,4.0,0.0,0.0,0.0,0.0,0.0,6.0,60.0,4.0,0.253820125,0.3573333333333333,0.6959887742996216,0.9814975625,0.8831666666666667,0.3428140580654144,0.9814975625,0.7276774374999999,5.0,3.0,0.9,ok,27.07851004600525,
N=6|dead_zone=0.0|link_quality=0.5|n_missions=4|regime=clean|rrf=60.0,H1,6,3289964346,6,60.0,4,clean,0.0,0.5,0.5,0.5,0.0,0.0,0.0,1.0,0.9959349593495936,2.581896859914352,0.3333333333333333,0.3333333333333333,0.5,2.0,2.0,4.0,0.0,3.0,1.5,8.69877302646637,6.0,60.0,4.0,0.253820125,0.3573333333333333,0.6959887742996216,0.9217125625,0.7881666666666667,0.5930719375610352,0.9217125625,0.6678924374999999,3.0,,0.9,ok,52.30569839477539,
N=6|dead_zone=0.0|link_quality=0.5|n_missions=4|regime=clean|rrf=60.0,H0,7,2923809129,6,60.0,4,clean,0.0,0.5,2.5,1.0,1.0,0.5,0.0,0.8333333333333334,0.6944444444444444,2.1709505944546685,0.8333333333333334,0.6944444444444444,,,4.0,0.0,0.0,0.0,0.0,0.0,6.0,60.0,4.0,0.2509404375,0.3573333333333333,0.6960190534591675,0.982081875,0.9015,0.3057857155799866,0.982081875,0.7311414375,5.0,4.0,0.9,ok,28.323585987091064,
N=6|dead_zone=0.0|link_quality=0.5|n_missions=4|regime=clean|rrf=60.0,H1,7,2923809129,6,60.0,4,clean,0.0,0.5,0.75,0.5,0.25,0.0,0.0,1.0,0.9940898345153664,2.580456775397087,0.3333333333333333,0.3,0.5,2.0,2.0,4.0,0.0,3.0,1.5,8.680595993995667,6.0,60.0,4.0,0.2509404375,0.3573333333333333,0.6960190534591675,0.937659375,0.8716666666666667,0.5534266829490662,0.937659375,0.6867189375,3.0,,0.9,ok,49.54969787597656,
N=6|dead_zone=0.0|link_quality=0.5|n_missions=4|regime=clean|rrf=60.0,H0,8,1527394144,6,60.0,4,clean,0.0,0.5,2.25,1.0,1.0,0.25,0.0,0.6666666666666666,0.5,1.7527152789797047,0.6666666666666666,0.5,,,4.0,0.0,0.0,0.0,0.0,0.0,6.0,60.0,4.0,0.280784125,0.355,0.6958640813827515,0.9837303125000002,0.9185,0.3212338984012604,0.9837303125000002,0.7029461875000003,5.0,3.0,0.9,ok,26.27201795578003,
N=6|dead_zone=0.0|link_quality=0.5|n_missions=4|regime=clean|rrf=60.0,H1,8,1527394144,6,60.0,4,clean,0.0,0.5,0.5,0.5,0.0,0.0,0.0,1.0,0.9959349593495936,2.581896859914352,0.3333333333333333,0.3333333333333333,0.5,1.5,2.0,4.0,0.0,4.0,2.0,9.361563086509705,6.0,60.0,4.0,0.280784125,0.355,0.6958640813827515,0.94136675,0.8418333333333333,0.5650667548179626,0.94136675,0.6605826250000002,3.0,,0.9,ok,50.0837664604187,
N=6|dead_zone=0.0|link_quality=0.5|n_missions=4|regime=clean|rrf=60.0,H0,9,1143745541,6,60.0,4,clean,0.0,0.5,3.5,1.0,1.0,1.0,0.0,0.8333333333333334,0.7777777777777778,2.270942421748537,0.8333333333333334,0.7777777777777778,,,4.0,0.0,0.0,0.0,0.0,0.0,6.0,60.0,4.0,0.2577761875,0.3553333333333333,0.6960037350654602,0.984968125,0.9053333333333332,0.297633945941925,0.984968125,0.7271919375000001,5.0,2.0,0.9,ok,35.894261837005615,
N=6|dead_zone=0.0|link_quality=0.5|n_missions=4|regime=clean|rrf=60.0,H1,9,1143745541,6,60.0,4,clean,0.0,0.5,1.5,0.75,0.5,0.25,0.0,1.0,0.9950248756218906,2.581290899230692,0.6666666666666666,0.6,0.75,1.5,3.0,4.0,0.0,4.0,3.0,10.135578215122225,6.0,60.0,4.0,0.2577761875,0.3553333333333333,0.6960037350654602,0.9677595,0.8798333333333334,0.431249588727951,0.9677595,0.7099833125,4.0,,0.9,ok,55.14967513084412,
N=6|dead_zone=0.0|link_quality=0.5|n_missions=4|regime=clean|rrf=60.0,H0,10,3000133744,6,60.0,4,clean,0.0,0.5,3.5,1.0,1.0,0.5,0.25,1.0,0.8166666666666667,2.4137995646056805,1.0,0.8166666666666667,,,4.0,0.0,0.0,0.0,0.0,0.0,6.0,60.0,4.0,0.254693375,0.3543333333333333,0.6960105895996094,0.9887395,0.9305,0.3074991106986999,0.9887395,0.7340461249999999,5.0,4.0,0.9,ok,36.05472135543823,
N=6|dead_zone=0.0|link_quality=0.5|n_missions=4|regime=clean|rrf=60.0,H1,10,3000133744,6,60.0,4,clean,0.0,0.5,2.25,1.0,0.75,0.25,0.0,1.0,0.9839650145772596,2.573140453527137,0.8333333333333334,0.7105263157894737,1.0,1.3333333333333333,4.0,4.0,0.0,4.5,4.5,11.763820111751556,6.0,60.0,4.0,0.254693375,0.3543333333333333,0.6960105895996094,0.988238875,0.9045,0.3054271340370178,0.988238875,0.7335455000000001,5.0,4.0,0.9,ok,64.1626124382019,
N=6|dead_zone=0.0|link_quality=0.5|n_missions=4|regime=clean|rrf=60.0,H0,11,2102516988,6,60.0,4,clean,0.0,0.5,5.25,1.0,1.0,1.0,0.25,1.0,0.9545454545454546,2.5468465893424046,1.0,0.9545454545454546,,,4.0,0.0,0.0,0.0,0.0,0.0,6.0,60.0,4.0,0.257881375,0.3586666666666667,0.6959778666496277,0.9869295625,0.907,0.3076404333114624,0.9869295625,0.7290481874999999,5.0,4.0,0.9,ok,38.47909355163574,
N=6|dead_zone=0.0|link_quality=0.5|n_missions=4|regime=clean|rrf=60.0,H1,11,2102516988,6,60.0,4,clean,0.0,0.5,0.75,0.5,0.25,0.0,0.0,1.0,0.9963609898107716,2.5824166230333305,0.3333333333333333,0.3,0.5,1.2,2.0,4.0,0.0,5.0,2.5,9.723170697689056,6.0,60.0,4.0,0.257881375,0.3586666666666667,0.6959778666496277,0.951985,0.8,0.6060251593589783,0.951985,0.6941036250000001,3.0,,0.9,ok,56.82026767730713,
N=6|dead_zone=0.0|link_quality=0.5|n_missions=4|regime=clean|rrf=60.0,H0,12,3910386280,6,60.0,4,clean,0.0,0.5,2.5,1.0,0.75,0.75,0.0,0.6666666666666666,0.5555555555555556,1.8464393446710157,0.6666666666666666,0.5555555555555556,,,4.0,0.0,0.0,0.0,0.0,0.0,6.0,60.0,4.0,0.2693774375,0.3598333333333333,0.6959355473518372,0.9853769375,0.8868333333333334,0.3287084996700287,0.9853769375,0.7159995000000001,5.0,,0.9,ok,22.019420623779297,
N=6|dead_zone=0.0|link_quality=0.5|n_missions=4|regime=clean|rrf=60.0,H1,12,3910386280,6,60.0,4,clean,0.0,0.5,1.0,0.5,0.25,0.25,0.0,1.0,0.9944903581267218,2.581030962756369,0.5,0.4444444444444444,0.5,1.5,2.0,4.0,0.0,4.0,1.75,11.614108085632324,6.0,60.0,4.0,0.2693774375,0.3598333333333333,0.6959355473518372,0.9574,0.7955,0.5849609375,0.9574,0.6880225625,3.0,,0.9,ok,70.84455990791321,
N=6|dead_zone=0.0|link_quality=0.5|n_missions=4|regime=clean|rrf=60.0,H0,13,3539867338,6,60.0,4,clean,0.0,0.5,4.25,1.0,1.0,1.0,0.0,1.0,0.8450292397660819,2.4404040177209283,1.0,0.8450292397660819,,,4.0,0.0,0.0,0.0,0.0,0.0,6.0,60.0,4.0,0.2762058125,0.358,0.6958538293838501,0.9871695,0.8895,0.3169318735599518,0.9871695,0.7109636875,5.0,,0.9,ok,36.92642402648926,
N=6|dead_zone=0.0|link_quality=0.5|n_missions=4|regime=clean|rrf=60.0,H1,13,3539867338,6,60.0,4,clean,0.0,0.5,0.75,0.5,0.25,0.0,0.0,1.0,1.0,2.584962500721156,0.3333333333333333,0.3,0.5,1.5,2.0,4.0,0.0,4.0,2.0,9.38767522573471,6.0,60.0,4.0,0.2762058125,0.358,0.6958538293838501,0.9211944375,0.7966666666666666,0.5834474563598633,0.9211944375,0.6449886250000001,3.0,,0.9,ok,52.39809322357178,
N=6|dead_zone=0.0|link_quality=0.5|n_missions=4|regime=clean|rrf=60.0,H0,14,1520488870,6,60.0,4,clean,0.0,0.5,2.0,1.0,0.75,0.25,0.0,0.5,0.4848484848484848,1.561278124459133,0.5,0.4848484848484848,,,4.0,0.0,0.0,0.0,0.0,0.0,6.0,60.0,4.0,0.259139875,0.3605,0.6959760785102844,0.98488825,0.8996666666666666,0.3175364434719085,0.98488825,0.7257483749999999,5.0,,0.9,ok,20.116820812225345,
N=6|dead_zone=0.0|link_quality=0.5|n_missions=4|regime=clean|rrf=60.0,H1,14,1520488870,6,60.0,4,clean,0.0,0.5,0.75,0.5,0.25,0.0,0.0,1.0,0.992248062015504,2.579434002924965,0.3333333333333333,0.3,0.5,1.8461538461538465,2.0,4.0,0.0,3.25,2.0,8.472070097923279,6.0,60.0,4.0,0.259139875,0.3605,0.6959760785102844,0.9554571875,0.797,0.568648099899292,0.9554571875,0.6963173125000001,3.0,,0.9,ok,52.28089904785156,
N=6|dead_zone=0.0|link_quality=0.5|n_missions=4|regime=clean|rrf=60.0,H0,15,3621055240,6,60.0,4,clean,0.0,0.5,3.25,1.0,1.0,0.75,0.0,1.0,0.7612612612612613,2.353533948577482,1.0,0.7612612612612613,,,4.0,0.0,0.0,0.0,0.0,0.0,6.0,60.0,4.0,0.2823319999999999,0.3571666666666667,0.6958526968955994,0.9855104375,0.8873333333333333,0.3077414035797119,0.9855104375,0.7031784375000001,5.0,,0.9,ok,30.002764225006104,
N=6|dead_zone=0.0|link_quality=0.5|n_missions=4|regime=clean|rrf=60.0,H1,15,3621055240,6,60.0,4,clean,0.0,0.5,0.5,0.5,0.0,0.0,0.0,1.0,0.9918032786885246,2.578992712198113,0.3333333333333333,0.3333333333333333,0.5,2.0,2.0,4.0,0.0,3.0,1.5,8.11973923444748,6.0,60.0,4.0,0.2823319999999999,0.3571666666666667,0.6958526968955994,0.9155299375,0.8215,0.5907877087593079,0.9155299375,0.6331979375000001,3.0,,0.9,ok,47.92377543449402,
N=6|dead_zone=0.0|link_quality=0.5|n_missions=4|regime=clean|rrf=60.0,H0,16,2897667997,6,60.0,4,clean,0.0,0.5,3.0,1.0,1.0,0.75,0.0,1.0,0.8,2.418295834054489,1.0,0.8,,,4.0,0.0,0.0,0.0,0.0,0.0,6.0,60.0,4.0,0.283435875,0.3585,0.6958213448524475,0.98361325,0.9171666666666668,0.2935380339622497,0.98361325,0.7001773750000001,5.0,4.0,0.9,ok,30.062010526657104,
N=6|dead_zone=0.0|link_quality=0.5|n_missions=4|regime=clean|rrf=60.0,H1,16,2897667997,6,60.0,4,clean,0.0,0.5,2.25,1.0,0.75,0.5,0.0,1.0,1.0,2.584962500721156,0.6666666666666666,0.6428571428571429,1.0,1.5,4.0,4.0,0.0,4.0,4.0,10.347375094890594,6.0,60.0,4.0,0.283435875,0.3585,0.6958213448524475,0.9839111875,0.9001666666666667,0.3246101140975952,0.9839111875,0.7004753125000001,5.0,4.0,0.9,ok,58.58388662338257,
N=6|dead_zone=0.0|link_quality=0.5|n_missions=4|regime=clean|rrf=60.0,H0,17,2459002982,6,60.0,4,clean,0.0,0.5,3.75,1.0,1.0,0.75,0.0,1.0,0.7978723404255319,2.389898095464287,1.0,0.7978723404255319,,,4.0,0.0,0.0,0.0,0.0,0.0,6.0,60.0,4.0,0.2610045,0.3538333333333333,0.6959773898124695,0.9876003125,0.9018333333333334,0.3160853683948517,0.9876003125,0.7265958125,5.0,4.0,0.9,ok,36.35291814804077,
N=6|dead_zone=0.0|link_quality=0.5|n_missions=4|regime=clean|rrf=60.0,H1,17,2459002982,6,60.0,4,clean,0.0,0.5,1.75,1.0,0.5,0.25,0.0,1.0,0.9941176470588236,2.5806899528060816,0.8333333333333334,0.6282051282051282,1.0,1.5,4.0,4.0,0.0,4.0,4.0,10.66061633825302,6.0,60.0,4.0,0.2610045,0.3538333333333333,0.6959773898124695,0.9860890625,0.9171666666666668,0.2944262325763702,0.9860890625,0.7250845625,5.0,4.0,0.9,ok,56.031967639923096,
N=6|dead_zone=0.0|link_quality=0.5|n_missions=4|regime=clean|rrf=60.0,H0,18,2179844257,6,60.0,4,clean,0.0,0.5,3.25,1.0,1.0,0.5,0.0,0.8333333333333334,0.6869918699186992,2.161978179679554,0.8333333333333334,0.6869918699186992,,,4.0,0.0,0.0,0.0,0.0,0.0,6.0,60.0,4.0,0.2756541249999999,0.3563333333333333,0.695874810218811,0.98821225,0.9218333333333332,0.2924647927284241,0.98821225,0.7125581249999999,5.0,4.0,0.9,ok,27.39456605911255,
N=6|dead_zone=0.0|link_quality=0.5|n_missions=4|regime=clean|rrf=60.0,H1,18,2179844257,6,60.0,4,clean,0.0,0.5,2.0,1.0,0.5,0.5,0.0,1.0,0.9950248756218906,2.5812908992306927,0.6666666666666666,0.5925925925925926,1.0,1.5,4.0,4.0,0.0,4.0,4.0,10.108313858509064,6.0,60.0,4.0,0.2756541249999999,0.3563333333333333,0.695874810218811,0.98367775,0.8713333333333333,0.332089215517044,0.98367775,0.708023625,5.0,,0.9,ok,55.00979685783386,
N=6|dead_zone=0.0|link_quality=0.5|n_missions=4|regime=clean|rrf=60.0,H0,19,2557233574,6,60.0,4,clean,0.0,0.5,2.25,0.75,0.75,0.5,0.0,0.6666666666666666,0.5869565217391305,1.8910611120726528,0.6666666666666666,0.5869565217391305,,,4.0,0.0,0.0,0.0,0.0,0.0,6.0,60.0,4.0,0.2848436875,0.3568333333333333,0.695874810218811,0.9740238750000002,0.8488333333333333,0.4431866109371185,0.9740238750000002,0.6891801875000002,5.0,,0.9,ok,19.62589383125305,
N=6|dead_zone=0.0|link_quality=0.5|n_missions=4|regime=clean|rrf=60.0,H1,19,2557233574,6,60.0,4,clean,0.0,0.5,0.5,0.5,0.0,0.0,0.0,1.0,0.992248062015504,2.579434002924965,0.3333333333333333,0.3333333333333333,0.5,2.0,2.0,4.0,0.0,3.0,1.5,9.031413853168488,6.0,60.0,4.0,0.2848436875,0.3568333333333333,0.695874810218811,0.9354477499999998,0.7951666666666667,0.5529730916023254,0.9354477499999998,0.6506040624999998,3.0,,0.9,ok,48.01802587509155,
