cell_id,arm,trial_index,seed,trace_root,mission_budget_s,mission_window_adaptation,aggregation,aggregation_params,fedprox_rho,pass_2_budget,deadline_law,deadline_params,miss_priority,n_mules,min_participation,dock_params,policy_params,mission_clock,contact_band,in_flight_response,backhaul_model,contact_reliability_source,deadline_time_scale,initial_window_s,t_nom_s,session_ttl_s,ferry_params,l1_channel,realism,input_dim,status,update_yield,round_close_rate_kmin1,round_close_rate_kmin2,round_close_rate_kminhalf,round_close_rate_kminN,coverage,jains_fairness,participation_entropy,mission_completion_rate,completion_fairness,pass2_coverage,rho_contact,rounds_closed,missions_completed,mission_failures,pass1_contacts_mean,pass2_contacts_mean,mission_duration_s_mean,n_devices,rf_range_m,n_missions_target,init_auc,init_accuracy,init_loss,final_auc,final_accuracy,final_loss,best_auc,delta_auc,rounds_evaluated,t_at_tau_round,tau,sim_mission_duration_s_mean,sim_transit_s_mean,sim_dwell_s_mean,sim_listen_s_mean,sim_return_s_mean,sim_upload_s_mean,sim_turnaround_s_mean,sim_dock_wait_s_mean,sim_energy_j_mean,energy_status,sim_budget_overrun_s_mean,sim_budget_overrun_rate,sim_replans,sim_aborts,sim_inserts,missions_empty,backhaul_lost_missions,deferred_missions,expired_missions,unmerged_missions,network_aou_mean,network_aou_final,age_max,age_p95,merged_total,jain_merged,deadline_admitted,deadline_missed,deadline_miss_rate,deadline_basis,cap_s,cap_violations,cap_violation_devices,cap_violation_events,band_shares,plan_served_share_mean,plan_v_mean,far_served_share,policy_drops,reached_tau0.71,missions_to_tau0.71,rounds_to_tau0.71,wall_s_to_tau0.71,sim_s_to_tau0.71,reached_tau0.82,missions_to_tau0.82,rounds_to_tau0.82,wall_s_to_tau0.82,sim_s_to_tau0.82,pair_decisions,pair_feasible_mean,pair_mask_empty,pair_fx_agree_share,pair_band_off_bbar_share,pair_reorder_share,e3_unvisited_mean,plan_wall_s_mean,plan_wall_s_p95,plan_search_shares,pair_wall_s_mean,pair_wall_s_p95,pair_mask_wall_s_mean,e3_wall_s_mean,e3_wall_s_p95,e3_mask_wall_s_mean,flight_decisions_per_mission,trial_processes,peak_rss_mib_total,peak_rss_mib_cluster,peak_rss_mib_mule,peak_rss_mib_device
N=6-dead_zone=0.6-link_quality=0.4-n_missions=4-regime=jittery-rrf=60.0,F,0,133993671,results\exp5\b1\s514\n6k1_stress__local_traces,75.0,0,agg:cutoff,"{""a_max"": null, ""buffer_k"": null, ""decay"": 0.5, ""fedex_n"": null, ""hinge_a"": 1.0, ""hinge_b"": 0.0, ""period_s"": 202.87098891786263, ""server_lr"": 1.0, ""value"": ""uniform""}",0.0,0,multiplicative,"{""beta_on"": 0.8, ""beta_partial"": 1.25, ""beta_timeout"": 1.5, ""expire_overrides"": null, ""phi_max"": 300.0, ""phi_min"": 5.0}",1,1,,,,sim,search,replan,,channel,20.287098891786265,,202.87098891786263,36.0,"{""age_cap_lookahead"": 0, ""age_cap_missions"": 2, ""altitude_m"": 25.0, ""backhaul_period_s"": null, ""backhaul_policy"": ""fixed"", ""backhaul_regime"": ""jittery"", ""band_class_policy"": ""search"", ""contact_band_classes"": null, ""contact_regime"": ""jittery"", ""cruise_speed_m_s"": 5.0, ""deadline_bounds"": ""collection"", ""energy_capacity_j"": null, ""flight_slot"": ""committed"", ""interference_period_s"": 60.0, ""listen_s"": 1.0, ""margin_quantile"": 0.9, ""member_admission"": ""subset"", ""n_pl"": 2.2, ""noise_bin_s"": 1.0, ""p_hover_w"": null, ""p_move_w"": null, ""payload_bytes"": 1000000, ""plan_mode"": ""ferry"", ""plan_score_params"": {}, ""plan_search_params"": {""exact_max_devices"": 0, ""exhaustive_max_stops"": 0}, ""replan_fallback"": ""trim"", ""shadow_corr_s"": 7.4, ""shadow_keying"": ""time"", ""shadow_sigma_db"": 4.0, ""snr_floor_db"": -6.7, ""t_nom_computed"": true, ""turnaround_s"": 30.0}",,1,21,ok,1.5,0.75,0.5,0.25,0.0,1.0,0.9959349593495935,2.581896859914352,0.8333333333333334,0.75,0.75,3.0,3,4,0,2.0,1.5,3.7075504660606384,6,60.0,4,0.2609395625,0.3576666666666667,0.6959695816040039,0.9107053750000002,0.807,0.6265655755996704,0.9107053750000002,0.6497658125000001,4,2,0.71,148.02422040177044,71.4911151435816,22.943112440931145,2.0,21.359029623582117,0.23096319365926582,30.0,0.0,17536.195234861607,simulated,0.0,0.0,1,0,0,1,0,0,0,0,1.2916666666666665,1.1666666666666665,4,3.0,6,0.75,24,18,0.75,device,2,9,6,"{""crowded"": 0, ""dropped_in_flight"": 0, ""not_merged"": 9, ""unplannable"": 0}","{""medium"": 1.0}",1.0,-0.7966315953159552,0.25,,1,3,2,12.39128303527832,331.0878799990751,0,,,,,,,,,,,,0.0156141750048846,0.03202595992479473,"{""exact"": 0.0, ""local"": 1.0, ""stop_subsets"": 0.0}",,,,,,,,8,3098.05078125,406.359375,44.75390625,447.61328125
N=6-dead_zone=0.6-link_quality=0.4-n_missions=4-regime=jittery-rrf=60.0,F,10,2287405070,results\exp5\b1\s514\n6k1_stress__local_traces,75.0,0,agg:cutoff,"{""a_max"": null, ""buffer_k"": null, ""decay"": 0.5, ""fedex_n"": null, ""hinge_a"": 1.0, ""hinge_b"": 0.0, ""period_s"": 202.87098891786263, ""server_lr"": 1.0, ""value"": ""uniform""}",0.0,0,multiplicative,"{""beta_on"": 0.8, ""beta_partial"": 1.25, ""beta_timeout"": 1.5, ""expire_overrides"": null, ""phi_max"": 300.0, ""phi_min"": 5.0}",1,1,,,,sim,search,replan,,channel,20.287098891786265,,202.87098891786263,36.0,"{""age_cap_lookahead"": 0, ""age_cap_missions"": 2, ""altitude_m"": 25.0, ""backhaul_period_s"": null, ""backhaul_policy"": ""fixed"", ""backhaul_regime"": ""jittery"", ""band_class_policy"": ""search"", ""contact_band_classes"": null, ""contact_regime"": ""jittery"", ""cruise_speed_m_s"": 5.0, ""deadline_bounds"": ""collection"", ""energy_capacity_j"": null, ""flight_slot"": ""committed"", ""interference_period_s"": 60.0, ""listen_s"": 1.0, ""margin_quantile"": 0.9, ""member_admission"": ""subset"", ""n_pl"": 2.2, ""noise_bin_s"": 1.0, ""p_hover_w"": null, ""p_move_w"": null, ""payload_bytes"": 1000000, ""plan_mode"": ""ferry"", ""plan_score_params"": {}, ""plan_search_params"": {""exact_max_devices"": 0, ""exhaustive_max_stops"": 0}, ""replan_fallback"": ""trim"", ""shadow_corr_s"": 7.4, ""shadow_keying"": ""time"", ""shadow_sigma_db"": 4.0, ""snr_floor_db"": -6.7, ""t_nom_computed"": true, ""turnaround_s"": 30.0}",,1,21,ok,3.75,1.0,1.0,1.0,0.0,1.0,1.0,2.584962500721156,0.8333333333333334,0.7653061224489796,1.0,6.0,4,4,0,1.0,1.0,4.638251304626465,6,60.0,4,0.284844875,0.3581666666666667,0.6958014965057373,0.96276775,0.8811666666666667,0.5772834420204163,0.96276775,0.677922875,5,1,0.71,156.36301652010297,10.436599435556733,104.18186672421871,1.0,10.436599435556733,0.3079509248790211,30.0,0.0,20720.535900922747,simulated,5.603768186992966,0.5,0,0,0,0,0,0,0,0,0.625,0.8333333333333333,4,2.849999999999998,15,0.7653061224489796,24,9,0.375,device,2,3,1,"{""crowded"": 0, ""dropped_in_flight"": 0, ""not_merged"": 3, ""unplannable"": 0}","{""narrow"": 1.0}",1.0,-0.5393582827984605,0.5,,1,1,1,6.446106672286987,95.41872172348667,1,3,3,16.72294282913208,408.2780743512558,,,,,,,,0.015786024974659085,0.034159054944757364,"{""exact"": 0.0, ""local"": 1.0, ""stop_subsets"": 0.0}",,,,,,,,8,3117.20703125,411.9453125,45.0703125,447.765625
N=6-dead_zone=0.6-link_quality=0.4-n_missions=4-regime=jittery-rrf=60.0,F,11,25761415,results\exp5\b1\s514\n6k1_stress__local_traces,75.0,0,agg:cutoff,"{""a_max"": null, ""buffer_k"": null, ""decay"": 0.5, ""fedex_n"": null, ""hinge_a"": 1.0, ""hinge_b"": 0.0, ""period_s"": 202.87098891786263, ""server_lr"": 1.0, ""value"": ""uniform""}",0.0,0,multiplicative,"{""beta_on"": 0.8, ""beta_partial"": 1.25, ""beta_timeout"": 1.5, ""expire_overrides"": null, ""phi_max"": 300.0, ""phi_min"": 5.0}",1,1,,,,sim,search,replan,,channel,20.287098891786265,,202.87098891786263,36.0,"{""age_cap_lookahead"": 0, ""age_cap_missions"": 2, ""altitude_m"": 25.0, ""backhaul_period_s"": null, ""backhaul_policy"": ""fixed"", ""backhaul_regime"": ""jittery"", ""band_class_policy"": ""search"", ""contact_band_classes"": null, ""contact_regime"": ""jittery"", ""cruise_speed_m_s"": 5.0, ""deadline_bounds"": ""collection"", ""energy_capacity_j"": null, ""flight_slot"": ""committed"", ""interference_period_s"": 60.0, ""listen_s"": 1.0, ""margin_quantile"": 0.9, ""member_admission"": ""subset"", ""n_pl"": 2.2, ""noise_bin_s"": 1.0, ""p_hover_w"": null, ""p_move_w"": null, ""payload_bytes"": 1000000, ""plan_mode"": ""ferry"", ""plan_score_params"": {}, ""plan_search_params"": {""exact_max_devices"": 0, ""exhaustive_max_stops"": 0}, ""replan_fallback"": ""trim"", ""shadow_corr_s"": 7.4, ""shadow_keying"": ""time"", ""shadow_sigma_db"": 4.0, ""snr_floor_db"": -6.7, ""t_nom_computed"": true, ""turnaround_s"": 30.0}",,1,21,ok,2.75,1.0,1.0,0.5,0.0,1.0,0.9863387978142076,2.5746737280146283,0.8333333333333334,0.7469135802469136,0.9583333333333334,4.2,4,4,0,1.25,1.25,5.79022753238678,6,60.0,4,0.2538519375,0.358,0.6959616541862488,0.9395958125,0.8463333333333334,0.5717768669128418,0.9395958125,0.685743875,5,2,0.71,150.60930379803176,27.88154848513756,78.72261249416624,1.25,12.447191893881769,0.3079509248790211,30.0,0.0,19266.59232369419,simulated,9.758322361536557,0.5,0,0,0,0,0,0,0,0,0.8333333333333333,0.9999999999999999,4,2.849999999999998,11,0.7469135802469136,21,10,0.47619047619047616,device,2,4,2,"{""crowded"": 0, ""dropped_in_flight"": 0, ""not_merged"": 4, ""unplannable"": 0}","{""narrow"": 0.6, ""wide"": 0.4}",0.8750000000000001,-1.0387982142412342,0.5,,1,2,2,14.575841188430786,256.25821425311733,1,3,3,21.332069635391235,395.97491534648,,,,,,,,0.013512450037524104,0.028256349929142735,"{""exact"": 0.0, ""local"": 1.0, ""stop_subsets"": 0.0}",,,,,,,,8,3106.6875,412.21875,45.109375,447.1953125
N=6-dead_zone=0.6-link_quality=0.4-n_missions=4-regime=jittery-rrf=60.0,F,12,39779854,results\exp5\b1\s514\n6k1_stress__local_traces,75.0,0,agg:cutoff,"{""a_max"": null, ""buffer_k"": null, ""decay"": 0.5, ""fedex_n"": null, ""hinge_a"": 1.0, ""hinge_b"": 0.0, ""period_s"": 202.87098891786263, ""server_lr"": 1.0, ""value"": ""uniform""}",0.0,0,multiplicative,"{""beta_on"": 0.8, ""beta_partial"": 1.25, ""beta_timeout"": 1.5, ""expire_overrides"": null, ""phi_max"": 300.0, ""phi_min"": 5.0}",1,1,,,,sim,search,replan,,channel,20.287098891786265,,202.87098891786263,36.0,"{""age_cap_lookahead"": 0, ""age_cap_missions"": 2, ""altitude_m"": 25.0, ""backhaul_period_s"": null, ""backhaul_policy"": ""fixed"", ""backhaul_regime"": ""jittery"", ""band_class_policy"": ""search"", ""contact_band_classes"": null, ""contact_regime"": ""jittery"", ""cruise_speed_m_s"": 5.0, ""deadline_bounds"": ""collection"", ""energy_capacity_j"": null, ""flight_slot"": ""committed"", ""interference_period_s"": 60.0, ""listen_s"": 1.0, ""margin_quantile"": 0.9, ""member_admission"": ""subset"", ""n_pl"": 2.2, ""noise_bin_s"": 1.0, ""p_hover_w"": null, ""p_move_w"": null, ""payload_bytes"": 1000000, ""plan_mode"": ""ferry"", ""plan_score_params"": {}, ""plan_search_params"": {""exact_max_devices"": 0, ""exhaustive_max_stops"": 0}, ""replan_fallback"": ""trim"", ""shadow_corr_s"": 7.4, ""shadow_keying"": ""time"", ""shadow_sigma_db"": 4.0, ""snr_floor_db"": -6.7, ""t_nom_computed"": true, ""turnaround_s"": 30.0}",,1,21,ok,4.0,1.0,1.0,1.0,0.0,1.0,1.0,2.584962500721156,0.8333333333333334,0.7901234567901234,1.0,6.0,4,4,0,1.0,1.0,4.444019913673401,6,60.0,4,0.2713653125,0.3581666666666667,0.6958993077278137,0.9489515625,0.7906666666666666,0.5844997763633728,0.9489515625,0.6775862500000001,5,1,0.71,197.67825210429146,2.7607947711195124,160.7574692358903,1.0,2.7607947711195124,0.3991933260943616,30.0,0.0,28049.03382451304,simulated,39.41654344217386,0.5,0,0,0,0,0,0,0,0,0.5833333333333333,0.9999999999999999,4,2.849999999999998,16,0.7901234567901234,24,8,0.3333333333333333,device,2,3,1,"{""crowded"": 0, ""dropped_in_flight"": 0, ""not_merged"": 3, ""unplannable"": 0}","{""narrow"": 1.0}",1.0,-0.5352432647754661,0.8,,1,1,1,7.085521459579468,62.74354515830055,0,,,,,,,,,,,,0.016468524932861328,0.03544240007176994,"{""exact"": 0.0, ""local"": 1.0, ""stop_subsets"": 0.0}",,,,,,,,8,3110.6171875,412.390625,45.75,447.75
N=6-dead_zone=0.6-link_quality=0.4-n_missions=4-regime=jittery-rrf=60.0,F,13,632155657,results\exp5\b1\s514\n6k1_stress__local_traces,75.0,0,agg:cutoff,"{""a_max"": null, ""buffer_k"": null, ""decay"": 0.5, ""fedex_n"": null, ""hinge_a"": 1.0, ""hinge_b"": 0.0, ""period_s"": 202.87098891786263, ""server_lr"": 1.0, ""value"": ""uniform""}",0.0,0,multiplicative,"{""beta_on"": 0.8, ""beta_partial"": 1.25, ""beta_timeout"": 1.5, ""expire_overrides"": null, ""phi_max"": 300.0, ""phi_min"": 5.0}",1,1,,,,sim,search,replan,,channel,20.287098891786265,,202.87098891786263,36.0,"{""age_cap_lookahead"": 0, ""age_cap_missions"": 2, ""altitude_m"": 25.0, ""backhaul_period_s"": null, ""backhaul_policy"": ""fixed"", ""backhaul_regime"": ""jittery"", ""band_class_policy"": ""search"", ""contact_band_classes"": null, ""contact_regime"": ""jittery"", ""cruise_speed_m_s"": 5.0, ""deadline_bounds"": ""collection"", ""energy_capacity_j"": null, ""flight_slot"": ""committed"", ""interference_period_s"": 60.0, ""listen_s"": 1.0, ""margin_quantile"": 0.9, ""member_admission"": ""subset"", ""n_pl"": 2.2, ""noise_bin_s"": 1.0, ""p_hover_w"": null, ""p_move_w"": null, ""payload_bytes"": 1000000, ""plan_mode"": ""ferry"", ""plan_score_params"": {}, ""plan_search_params"": {""exact_max_devices"": 0, ""exhaustive_max_stops"": 0}, ""replan_fallback"": ""trim"", ""shadow_corr_s"": 7.4, ""shadow_keying"": ""time"", ""shadow_sigma_db"": 4.0, ""snr_floor_db"": -6.7, ""t_nom_computed"": true, ""turnaround_s"": 30.0}",,1,21,ok,4.25,1.0,1.0,1.0,0.25,1.0,0.978319783197832,2.5683164932728872,1.0,0.9088050314465409,1.0,5.0,4,4,0,1.0,1.0,4.220553636550903,6,60.0,4,0.26216031250000005,0.36,0.6959533095359802,0.9476536249999999,0.8238333333333333,0.5800976753234863,0.9476536249999999,0.6854933124999999,5,1,0.71,166.5094339743664,7.494903016737093,120.37043461456778,0.75,7.494903016737093,0.3991933260943616,30.0,0.0,22561.329378961564,simulated,13.569911655067699,0.75,0,0,0,0,0,0,0,0,0.29166666666666663,0.3333333333333333,1,1.0,17,0.9088050314465409,20,3,0.15,device,2,0,0,"{""crowded"": 0, ""dropped_in_flight"": 0, ""not_merged"": 0, ""unplannable"": 0}","{""narrow"": 1.0}",0.8333333333333334,-1.191502867020867,0.625,,1,1,1,6.466698408126831,115.44081529136747,1,3,3,15.05808424949646,439.18697874748614,,,,,,,,0.016568900027778,0.030326914961915457,"{""exact"": 0.0, ""local"": 1.0, ""stop_subsets"": 0.0}",,,,,,,,8,3112.171875,413.3125,44.984375,447.53515625
N=6-dead_zone=0.6-link_quality=0.4-n_missions=4-regime=jittery-rrf=60.0,F,14,2950851985,results\exp5\b1\s514\n6k1_stress__local_traces,75.0,0,agg:cutoff,"{""a_max"": null, ""buffer_k"": null, ""decay"": 0.5, ""fedex_n"": null, ""hinge_a"": 1.0, ""hinge_b"": 0.0, ""period_s"": 202.87098891786263, ""server_lr"": 1.0, ""value"": ""uniform""}",0.0,0,multiplicative,"{""beta_on"": 0.8, ""beta_partial"": 1.25, ""beta_timeout"": 1.5, ""expire_overrides"": null, ""phi_max"": 300.0, ""phi_min"": 5.0}",1,1,,,,sim,search,replan,,channel,20.287098891786265,,202.87098891786263,36.0,"{""age_cap_lookahead"": 0, ""age_cap_missions"": 2, ""altitude_m"": 25.0, ""backhaul_period_s"": null, ""backhaul_policy"": ""fixed"", ""backhaul_regime"": ""jittery"", ""band_class_policy"": ""search"", ""contact_band_classes"": null, ""contact_regime"": ""jittery"", ""cruise_speed_m_s"": 5.0, ""deadline_bounds"": ""collection"", ""energy_capacity_j"": null, ""flight_slot"": ""committed"", ""interference_period_s"": 60.0, ""listen_s"": 1.0, ""margin_quantile"": 0.9, ""member_admission"": ""subset"", ""n_pl"": 2.2, ""noise_bin_s"": 1.0, ""p_hover_w"": null, ""p_move_w"": null, ""payload_bytes"": 1000000, ""plan_mode"": ""ferry"", ""plan_score_params"": {}, ""plan_search_params"": {""exact_max_devices"": 0, ""exhaustive_max_stops"": 0}, ""replan_fallback"": ""trim"", ""shadow_corr_s"": 7.4, ""shadow_keying"": ""time"", ""shadow_sigma_db"": 4.0, ""snr_floor_db"": -6.7, ""t_nom_computed"": true, ""turnaround_s"": 30.0}",,1,21,ok,3.0,1.0,1.0,0.75,0.0,1.0,0.9950248756218906,2.5812908992306927,0.8333333333333334,0.7058823529411765,0.9583333333333334,6.0,4,4,0,1.0,1.25,4.558899104595184,6,60.0,4,0.2849356875,0.3591666666666667,0.6958346962928772,0.950556375,0.8188333333333333,0.6015265583992004,0.950556375,0.6656206875,5,2,0.71,130.22992793048616,16.331137636675596,69.22521325736307,1.0,13.274383710452415,0.3991933260943616,30.0,0.0,16084.301299313258,simulated,16.131799727270845,0.25,0,0,0,0,0,0,0,0,0.875,0.8333333333333333,4,3.0,12,0.7058823529411765,24,12,0.5,device,2,5,2,"{""crowded"": 0, ""dropped_in_flight"": 0, ""not_merged"": 5, ""unplannable"": 0}","{""medium"": 0.5, ""narrow"": 0.5}",1.0,-0.42272209974460595,0.375,,1,2,2,13.950366735458374,134.51069441367872,1,3,3,15.852369546890259,252.15239486075006,,,,,,,,0.015380550001282245,0.033589890017174176,"{""exact"": 0.0, ""local"": 1.0, ""stop_subsets"": 0.0}",,,,,,,,8,3110.0390625,412.015625,44.7890625,447.58984375
N=6-dead_zone=0.6-link_quality=0.4-n_missions=4-regime=jittery-rrf=60.0,F,15,152369844,results\exp5\b1\s514\n6k1_stress__local_traces,75.0,0,agg:cutoff,"{""a_max"": null, ""buffer_k"": null, ""decay"": 0.5, ""fedex_n"": null, ""hinge_a"": 1.0, ""hinge_b"": 0.0, ""period_s"": 202.87098891786263, ""server_lr"": 1.0, ""value"": ""uniform""}",0.0,0,multiplicative,"{""beta_on"": 0.8, ""beta_partial"": 1.25, ""beta_timeout"": 1.5, ""expire_overrides"": null, ""phi_max"": 300.0, ""phi_min"": 5.0}",1,1,,,,sim,search,replan,,channel,20.287098891786265,,202.87098891786263,36.0,"{""age_cap_lookahead"": 0, ""age_cap_missions"": 2, ""altitude_m"": 25.0, ""backhaul_period_s"": null, ""backhaul_policy"": ""fixed"", ""backhaul_regime"": ""jittery"", ""band_class_policy"": ""search"", ""contact_band_classes"": null, ""contact_regime"": ""jittery"", ""cruise_speed_m_s"": 5.0, ""deadline_bounds"": ""collection"", ""energy_capacity_j"": null, ""flight_slot"": ""committed"", ""interference_period_s"": 60.0, ""listen_s"": 1.0, ""margin_quantile"": 0.9, ""member_admission"": ""subset"", ""n_pl"": 2.2, ""noise_bin_s"": 1.0, ""p_hover_w"": null, ""p_move_w"": null, ""payload_bytes"": 1000000, ""plan_mode"": ""ferry"", ""plan_score_params"": {}, ""plan_search_params"": {""exact_max_devices"": 0, ""exhaustive_max_stops"": 0}, ""replan_fallback"": ""trim"", ""shadow_corr_s"": 7.4, ""shadow_keying"": ""time"", ""shadow_sigma_db"": 4.0, ""snr_floor_db"": -6.7, ""t_nom_computed"": true, ""turnaround_s"": 30.0}",,1,21,ok,3.5,0.75,0.75,0.75,0.0,1.0,1.0,2.584962500721156,1.0,0.8166666666666667,1.0,6.0,3,4,0,1.0,1.0,4.8585593700408936,6,60.0,4,0.2619390625,0.35683333333333334,0.6959514021873474,0.9214473750000001,0.8075,0.630325198173523,0.9214473750000001,0.6595083125000001,4,3,0.71,162.40148005401716,6.448425595353967,118.1966779383365,1.0,6.448425595353967,0.3079509248790211,30.0,0.0,21936.62806359536,simulated,5.562620036653243,0.5,0,0,0,0,1,0,0,0,0.9999999999999999,0.6666666666666666,3,3.0,10,0.8333333333333334,24,10,0.4166666666666667,device,2,7,4,"{""crowded"": 0, ""dropped_in_flight"": 0, ""not_merged"": 5, ""unplannable"": 0}","{""narrow"": 1.0}",1.0,-0.5424711868027026,0.5,,1,4,3,19.398194074630737,545.5372751210816,0,,,,,,,,,,,,0.018434350029565394,0.03678822509245946,"{""exact"": 0.0, ""local"": 1.0, ""stop_subsets"": 0.0}",,,,,,,,8,3102.12890625,406.59765625,44.9609375,447.3359375
N=6-dead_zone=0.6-link_quality=0.4-n_missions=4-regime=jittery-rrf=60.0,F,16,57854029,results\exp5\b1\s514\n6k1_stress__local_traces,75.0,0,agg:cutoff,"{""a_max"": null, ""buffer_k"": null, ""decay"": 0.5, ""fedex_n"": null, ""hinge_a"": 1.0, ""hinge_b"": 0.0, ""period_s"": 202.87098891786263, ""server_lr"": 1.0, ""value"": ""uniform""}",0.0,0,multiplicative,"{""beta_on"": 0.8, ""beta_partial"": 1.25, ""beta_timeout"": 1.5, ""expire_overrides"": null, ""phi_max"": 300.0, ""phi_min"": 5.0}",1,1,,,,sim,search,replan,,channel,20.287098891786265,,202.87098891786263,36.0,"{""age_cap_lookahead"": 0, ""age_cap_missions"": 2, ""altitude_m"": 25.0, ""backhaul_period_s"": null, ""backhaul_policy"": ""fixed"", ""backhaul_regime"": ""jittery"", ""band_class_policy"": ""search"", ""contact_band_classes"": null, ""contact_regime"": ""jittery"", ""cruise_speed_m_s"": 5.0, ""deadline_bounds"": ""collection"", ""energy_capacity_j"": null, ""flight_slot"": ""committed"", ""interference_period_s"": 60.0, ""listen_s"": 1.0, ""margin_quantile"": 0.9, ""member_admission"": ""subset"", ""n_pl"": 2.2, ""noise_bin_s"": 1.0, ""p_hover_w"": null, ""p_move_w"": null, ""payload_bytes"": 1000000, ""plan_mode"": ""ferry"", ""plan_score_params"": {}, ""plan_search_params"": {""exact_max_devices"": 0, ""exhaustive_max_stops"": 0}, ""replan_fallback"": ""trim"", ""shadow_corr_s"": 7.4, ""shadow_keying"": ""time"", ""shadow_sigma_db"": 4.0, ""snr_floor_db"": -6.7, ""t_nom_computed"": true, ""turnaround_s"": 30.0}",,1,21,ok,3.0,1.0,1.0,0.5,0.0,1.0,0.9950248756218906,2.5812908992306927,0.8333333333333334,0.7058823529411765,0.9166666666666666,6.0,4,4,0,1.0,1.75,4.86040198802948,6,60.0,4,0.2626285625,0.3556666666666667,0.6959676146507263,0.9150404999999999,0.8648333333333333,0.5877300500869751,0.9150404999999999,0.6524119374999999,5,2,0.71,120.23592954617925,25.62962885809564,46.972604812384816,1.0,16.32574495092647,0.3079509248790211,30.0,0.0,14108.175589862416,simulated,0.0,0.0,0,0,0,0,0,0,0,0,0.8333333333333333,0.9999999999999999,4,2.849999999999998,12,0.7058823529411765,24,12,0.5,device,2,5,3,"{""crowded"": 0, ""dropped_in_flight"": 0, ""not_merged"": 5, ""unplannable"": 0}","{""medium"": 1.0}",1.0,-0.3682225342818717,0.625,,1,2,2,15.250436544418335,173.64336727792397,1,4,4,19.316412925720215,413.32771062257234,,,,,,,,0.01718264998635277,0.039208240003790695,"{""exact"": 0.0, ""local"": 1.0, ""stop_subsets"": 0.0}",,,,,,,,8,3099.0390625,412.83984375,45.03515625,446.33203125
N=6-dead_zone=0.6-link_quality=0.4-n_missions=4-regime=jittery-rrf=60.0,F,17,1604632161,results\exp5\b1\s514\n6k1_stress__local_traces,75.0,0,agg:cutoff,"{""a_max"": null, ""buffer_k"": null, ""decay"": 0.5, ""fedex_n"": null, ""hinge_a"": 1.0, ""hinge_b"": 0.0, ""period_s"": 202.87098891786263, ""server_lr"": 1.0, ""value"": ""uniform""}",0.0,0,multiplicative,"{""beta_on"": 0.8, ""beta_partial"": 1.25, ""beta_timeout"": 1.5, ""expire_overrides"": null, ""phi_max"": 300.0, ""phi_min"": 5.0}",1,1,,,,sim,search,replan,,channel,20.287098891786265,,202.87098891786263,36.0,"{""age_cap_lookahead"": 0, ""age_cap_missions"": 2, ""altitude_m"": 25.0, ""backhaul_period_s"": null, ""backhaul_policy"": ""fixed"", ""backhaul_regime"": ""jittery"", ""band_class_policy"": ""search"", ""contact_band_classes"": null, ""contact_regime"": ""jittery"", ""cruise_speed_m_s"": 5.0, ""deadline_bounds"": ""collection"", ""energy_capacity_j"": null, ""flight_slot"": ""committed"", ""interference_period_s"": 60.0, ""listen_s"": 1.0, ""margin_quantile"": 0.9, ""member_admission"": ""subset"", ""n_pl"": 2.2, ""noise_bin_s"": 1.0, ""p_hover_w"": null, ""p_move_w"": null, ""payload_bytes"": 1000000, ""plan_mode"": ""ferry"", ""plan_score_params"": {}, ""plan_search_params"": {""exact_max_devices"": 0, ""exhaustive_max_stops"": 0}, ""replan_fallback"": ""trim"", ""shadow_corr_s"": 7.4, ""shadow_keying"": ""time"", ""shadow_sigma_db"": 4.0, ""snr_floor_db"": -6.7, ""t_nom_computed"": true, ""turnaround_s"": 30.0}",,1,21,ok,2.5,0.75,0.5,0.5,0.0,1.0,0.9818181818181818,2.571541671821925,1.0,0.8333333333333334,1.0,4.5,3,4,0,1.0,1.0,4.905280590057373,6,60.0,4,0.2525735625,0.35683333333333334,0.6960073113441467,0.9205238125,0.827,0.6381250619888306,0.9205238125,0.6679502500000001,4,1,0.71,152.27146073960466,8.538803931047278,103.79465955129126,1.0,8.538803931047278,0.3991933260943616,30.0,0.0,20110.244623389357,simulated,0.08479738121968694,0.5,0,0,0,0,1,0,0,0,1.2916666666666665,2.3333333333333335,4,3.0,7,0.7424242424242424,18,8,0.4444444444444444,device,2,9,5,"{""crowded"": 1, ""dropped_in_flight"": 0, ""not_merged"": 5, ""unplannable"": 0}","{""narrow"": 1.0}",0.75,-1.4606110131625534,0.2916666666666667,,1,1,1,7.141301393508911,66.18768055003602,1,3,3,18.429253339767456,368.14523109653965,,,,,,,,0.020254300034139305,0.04812118001282213,"{""exact"": 0.0, ""local"": 1.0, ""stop_subsets"": 0.0}",,,,,,,,8,3106.8359375,406.3984375,44.83203125,447.96875
N=6-dead_zone=0.6-link_quality=0.4-n_missions=4-regime=jittery-rrf=60.0,F,18,1770889194,results\exp5\b1\s514\n6k1_stress__local_traces,75.0,0,agg:cutoff,"{""a_max"": null, ""buffer_k"": null, ""decay"": 0.5, ""fedex_n"": null, ""hinge_a"": 1.0, ""hinge_b"": 0.0, ""period_s"": 202.87098891786263, ""server_lr"": 1.0, ""value"": ""uniform""}",0.0,0,multiplicative,"{""beta_on"": 0.8, ""beta_partial"": 1.25, ""beta_timeout"": 1.5, ""expire_overrides"": null, ""phi_max"": 300.0, ""phi_min"": 5.0}",1,1,,,,sim,search,replan,,channel,20.287098891786265,,202.87098891786263,36.0,"{""age_cap_lookahead"": 0, ""age_cap_missions"": 2, ""altitude_m"": 25.0, ""backhaul_period_s"": null, ""backhaul_policy"": ""fixed"", ""backhaul_regime"": ""jittery"", ""band_class_policy"": ""search"", ""contact_band_classes"": null, ""contact_regime"": ""jittery"", ""cruise_speed_m_s"": 5.0, ""deadline_bounds"": ""collection"", ""energy_capacity_j"": null, ""flight_slot"": ""committed"", ""interference_period_s"": 60.0, ""listen_s"": 1.0, ""margin_quantile"": 0.9, ""member_admission"": ""subset"", ""n_pl"": 2.2, ""noise_bin_s"": 1.0, ""p_hover_w"": null, ""p_move_w"": null, ""payload_bytes"": 1000000, ""plan_mode"": ""ferry"", ""plan_score_params"": {}, ""plan_search_params"": {""exact_max_devices"": 0, ""exhaustive_max_stops"": 0}, ""replan_fallback"": ""trim"", ""shadow_corr_s"": 7.4, ""shadow_keying"": ""time"", ""shadow_sigma_db"": 4.0, ""snr_floor_db"": -6.7, ""t_nom_computed"": true, ""turnaround_s"": 30.0}",,1,21,ok,3.75,1.0,1.0,1.0,0.0,1.0,0.9792560801144492,2.5693585192394837,1.0,0.9146341463414634,0.9583333333333334,5.0,4,4,0,1.0,1.0,4.809729516506195,6,60.0,4,0.29229406249999995,0.357,0.6957916617393494,0.9411525000000001,0.8418333333333333,0.58365398645401,0.9411525000000001,0.6488584375000002,5,2,0.71,174.4026094909059,14.977673765768563,113.04806863330305,1.0,14.977673765768563,0.3991933260943616,30.0,0.0,23518.687470240293,simulated,0.0,0.0,0,0,0,0,0,0,0,0,0.41666666666666663,0.5,2,1.0,15,0.9146341463414634,20,5,0.25,device,2,1,1,"{""crowded"": 0, ""dropped_in_flight"": 0, ""not_merged"": 1, ""unplannable"": 0}","{""narrow"": 1.0}",0.8333333333333334,-1.2001993300177036,0.5625,,1,2,2,13.902973651885986,205.72319925844204,1,4,4,19.077162265777588,526.3662478133338,,,,,,,,0.015654574963264167,0.03267176003428175,"{""exact"": 0.0, ""local"": 1.0, ""stop_subsets"": 0.0}",,,,,,,,8,3109.76171875,413.25390625,45.1328125,447.625
N=6-dead_zone=0.6-link_quality=0.4-n_missions=4-regime=jittery-rrf=60.0,F,19,2825640742,results\exp5\b1\s514\n6k1_stress__local_traces,75.0,0,agg:cutoff,"{""a_max"": null, ""buffer_k"": null, ""decay"": 0.5, ""fedex_n"": null, ""hinge_a"": 1.0, ""hinge_b"": 0.0, ""period_s"": 202.87098891786263, ""server_lr"": 1.0, ""value"": ""uniform""}",0.0,0,multiplicative,"{""beta_on"": 0.8, ""beta_partial"": 1.25, ""beta_timeout"": 1.5, ""expire_overrides"": null, ""phi_max"": 300.0, ""phi_min"": 5.0}",1,1,,,,sim,search,replan,,channel,20.287098891786265,,202.87098891786263,36.0,"{""age_cap_lookahead"": 0, ""age_cap_missions"": 2, ""altitude_m"": 25.0, ""backhaul_period_s"": null, ""backhaul_policy"": ""fixed"", ""backhaul_regime"": ""jittery"", ""band_class_policy"": ""search"", ""contact_band_classes"": null, ""contact_regime"": ""jittery"", ""cruise_speed_m_s"": 5.0, ""deadline_bounds"": ""collection"", ""energy_capacity_j"": null, ""flight_slot"": ""committed"", ""interference_period_s"": 60.0, ""listen_s"": 1.0, ""margin_quantile"": 0.9, ""member_admission"": ""subset"", ""n_pl"": 2.2, ""noise_bin_s"": 1.0, ""p_hover_w"": null, ""p_move_w"": null, ""payload_bytes"": 1000000, ""plan_mode"": ""ferry"", ""plan_score_params"": {}, ""plan_search_params"": {""exact_max_devices"": 0, ""exhaustive_max_stops"": 0}, ""replan_fallback"": ""trim"", ""shadow_corr_s"": 7.4, ""shadow_keying"": ""time"", ""shadow_sigma_db"": 4.0, ""snr_floor_db"": -6.7, ""t_nom_computed"": true, ""turnaround_s"": 30.0}",,1,21,ok,4.0,1.0,1.0,1.0,0.0,1.0,1.0,2.584962500721156,0.8333333333333334,0.7619047619047619,1.0,6.0,4,4,0,1.0,1.0,4.693342506885529,6,60.0,4,0.289068125,0.3601666666666667,0.6958348155021667,0.9509651875,0.843,0.5817941427230835,0.9509651875,0.6618970625,5,1,0.71,127.76849763802602,5.31319047800475,85.74292335609789,1.0,5.31319047800475,0.3991933260943616,30.0,0.0,16142.130890785458,simulated,3.7611917632166296,0.25,0,0,0,0,0,0,0,0,0.6249999999999999,0.6666666666666666,4,2.849999999999998,16,0.7619047619047619,24,8,0.3333333333333333,device,2,4,2,"{""crowded"": 0, ""dropped_in_flight"": 0, ""not_merged"": 4, ""unplannable"": 0}","{""narrow"": 1.0}",1.0,-0.37985910009551166,0.3333333333333333,,1,1,1,7.335771560668945,29.43107996485196,1,2,2,15.097300052642822,179.47709340869915,,,,,,,,0.02551887498702854,0.0654491649707779,"{""exact"": 0.0, ""local"": 1.0, ""stop_subsets"": 0.0}",,,,,,,,8,3112.6796875,412.38671875,45.21875,447.03125
N=6-dead_zone=0.6-link_quality=0.4-n_missions=4-regime=jittery-rrf=60.0,F,1,2436359050,results\exp5\b1\s514\n6k1_stress__local_traces,75.0,0,agg:cutoff,"{""a_max"": null, ""buffer_k"": null, ""decay"": 0.5, ""fedex_n"": null, ""hinge_a"": 1.0, ""hinge_b"": 0.0, ""period_s"": 202.87098891786263, ""server_lr"": 1.0, ""value"": ""uniform""}",0.0,0,multiplicative,"{""beta_on"": 0.8, ""beta_partial"": 1.25, ""beta_timeout"": 1.5, ""expire_overrides"": null, ""phi_max"": 300.0, ""phi_min"": 5.0}",1,1,,,,sim,search,replan,,channel,20.287098891786265,,202.87098891786263,36.0,"{""age_cap_lookahead"": 0, ""age_cap_missions"": 2, ""altitude_m"": 25.0, ""backhaul_period_s"": null, ""backhaul_policy"": ""fixed"", ""backhaul_regime"": ""jittery"", ""band_class_policy"": ""search"", ""contact_band_classes"": null, ""contact_regime"": ""jittery"", ""cruise_speed_m_s"": 5.0, ""deadline_bounds"": ""collection"", ""energy_capacity_j"": null, ""flight_slot"": ""committed"", ""interference_period_s"": 60.0, ""listen_s"": 1.0, ""margin_quantile"": 0.9, ""member_admission"": ""subset"", ""n_pl"": 2.2, ""noise_bin_s"": 1.0, ""p_hover_w"": null, ""p_move_w"": null, ""payload_bytes"": 1000000, ""plan_mode"": ""ferry"", ""plan_score_params"": {}, ""plan_search_params"": {""exact_max_devices"": 0, ""exhaustive_max_stops"": 0}, ""replan_fallback"": ""trim"", ""shadow_corr_s"": 7.4, ""shadow_keying"": ""time"", ""shadow_sigma_db"": 4.0, ""snr_floor_db"": -6.7, ""t_nom_computed"": true, ""turnaround_s"": 30.0}",,1,21,ok,5.0,1.0,1.0,1.0,0.0,1.0,1.0,2.584962500721156,1.0,0.9259259259259259,1.0,6.0,4,4,0,1.0,1.0,5.152472257614136,6,60.0,4,0.25710881249999995,0.357,0.6959778070449829,0.9572878125000001,0.8296666666666667,0.5703088641166687,0.9572878125000001,0.7001790000000001,5,2,0.71,153.34895270719426,6.903347189086834,108.23430740420008,1.0,6.903347189086834,0.3079509248790211,30.0,0.0,20388.622110313452,simulated,6.951734069210943,0.5,0,0,0,0,0,0,0,0,0.25,0.3333333333333333,2,1.8499999999999979,20,0.9259259259259259,24,4,0.16666666666666666,device,2,2,2,"{""crowded"": 0, ""dropped_in_flight"": 0, ""not_merged"": 2, ""unplannable"": 0}","{""narrow"": 1.0}",1.0,-0.534267302065083,0.8333333333333334,,1,2,2,16.70400309562683,239.56123613915406,1,2,2,16.70400309562683,239.56123613915406,,,,,,,,0.016470275004394352,0.03256736000766977,"{""exact"": 0.0, ""local"": 1.0, ""stop_subsets"": 0.0}",,,,,,,,8,3115.47265625,412.25390625,44.91796875,448.3125
N=6-dead_zone=0.6-link_quality=0.4-n_missions=4-regime=jittery-rrf=60.0,F,20,2925669016,results\exp5\b1\s514\n6k1_stress__local_traces,75.0,0,agg:cutoff,"{""a_max"": null, ""buffer_k"": null, ""decay"": 0.5, ""fedex_n"": null, ""hinge_a"": 1.0, ""hinge_b"": 0.0, ""period_s"": 202.87098891786263, ""server_lr"": 1.0, ""value"": ""uniform""}",0.0,0,multiplicative,"{""beta_on"": 0.8, ""beta_partial"": 1.25, ""beta_timeout"": 1.5, ""expire_overrides"": null, ""phi_max"": 300.0, ""phi_min"": 5.0}",1,1,,,,sim,search,replan,,channel,20.287098891786265,,202.87098891786263,36.0,"{""age_cap_lookahead"": 0, ""age_cap_missions"": 2, ""altitude_m"": 25.0, ""backhaul_period_s"": null, ""backhaul_policy"": ""fixed"", ""backhaul_regime"": ""jittery"", ""band_class_policy"": ""search"", ""contact_band_classes"": null, ""contact_regime"": ""jittery"", ""cruise_speed_m_s"": 5.0, ""deadline_bounds"": ""collection"", ""energy_capacity_j"": null, ""flight_slot"": ""committed"", ""interference_period_s"": 60.0, ""listen_s"": 1.0, ""margin_quantile"": 0.9, ""member_admission"": ""subset"", ""n_pl"": 2.2, ""noise_bin_s"": 1.0, ""p_hover_w"": null, ""p_move_w"": null, ""payload_bytes"": 1000000, ""plan_mode"": ""ferry"", ""plan_score_params"": {}, ""plan_search_params"": {""exact_max_devices"": 0, ""exhaustive_max_stops"": 0}, ""replan_fallback"": ""trim"", ""shadow_corr_s"": 7.4, ""shadow_keying"": ""time"", ""shadow_sigma_db"": 4.0, ""snr_floor_db"": -6.7, ""t_nom_computed"": true, ""turnaround_s"": 30.0}",,1,21,ok,3.75,0.75,0.75,0.75,0.0,1.0,0.9863813229571985,2.5744957240833597,1.0,0.872093023255814,0.875,6.0,3,4,0,1.0,1.25,4.48632425069809,6,60.0,4,0.2817225625,0.3586666666666667,0.6958624124526978,0.9183149375,0.8621666666666666,0.6302518844604492,0.9183149375,0.636592375,4,1,0.71,115.66290101961931,16.808366765268897,51.831776045582956,1.0,15.623564882569209,0.3991933260943616,30.0,0.0,13559.379648310278,simulated,0.0,0.0,0,0,0,0,1,0,0,0,0.9583333333333333,1.3333333333333333,3,3.0,11,0.8066666666666666,24,9,0.375,device,2,7,4,"{""crowded"": 0, ""dropped_in_flight"": 0, ""not_merged"": 3, ""unplannable"": 0}","{""medium"": 0.75, ""narrow"": 0.25}",1.0,-0.40640066441213407,0.5,,1,1,1,8.034151554107666,59.03661001904402,1,4,3,17.919737339019775,401.3682105829939,,,,,,,,0.020551224995870143,0.05005709007382391,"{""exact"": 0.0, ""local"": 1.0, ""stop_subsets"": 0.0}",,,,,,,,8,3096.93359375,405.85546875,44.9765625,446.72265625
N=6-dead_zone=0.6-link_quality=0.4-n_missions=4-regime=jittery-rrf=60.0,F,21,304655750,results\exp5\b1\s514\n6k1_stress__local_traces,75.0,0,agg:cutoff,"{""a_max"": null, ""buffer_k"": null, ""decay"": 0.5, ""fedex_n"": null, ""hinge_a"": 1.0, ""hinge_b"": 0.0, ""period_s"": 202.87098891786263, ""server_lr"": 1.0, ""value"": ""uniform""}",0.0,0,multiplicative,"{""beta_on"": 0.8, ""beta_partial"": 1.25, ""beta_timeout"": 1.5, ""expire_overrides"": null, ""phi_max"": 300.0, ""phi_min"": 5.0}",1,1,,,,sim,search,replan,,channel,20.287098891786265,,202.87098891786263,36.0,"{""age_cap_lookahead"": 0, ""age_cap_missions"": 2, ""altitude_m"": 25.0, ""backhaul_period_s"": null, ""backhaul_policy"": ""fixed"", ""backhaul_regime"": ""jittery"", ""band_class_policy"": ""search"", ""contact_band_classes"": null, ""contact_regime"": ""jittery"", ""cruise_speed_m_s"": 5.0, ""deadline_bounds"": ""collection"", ""energy_capacity_j"": null, ""flight_slot"": ""committed"", ""interference_period_s"": 60.0, ""listen_s"": 1.0, ""margin_quantile"": 0.9, ""member_admission"": ""subset"", ""n_pl"": 2.2, ""noise_bin_s"": 1.0, ""p_hover_w"": null, ""p_move_w"": null, ""payload_bytes"": 1000000, ""plan_mode"": ""ferry"", ""plan_score_params"": {}, ""plan_search_params"": {""exact_max_devices"": 0, ""exhaustive_max_stops"": 0}, ""replan_fallback"": ""trim"", ""shadow_corr_s"": 7.4, ""shadow_keying"": ""time"", ""shadow_sigma_db"": 4.0, ""snr_floor_db"": -6.7, ""t_nom_computed"": true, ""turnaround_s"": 30.0}",,1,21,ok,3.0,1.0,0.75,0.75,0.0,1.0,0.9970344009489917,2.5827423149511795,1.0,0.8571428571428571,1.0,6.0,4,4,0,1.0,1.0,4.871281564235687,6,60.0,4,0.27998406249999996,0.3571666666666667,0.6958786845207214,0.9483125625,0.8168333333333333,0.5770700573921204,0.9483125625,0.6683285,5,2,0.71,90.28877287029172,11.520464002015911,35.93989394159871,1.0,11.520464002015911,0.3079509248790211,30.0,0.0,9533.049390538352,simulated,0.0,0.0,0,0,0,0,0,0,0,0,0.7916666666666666,1.0,3,2.849999999999998,12,0.8571428571428571,24,12,0.5,device,2,5,3,"{""crowded"": 0, ""dropped_in_flight"": 0, ""not_merged"": 5, ""unplannable"": 0}","{""medium"": 1.0}",1.0,-0.317234751301517,0.5,,1,2,2,15.358405113220215,122.28209581086412,1,3,3,16.877835988998413,200.78020509437192,,,,,,,,0.024340850010048598,0.06592935494845731,"{""exact"": 0.0, ""local"": 1.0, ""stop_subsets"": 0.0}",,,,,,,,8,3108.9375,411.515625,44.98046875,448.05859375
N=6-dead_zone=0.6-link_quality=0.4-n_missions=4-regime=jittery-rrf=60.0,F,22,103720238,results\exp5\b1\s514\n6k1_stress__local_traces,75.0,0,agg:cutoff,"{""a_max"": null, ""buffer_k"": null, ""decay"": 0.5, ""fedex_n"": null, ""hinge_a"": 1.0, ""hinge_b"": 0.0, ""period_s"": 202.87098891786263, ""server_lr"": 1.0, ""value"": ""uniform""}",0.0,0,multiplicative,"{""beta_on"": 0.8, ""beta_partial"": 1.25, ""beta_timeout"": 1.5, ""expire_overrides"": null, ""phi_max"": 300.0, ""phi_min"": 5.0}",1,1,,,,sim,search,replan,,channel,20.287098891786265,,202.87098891786263,36.0,"{""age_cap_lookahead"": 0, ""age_cap_missions"": 2, ""altitude_m"": 25.0, ""backhaul_period_s"": null, ""backhaul_policy"": ""fixed"", ""backhaul_regime"": ""jittery"", ""band_class_policy"": ""search"", ""contact_band_classes"": null, ""contact_regime"": ""jittery"", ""cruise_speed_m_s"": 5.0, ""deadline_bounds"": ""collection"", ""energy_capacity_j"": null, ""flight_slot"": ""committed"", ""interference_period_s"": 60.0, ""listen_s"": 1.0, ""margin_quantile"": 0.9, ""member_admission"": ""subset"", ""n_pl"": 2.2, ""noise_bin_s"": 1.0, ""p_hover_w"": null, ""p_move_w"": null, ""payload_bytes"": 1000000, ""plan_mode"": ""ferry"", ""plan_score_params"": {}, ""plan_search_params"": {""exact_max_devices"": 0, ""exhaustive_max_stops"": 0}, ""replan_fallback"": ""trim"", ""shadow_corr_s"": 7.4, ""shadow_keying"": ""time"", ""shadow_sigma_db"": 4.0, ""snr_floor_db"": -6.7, ""t_nom_computed"": true, ""turnaround_s"": 30.0}",,1,21,ok,3.0,1.0,0.75,0.75,0.0,1.0,0.9944903581267218,2.5810309627563695,0.8333333333333334,0.75,1.0,5.0,4,4,0,1.0,1.0,5.1138007044792175,6,60.0,4,0.27174575,0.3571666666666667,0.6959273815155029,0.9473776875,0.804,0.5726609826087952,0.9473776875,0.6756319375,5,1,0.71,177.9591853808961,7.046279417118903,132.55867562181083,1.0,7.046279417118903,0.3079509248790211,30.0,0.0,24528.328290871676,simulated,13.510566289012786,0.5,0,0,0,0,0,0,0,0,0.875,1.6666666666666667,4,3.0,12,0.75,20,8,0.4,device,2,5,2,"{""crowded"": 0, ""dropped_in_flight"": 0, ""not_merged"": 5, ""unplannable"": 0}","{""narrow"": 1.0}",0.8333333333333334,-1.0992335157220459,0.45,,1,1,1,8.839834690093994,121.56113285967149,1,3,3,17.868757963180542,424.6340052067535,,,,,,,,0.01732559991069138,0.0418775199796073,"{""exact"": 0.0, ""local"": 1.0, ""stop_subsets"": 0.0}",,,,,,,,8,3108.66015625,411.26953125,45.3359375,446.53125
N=6-dead_zone=0.6-link_quality=0.4-n_missions=4-regime=jittery-rrf=60.0,F,23,3975650841,results\exp5\b1\s514\n6k1_stress__local_traces,75.0,0,agg:cutoff,"{""a_max"": null, ""buffer_k"": null, ""decay"": 0.5, ""fedex_n"": null, ""hinge_a"": 1.0, ""hinge_b"": 0.0, ""period_s"": 202.87098891786263, ""server_lr"": 1.0, ""value"": ""uniform""}",0.0,0,multiplicative,"{""beta_on"": 0.8, ""beta_partial"": 1.25, ""beta_timeout"": 1.5, ""expire_overrides"": null, ""phi_max"": 300.0, ""phi_min"": 5.0}",1,1,,,,sim,search,replan,,channel,20.287098891786265,,202.87098891786263,36.0,"{""age_cap_lookahead"": 0, ""age_cap_missions"": 2, ""altitude_m"": 25.0, ""backhaul_period_s"": null, ""backhaul_policy"": ""fixed"", ""backhaul_regime"": ""jittery"", ""band_class_policy"": ""search"", ""contact_band_classes"": null, ""contact_regime"": ""jittery"", ""cruise_speed_m_s"": 5.0, ""deadline_bounds"": ""collection"", ""energy_capacity_j"": null, ""flight_slot"": ""committed"", ""interference_period_s"": 60.0, ""listen_s"": 1.0, ""margin_quantile"": 0.9, ""member_admission"": ""subset"", ""n_pl"": 2.2, ""noise_bin_s"": 1.0, ""p_hover_w"": null, ""p_move_w"": null, ""payload_bytes"": 1000000, ""plan_mode"": ""ferry"", ""plan_score_params"": {}, ""plan_search_params"": {""exact_max_devices"": 0, ""exhaustive_max_stops"": 0}, ""replan_fallback"": ""trim"", ""shadow_corr_s"": 7.4, ""shadow_keying"": ""time"", ""shadow_sigma_db"": 4.0, ""snr_floor_db"": -6.7, ""t_nom_computed"": true, ""turnaround_s"": 30.0}",,1,21,ok,3.25,1.0,1.0,0.5,0.0,1.0,1.0,2.584962500721156,0.8333333333333334,0.8047619047619048,1.0,6.0,4,4,0,1.0,1.0,4.534237742424011,6,60.0,4,0.26385625,0.35933333333333334,0.6959241628646851,0.9398003125,0.8576666666666667,0.5881404876708984,0.9398003125,0.6759440624999999,5,2,0.71,131.65486105706077,6.270233864910609,87.80644240241963,1.0,6.270233864910609,0.3079509248790211,30.0,0.0,16764.696710810036,simulated,5.023481080570491,0.25,0,0,0,0,0,0,0,0,0.75,0.8333333333333333,4,2.849999999999998,13,0.8047619047619048,24,11,0.4583333333333333,device,2,4,2,"{""crowded"": 0, ""dropped_in_flight"": 0, ""not_merged"": 4, ""unplannable"": 0}","{""narrow"": 1.0}",1.0,-0.4560668138804413,0.625,,1,2,2,14.523746967315674,210.62018861819524,1,2,2,14.523746967315674,210.62018861819524,,,,,,,,0.017073075054213405,0.03914678007131441,"{""exact"": 0.0, ""local"": 1.0, ""stop_subsets"": 0.0}",,,,,,,,8,3109.28515625,411.375,44.76171875,447.52734375
N=6-dead_zone=0.6-link_quality=0.4-n_missions=4-regime=jittery-rrf=60.0,F,24,642987364,results\exp5\b1\s514\n6k1_stress__local_traces,75.0,0,agg:cutoff,"{""a_max"": null, ""buffer_k"": null, ""decay"": 0.5, ""fedex_n"": null, ""hinge_a"": 1.0, ""hinge_b"": 0.0, ""period_s"": 202.87098891786263, ""server_lr"": 1.0, ""value"": ""uniform""}",0.0,0,multiplicative,"{""beta_on"": 0.8, ""beta_partial"": 1.25, ""beta_timeout"": 1.5, ""expire_overrides"": null, ""phi_max"": 300.0, ""phi_min"": 5.0}",1,1,,,,sim,search,replan,,channel,20.287098891786265,,202.87098891786263,36.0,"{""age_cap_lookahead"": 0, ""age_cap_missions"": 2, ""altitude_m"": 25.0, ""backhaul_period_s"": null, ""backhaul_policy"": ""fixed"", ""backhaul_regime"": ""jittery"", ""band_class_policy"": ""search"", ""contact_band_classes"": null, ""contact_regime"": ""jittery"", ""cruise_speed_m_s"": 5.0, ""deadline_bounds"": ""collection"", ""energy_capacity_j"": null, ""flight_slot"": ""committed"", ""interference_period_s"": 60.0, ""listen_s"": 1.0, ""margin_quantile"": 0.9, ""member_admission"": ""subset"", ""n_pl"": 2.2, ""noise_bin_s"": 1.0, ""p_hover_w"": null, ""p_move_w"": null, ""payload_bytes"": 1000000, ""plan_mode"": ""ferry"", ""plan_score_params"": {}, ""plan_search_params"": {""exact_max_devices"": 0, ""exhaustive_max_stops"": 0}, ""replan_fallback"": ""trim"", ""shadow_corr_s"": 7.4, ""shadow_keying"": ""time"", ""shadow_sigma_db"": 4.0, ""snr_floor_db"": -6.7, ""t_nom_computed"": true, ""turnaround_s"": 30.0}",,1,21,ok,3.75,1.0,1.0,0.75,0.0,1.0,1.0,2.584962500721156,1.0,0.872093023255814,1.0,6.0,4,4,0,1.0,1.0,5.089664816856384,6,60.0,4,0.2545511875,0.3566666666666667,0.6960009932518005,0.9434726250000002,0.8533333333333334,0.5669456124305725,0.9434726250000002,0.6889214375000001,5,1,0.71,159.0466664925625,6.928680993865349,113.79011117873597,1.0,6.928680993865349,0.3991933260943616,30.0,0.0,21332.05091505514,simulated,17.29851766146021,0.5,0,0,0,0,0,0,0,0,0.41666666666666663,0.3333333333333333,2,1.0,15,0.872093023255814,24,9,0.375,device,2,1,1,"{""crowded"": 0, ""dropped_in_flight"": 0, ""not_merged"": 1, ""unplannable"": 0}","{""narrow"": 1.0}",1.0,-0.4831027632696784,0.75,,1,1,1,8.504027366638184,137.97467686189339,1,3,3,18.471254587173462,394.831950746011,,,,,,,,0.019792200007941574,0.04770400495035572,"{""exact"": 0.0, ""local"": 1.0, ""stop_subsets"": 0.0}",,,,,,,,8,3106.94921875,410.53515625,44.7734375,447.09765625
N=6-dead_zone=0.6-link_quality=0.4-n_missions=4-regime=jittery-rrf=60.0,F,25,4288053192,results\exp5\b1\s514\n6k1_stress__local_traces,75.0,0,agg:cutoff,"{""a_max"": null, ""buffer_k"": null, ""decay"": 0.5, ""fedex_n"": null, ""hinge_a"": 1.0, ""hinge_b"": 0.0, ""period_s"": 202.87098891786263, ""server_lr"": 1.0, ""value"": ""uniform""}",0.0,0,multiplicative,"{""beta_on"": 0.8, ""beta_partial"": 1.25, ""beta_timeout"": 1.5, ""expire_overrides"": null, ""phi_max"": 300.0, ""phi_min"": 5.0}",1,1,,,,sim,search,replan,,channel,20.287098891786265,,202.87098891786263,36.0,"{""age_cap_lookahead"": 0, ""age_cap_missions"": 2, ""altitude_m"": 25.0, ""backhaul_period_s"": null, ""backhaul_policy"": ""fixed"", ""backhaul_regime"": ""jittery"", ""band_class_policy"": ""search"", ""contact_band_classes"": null, ""contact_regime"": ""jittery"", ""cruise_speed_m_s"": 5.0, ""deadline_bounds"": ""collection"", ""energy_capacity_j"": null, ""flight_slot"": ""committed"", ""interference_period_s"": 60.0, ""listen_s"": 1.0, ""margin_quantile"": 0.9, ""member_admission"": ""subset"", ""n_pl"": 2.2, ""noise_bin_s"": 1.0, ""p_hover_w"": null, ""p_move_w"": null, ""payload_bytes"": 1000000, ""plan_mode"": ""ferry"", ""plan_score_params"": {}, ""plan_search_params"": {""exact_max_devices"": 0, ""exhaustive_max_stops"": 0}, ""replan_fallback"": ""trim"", ""shadow_corr_s"": 7.4, ""shadow_keying"": ""time"", ""shadow_sigma_db"": 4.0, ""snr_floor_db"": -6.7, ""t_nom_computed"": true, ""turnaround_s"": 30.0}",,1,21,ok,2.25,1.0,1.0,0.25,0.0,1.0,1.0,2.584962500721156,0.6666666666666666,0.54,1.0,6.0,4,4,0,1.0,1.0,4.942662537097931,6,60.0,4,0.28320724999999997,0.3566666666666667,0.6958600282669067,0.9448643750000001,0.7971666666666667,0.5953772664070129,0.9448643750000001,0.6616571250000001,5,1,0.71,177.52214750106214,10.320788477208364,125.48137722030515,1.0,10.320788477208364,0.3991933260943616,30.0,0.0,24276.24251227566,simulated,23.735768576385453,0.25,0,0,0,0,0,0,0,0,1.3333333333333335,1.6666666666666665,4,3.849999999999998,9,0.54,24,15,0.625,device,2,10,5,"{""crowded"": 0, ""dropped_in_flight"": 0, ""not_merged"": 10, ""unplannable"": 0}","{""narrow"": 1.0}",1.0,-0.5342235737413173,0.5,,1,1,1,6.929847955703735,69.00861295836512,1,3,3,17.438002824783325,454.95034813368693,,,,,,,,0.02143942500697449,0.048801589966751616,"{""exact"": 0.0, ""local"": 1.0, ""stop_subsets"": 0.0}",,,,,,,,8,3118.8828125,411.5078125,45.29296875,447.46484375
N=6-dead_zone=0.6-link_quality=0.4-n_missions=4-regime=jittery-rrf=60.0,F,26,3267553148,results\exp5\b1\s514\n6k1_stress__local_traces,75.0,0,agg:cutoff,"{""a_max"": null, ""buffer_k"": null, ""decay"": 0.5, ""fedex_n"": null, ""hinge_a"": 1.0, ""hinge_b"": 0.0, ""period_s"": 202.87098891786263, ""server_lr"": 1.0, ""value"": ""uniform""}",0.0,0,multiplicative,"{""beta_on"": 0.8, ""beta_partial"": 1.25, ""beta_timeout"": 1.5, ""expire_overrides"": null, ""phi_max"": 300.0, ""phi_min"": 5.0}",1,1,,,,sim,search,replan,,channel,20.287098891786265,,202.87098891786263,36.0,"{""age_cap_lookahead"": 0, ""age_cap_missions"": 2, ""altitude_m"": 25.0, ""backhaul_period_s"": null, ""backhaul_policy"": ""fixed"", ""backhaul_regime"": ""jittery"", ""band_class_policy"": ""search"", ""contact_band_classes"": null, ""contact_regime"": ""jittery"", ""cruise_speed_m_s"": 5.0, ""deadline_bounds"": ""collection"", ""energy_capacity_j"": null, ""flight_slot"": ""committed"", ""interference_period_s"": 60.0, ""listen_s"": 1.0, ""margin_quantile"": 0.9, ""member_admission"": ""subset"", ""n_pl"": 2.2, ""noise_bin_s"": 1.0, ""p_hover_w"": null, ""p_move_w"": null, ""payload_bytes"": 1000000, ""plan_mode"": ""ferry"", ""plan_score_params"": {}, ""plan_search_params"": {""exact_max_devices"": 0, ""exhaustive_max_stops"": 0}, ""replan_fallback"": ""trim"", ""shadow_corr_s"": 7.4, ""shadow_keying"": ""time"", ""shadow_sigma_db"": 4.0, ""snr_floor_db"": -6.7, ""t_nom_computed"": true, ""turnaround_s"": 30.0}",,1,21,ok,2.5,1.0,0.75,0.75,0.0,1.0,0.9877344877344877,2.5758875711364073,1.0,0.8333333333333334,1.0,4.75,4,4,0,1.0,1.0,5.101678013801575,6,60.0,4,0.25453975,0.356,0.6960024237632751,0.917873,0.855,0.5805982947349548,0.917873,0.66333325,5,1,0.71,165.5494517722109,6.368839669488411,121.41257910706918,1.0,6.368839669488411,0.3991933260943616,30.0,0.0,22455.65033261823,simulated,3.17297780723311,0.5,0,0,0,0,0,0,0,0,1.0,0.8333333333333333,3,3.0,10,0.8333333333333334,19,9,0.47368421052631576,device,2,7,4,"{""crowded"": 1, ""dropped_in_flight"": 0, ""not_merged"": 6, ""unplannable"": 0}","{""narrow"": 1.0}",0.7916666666666666,-1.2176820135837116,0.35,,1,1,1,7.234659194946289,79.06166807201225,1,4,4,20.335100889205933,569.4968054785859,,,,,,,,0.014870224986225367,0.02844473500736057,"{""exact"": 0.0, ""local"": 1.0, ""stop_subsets"": 0.0}",,,,,,,,8,3111.7734375,412.90234375,44.9921875,446.88671875
N=6-dead_zone=0.6-link_quality=0.4-n_missions=4-regime=jittery-rrf=60.0,F,27,1899897056,results\exp5\b1\s514\n6k1_stress__local_traces,75.0,0,agg:cutoff,"{""a_max"": null, ""buffer_k"": null, ""decay"": 0.5, ""fedex_n"": null, ""hinge_a"": 1.0, ""hinge_b"": 0.0, ""period_s"": 202.87098891786263, ""server_lr"": 1.0, ""value"": ""uniform""}",0.0,0,multiplicative,"{""beta_on"": 0.8, ""beta_partial"": 1.25, ""beta_timeout"": 1.5, ""expire_overrides"": null, ""phi_max"": 300.0, ""phi_min"": 5.0}",1,1,,,,sim,search,replan,,channel,20.287098891786265,,202.87098891786263,36.0,"{""age_cap_lookahead"": 0, ""age_cap_missions"": 2, ""altitude_m"": 25.0, ""backhaul_period_s"": null, ""backhaul_policy"": ""fixed"", ""backhaul_regime"": ""jittery"", ""band_class_policy"": ""search"", ""contact_band_classes"": null, ""contact_regime"": ""jittery"", ""cruise_speed_m_s"": 5.0, ""deadline_bounds"": ""collection"", ""energy_capacity_j"": null, ""flight_slot"": ""committed"", ""interference_period_s"": 60.0, ""listen_s"": 1.0, ""margin_quantile"": 0.9, ""member_admission"": ""subset"", ""n_pl"": 2.2, ""noise_bin_s"": 1.0, ""p_hover_w"": null, ""p_move_w"": null, ""payload_bytes"": 1000000, ""plan_mode"": ""ferry"", ""plan_score_params"": {}, ""plan_search_params"": {""exact_max_devices"": 0, ""exhaustive_max_stops"": 0}, ""replan_fallback"": ""trim"", ""shadow_corr_s"": 7.4, ""shadow_keying"": ""time"", ""shadow_sigma_db"": 4.0, ""snr_floor_db"": -6.7, ""t_nom_computed"": true, ""turnaround_s"": 30.0}",,1,21,ok,2.0,0.75,0.5,0.5,0.25,1.0,0.9468599033816425,2.54363785115567,0.8333333333333334,0.7619047619047619,0.75,4.0,3,4,0,1.0,0.75,3.8348878622055054,6,60.0,4,0.2517264375,0.35683333333333334,0.6959744691848755,0.9291428125,0.83,0.628583550453186,0.9291428125,0.677416375,4,2,0.71,149.52427655350766,15.616500754922049,87.31031184984022,0.75,15.616500754922049,0.23096319365926582,30.0,0.0,19323.221563511688,simulated,6.311309982003877,0.25,0,0,0,1,0,0,0,0,1.1249999999999998,0.9999999999999999,4,2.849999999999998,8,0.7619047619047619,16,8,0.5,device,2,8,6,"{""crowded"": 3, ""dropped_in_flight"": 0, ""not_merged"": 5, ""unplannable"": 0}","{""narrow"": 1.0}",0.6666666666666666,-2.1603350143152857,0.3333333333333333,,1,3,2,13.557650327682495,309.68140964058693,1,3,2,13.557650327682495,309.68140964058693,,,,,,,,0.015984750003553927,0.03377932497533037,"{""exact"": 0.0, ""local"": 1.0, ""stop_subsets"": 0.0}",,,,,,,,8,3099.5,406.91015625,45.10546875,446.64453125
N=6-dead_zone=0.6-link_quality=0.4-n_missions=4-regime=jittery-rrf=60.0,F,28,4210752756,results\exp5\b1\s514\n6k1_stress__local_traces,75.0,0,agg:cutoff,"{""a_max"": null, ""buffer_k"": null, ""decay"": 0.5, ""fedex_n"": null, ""hinge_a"": 1.0, ""hinge_b"": 0.0, ""period_s"": 202.87098891786263, ""server_lr"": 1.0, ""value"": ""uniform""}",0.0,0,multiplicative,"{""beta_on"": 0.8, ""beta_partial"": 1.25, ""beta_timeout"": 1.5, ""expire_overrides"": null, ""phi_max"": 300.0, ""phi_min"": 5.0}",1,1,,,,sim,search,replan,,channel,20.287098891786265,,202.87098891786263,36.0,"{""age_cap_lookahead"": 0, ""age_cap_missions"": 2, ""altitude_m"": 25.0, ""backhaul_period_s"": null, ""backhaul_policy"": ""fixed"", ""backhaul_regime"": ""jittery"", ""band_class_policy"": ""search"", ""contact_band_classes"": null, ""contact_regime"": ""jittery"", ""cruise_speed_m_s"": 5.0, ""deadline_bounds"": ""collection"", ""energy_capacity_j"": null, ""flight_slot"": ""committed"", ""interference_period_s"": 60.0, ""listen_s"": 1.0, ""margin_quantile"": 0.9, ""member_admission"": ""subset"", ""n_pl"": 2.2, ""noise_bin_s"": 1.0, ""p_hover_w"": null, ""p_move_w"": null, ""payload_bytes"": 1000000, ""plan_mode"": ""ferry"", ""plan_score_params"": {}, ""plan_search_params"": {""exact_max_devices"": 0, ""exhaustive_max_stops"": 0}, ""replan_fallback"": ""trim"", ""shadow_corr_s"": 7.4, ""shadow_keying"": ""time"", ""shadow_sigma_db"": 4.0, ""snr_floor_db"": -6.7, ""t_nom_computed"": true, ""turnaround_s"": 30.0}",,1,21,ok,4.0,1.0,1.0,1.0,0.0,1.0,1.0,2.584962500721156,1.0,0.8205128205128205,1.0,6.0,4,4,0,1.0,1.0,4.33145946264267,6,60.0,4,0.27497849999999996,0.35983333333333334,0.6958779096603394,0.9439252499999999,0.8515,0.5854090452194214,0.9439252499999999,0.6689467499999999,5,1,0.71,156.24480613757623,9.236747077521306,106.46336105786031,1.0,9.236747077521306,0.3079509248790211,30.0,0.0,20760.370098913583,simulated,9.647550899127964,0.25,0,0,0,0,0,0,0,0,0.5,0.6666666666666666,3,2.0,16,0.8205128205128205,24,8,0.3333333333333333,device,2,3,2,"{""crowded"": 0, ""dropped_in_flight"": 0, ""not_merged"": 3, ""unplannable"": 0}","{""narrow"": 1.0}",1.0,-0.5736557655547669,0.625,,1,1,1,7.1999993324279785,54.344730637036264,1,3,3,15.646803140640259,386.6636972936103,,,,,,,,0.014959099935367703,0.03158827497391029,"{""exact"": 0.0, ""local"": 1.0, ""stop_subsets"": 0.0}",,,,,,,,8,3121.40625,410.96875,44.7734375,448.38671875
N=6-dead_zone=0.6-link_quality=0.4-n_missions=4-regime=jittery-rrf=60.0,F,29,553306356,results\exp5\b1\s514\n6k1_stress__local_traces,75.0,0,agg:cutoff,"{""a_max"": null, ""buffer_k"": null, ""decay"": 0.5, ""fedex_n"": null, ""hinge_a"": 1.0, ""hinge_b"": 0.0, ""period_s"": 202.87098891786263, ""server_lr"": 1.0, ""value"": ""uniform""}",0.0,0,multiplicative,"{""beta_on"": 0.8, ""beta_partial"": 1.25, ""beta_timeout"": 1.5, ""expire_overrides"": null, ""phi_max"": 300.0, ""phi_min"": 5.0}",1,1,,,,sim,search,replan,,channel,20.287098891786265,,202.87098891786263,36.0,"{""age_cap_lookahead"": 0, ""age_cap_missions"": 2, ""altitude_m"": 25.0, ""backhaul_period_s"": null, ""backhaul_policy"": ""fixed"", ""backhaul_regime"": ""jittery"", ""band_class_policy"": ""search"", ""contact_band_classes"": null, ""contact_regime"": ""jittery"", ""cruise_speed_m_s"": 5.0, ""deadline_bounds"": ""collection"", ""energy_capacity_j"": null, ""flight_slot"": ""committed"", ""interference_period_s"": 60.0, ""listen_s"": 1.0, ""margin_quantile"": 0.9, ""member_admission"": ""subset"", ""n_pl"": 2.2, ""noise_bin_s"": 1.0, ""p_hover_w"": null, ""p_move_w"": null, ""payload_bytes"": 1000000, ""plan_mode"": ""ferry"", ""plan_score_params"": {}, ""plan_search_params"": {""exact_max_devices"": 0, ""exhaustive_max_stops"": 0}, ""replan_fallback"": ""trim"", ""shadow_corr_s"": 7.4, ""shadow_keying"": ""time"", ""shadow_sigma_db"": 4.0, ""snr_floor_db"": -6.7, ""t_nom_computed"": true, ""turnaround_s"": 30.0}",,1,21,ok,2.75,1.0,1.0,1.0,0.0,1.0,0.9709219858156029,2.5615073285515564,0.8333333333333334,0.6505376344086021,1.0,5.0,4,4,0,1.0,1.0,4.340910196304321,6,60.0,4,0.27156600000000003,0.3585,0.6959068179130554,0.9260297500000001,0.8328333333333333,0.603321373462677,0.9260297500000001,0.6544637500000001,5,3,0.71,127.2743894495652,1.6219326413978514,92.72257324197562,1.0,1.6219326413978514,0.3079509248790211,30.0,0.0,16258.072645882356,simulated,0.0,0.0,0,0,0,0,0,0,0,0,1.0,1.6666666666666667,4,3.0,11,0.6505376344086021,20,9,0.45,device,2,7,4,"{""crowded"": 0, ""dropped_in_flight"": 0, ""not_merged"": 7, ""unplannable"": 0}","{""narrow"": 1.0}",0.8333333333333334,-1.110583424211789,0.35,,1,3,3,15.684845924377441,325.74581404961646,1,4,4,17.32207679748535,453.35154110577423,,,,,,,,0.01582327502546832,0.03437124502379446,"{""exact"": 0.0, ""local"": 1.0, ""stop_subsets"": 0.0}",,,,,,,,8,3104.9609375,411.7421875,45.36328125,448.6015625
N=6-dead_zone=0.6-link_quality=0.4-n_missions=4-regime=jittery-rrf=60.0,F,2,1331715838,results\exp5\b1\s514\n6k1_stress__local_traces,75.0,0,agg:cutoff,"{""a_max"": null, ""buffer_k"": null, ""decay"": 0.5, ""fedex_n"": null, ""hinge_a"": 1.0, ""hinge_b"": 0.0, ""period_s"": 202.87098891786263, ""server_lr"": 1.0, ""value"": ""uniform""}",0.0,0,multiplicative,"{""beta_on"": 0.8, ""beta_partial"": 1.25, ""beta_timeout"": 1.5, ""expire_overrides"": null, ""phi_max"": 300.0, ""phi_min"": 5.0}",1,1,,,,sim,search,replan,,channel,20.287098891786265,,202.87098891786263,36.0,"{""age_cap_lookahead"": 0, ""age_cap_missions"": 2, ""altitude_m"": 25.0, ""backhaul_period_s"": null, ""backhaul_policy"": ""fixed"", ""backhaul_regime"": ""jittery"", ""band_class_policy"": ""search"", ""contact_band_classes"": null, ""contact_regime"": ""jittery"", ""cruise_speed_m_s"": 5.0, ""deadline_bounds"": ""collection"", ""energy_capacity_j"": null, ""flight_slot"": ""committed"", ""interference_period_s"": 60.0, ""listen_s"": 1.0, ""margin_quantile"": 0.9, ""member_admission"": ""subset"", ""n_pl"": 2.2, ""noise_bin_s"": 1.0, ""p_hover_w"": null, ""p_move_w"": null, ""payload_bytes"": 1000000, ""plan_mode"": ""ferry"", ""plan_score_params"": {}, ""plan_search_params"": {""exact_max_devices"": 0, ""exhaustive_max_stops"": 0}, ""replan_fallback"": ""trim"", ""shadow_corr_s"": 7.4, ""shadow_keying"": ""time"", ""shadow_sigma_db"": 4.0, ""snr_floor_db"": -6.7, ""t_nom_computed"": true, ""turnaround_s"": 30.0}",,1,21,ok,3.5,1.0,1.0,0.75,0.0,1.0,0.9941176470588236,2.580689952806082,1.0,0.8166666666666667,1.0,5.25,4,4,0,1.0,1.0,4.312967777252197,6,60.0,4,0.25928268750000005,0.3595,0.6959272623062134,0.9668283750000001,0.8756666666666667,0.5789725184440613,0.9668283750000001,0.7075456875,5,1,0.71,152.10227618765202,20.37560634388443,79.95187017382705,1.0,20.37560634388443,0.3991933260943616,30.0,0.0,19492.264266253464,simulated,10.998946103965864,0.5,0,0,0,0,0,0,0,0,0.5833333333333334,0.3333333333333333,3,2.0,14,0.8166666666666667,21,7,0.3333333333333333,device,2,3,2,"{""crowded"": 0, ""dropped_in_flight"": 0, ""not_merged"": 3, ""unplannable"": 0}","{""medium"": 0.25, ""narrow"": 0.75}",0.875,-1.1489666498762152,0.4375,,1,1,1,6.67060399055481,48.63349442766048,1,3,3,15.775612831115723,392.99553120834753,,,,,,,,0.016239449963904917,0.03285642988048493,"{""exact"": 0.0, ""local"": 1.0, ""stop_subsets"": 0.0}",,,,,,,,8,3109.97265625,412.76171875,45.13671875,447.890625
N=6-dead_zone=0.6-link_quality=0.4-n_missions=4-regime=jittery-rrf=60.0,F,30,538058192,results\exp5\b1\s514\n6k1_stress__local_traces,75.0,0,agg:cutoff,"{""a_max"": null, ""buffer_k"": null, ""decay"": 0.5, ""fedex_n"": null, ""hinge_a"": 1.0, ""hinge_b"": 0.0, ""period_s"": 202.87098891786263, ""server_lr"": 1.0, ""value"": ""uniform""}",0.0,0,multiplicative,"{""beta_on"": 0.8, ""beta_partial"": 1.25, ""beta_timeout"": 1.5, ""expire_overrides"": null, ""phi_max"": 300.0, ""phi_min"": 5.0}",1,1,,,,sim,search,replan,,channel,20.287098891786265,,202.87098891786263,36.0,"{""age_cap_lookahead"": 0, ""age_cap_missions"": 2, ""altitude_m"": 25.0, ""backhaul_period_s"": null, ""backhaul_policy"": ""fixed"", ""backhaul_regime"": ""jittery"", ""band_class_policy"": ""search"", ""contact_band_classes"": null, ""contact_regime"": ""jittery"", ""cruise_speed_m_s"": 5.0, ""deadline_bounds"": ""collection"", ""energy_capacity_j"": null, ""flight_slot"": ""committed"", ""interference_period_s"": 60.0, ""listen_s"": 1.0, ""margin_quantile"": 0.9, ""member_admission"": ""subset"", ""n_pl"": 2.2, ""noise_bin_s"": 1.0, ""p_hover_w"": null, ""p_move_w"": null, ""payload_bytes"": 1000000, ""plan_mode"": ""ferry"", ""plan_score_params"": {}, ""plan_search_params"": {""exact_max_devices"": 0, ""exhaustive_max_stops"": 0}, ""replan_fallback"": ""trim"", ""shadow_corr_s"": 7.4, ""shadow_keying"": ""time"", ""shadow_sigma_db"": 4.0, ""snr_floor_db"": -6.7, ""t_nom_computed"": true, ""turnaround_s"": 30.0}",,1,21,ok,3.0,1.0,0.75,0.75,0.0,1.0,0.9950248756218906,2.5812908992306927,0.8333333333333334,0.7058823529411765,1.0,5.75,4,4,0,1.0,2.0,4.667111039161682,6,60.0,4,0.2546906875,0.35683333333333334,0.6959995031356812,0.9569401875000001,0.8265,0.5733802914619446,0.9569401875000001,0.7022495000000001,5,2,0.71,139.07732559452415,34.2848694724232,49.03926023916574,1.0,24.354002556715336,0.3991933260943616,30.0,0.0,16852.157373683724,simulated,0.0,0.0,0,0,0,0,0,0,0,0,0.8333333333333333,1.4999999999999998,4,2.849999999999998,12,0.7058823529411765,23,11,0.4782608695652174,device,2,5,3,"{""crowded"": 0, ""dropped_in_flight"": 0, ""not_merged"": 5, ""unplannable"": 0}","{""medium"": 0.75, ""narrow"": 0.25}",0.9583333333333334,-0.5945419520567395,0.5833333333333334,,1,2,2,14.759355545043945,186.420976517722,1,3,3,16.84798574447632,343.35363317246083,,,,,,,,0.019500975089613348,0.03917440517107024,"{""exact"": 0.0, ""local"": 1.0, ""stop_subsets"": 0.0}",,,,,,,,8,3111.4765625,411.2890625,44.96875,447.33203125
N=6-dead_zone=0.6-link_quality=0.4-n_missions=4-regime=jittery-rrf=60.0,F,31,3194627193,results\exp5\b1\s514\n6k1_stress__local_traces,75.0,0,agg:cutoff,"{""a_max"": null, ""buffer_k"": null, ""decay"": 0.5, ""fedex_n"": null, ""hinge_a"": 1.0, ""hinge_b"": 0.0, ""period_s"": 202.87098891786263, ""server_lr"": 1.0, ""value"": ""uniform""}",0.0,0,multiplicative,"{""beta_on"": 0.8, ""beta_partial"": 1.25, ""beta_timeout"": 1.5, ""expire_overrides"": null, ""phi_max"": 300.0, ""phi_min"": 5.0}",1,1,,,,sim,search,replan,,channel,20.287098891786265,,202.87098891786263,36.0,"{""age_cap_lookahead"": 0, ""age_cap_missions"": 2, ""altitude_m"": 25.0, ""backhaul_period_s"": null, ""backhaul_policy"": ""fixed"", ""backhaul_regime"": ""jittery"", ""band_class_policy"": ""search"", ""contact_band_classes"": null, ""contact_regime"": ""jittery"", ""cruise_speed_m_s"": 5.0, ""deadline_bounds"": ""collection"", ""energy_capacity_j"": null, ""flight_slot"": ""committed"", ""interference_period_s"": 60.0, ""listen_s"": 1.0, ""margin_quantile"": 0.9, ""member_admission"": ""subset"", ""n_pl"": 2.2, ""noise_bin_s"": 1.0, ""p_hover_w"": null, ""p_move_w"": null, ""payload_bytes"": 1000000, ""plan_mode"": ""ferry"", ""plan_score_params"": {}, ""plan_search_params"": {""exact_max_devices"": 0, ""exhaustive_max_stops"": 0}, ""replan_fallback"": ""trim"", ""shadow_corr_s"": 7.4, ""shadow_keying"": ""time"", ""shadow_sigma_db"": 4.0, ""snr_floor_db"": -6.7, ""t_nom_computed"": true, ""turnaround_s"": 30.0}",,1,21,ok,2.75,1.0,1.0,0.75,0.0,1.0,0.9863123993558777,2.5749947193376044,0.6666666666666666,0.6505376344086021,0.9583333333333334,3.0,4,4,0,1.75,1.75,5.282778680324554,6,60.0,4,0.255738375,0.3566666666666667,0.695960283279419,0.941375875,0.8645,0.5962905287742615,0.941375875,0.6856374999999999,5,1,0.71,172.02439023859915,56.969959204552694,55.62670625344617,1.0,28.028531454505856,0.3991933260943616,30.0,0.0,21747.383262346484,simulated,0.0,0.0,1,0,0,0,0,0,0,0,1.0833333333333333,1.6666666666666665,4,3.849999999999998,11,0.6505376344086021,21,10,0.47619047619047616,device,2,7,3,"{""crowded"": 0, ""dropped_in_flight"": 2, ""not_merged"": 5, ""unplannable"": 0}","{""medium"": 0.8333333333333334, ""narrow"": 0.16666666666666666}",0.875,-1.2623405848008562,0.55,,1,1,1,8.28559684753418,47.6862912963843,1,3,3,19.187896490097046,443.4815761828795,,,,,,,,0.019278299994766712,0.043364580022171126,"{""exact"": 0.0, ""local"": 1.0, ""stop_subsets"": 0.0}",,,,,,,,8,3107.6015625,411.69921875,44.796875,447.234375
N=6-dead_zone=0.6-link_quality=0.4-n_missions=4-regime=jittery-rrf=60.0,F,32,2074194123,results\exp5\b1\s514\n6k1_stress__local_traces,75.0,0,agg:cutoff,"{""a_max"": null, ""buffer_k"": null, ""decay"": 0.5, ""fedex_n"": null, ""hinge_a"": 1.0, ""hinge_b"": 0.0, ""period_s"": 202.87098891786263, ""server_lr"": 1.0, ""value"": ""uniform""}",0.0,0,multiplicative,"{""beta_on"": 0.8, ""beta_partial"": 1.25, ""beta_timeout"": 1.5, ""expire_overrides"": null, ""phi_max"": 300.0, ""phi_min"": 5.0}",1,1,,,,sim,search,replan,,channel,20.287098891786265,,202.87098891786263,36.0,"{""age_cap_lookahead"": 0, ""age_cap_missions"": 2, ""altitude_m"": 25.0, ""backhaul_period_s"": null, ""backhaul_policy"": ""fixed"", ""backhaul_regime"": ""jittery"", ""band_class_policy"": ""search"", ""contact_band_classes"": null, ""contact_regime"": ""jittery"", ""cruise_speed_m_s"": 5.0, ""deadline_bounds"": ""collection"", ""energy_capacity_j"": null, ""flight_slot"": ""committed"", ""interference_period_s"": 60.0, ""listen_s"": 1.0, ""margin_quantile"": 0.9, ""member_admission"": ""subset"", ""n_pl"": 2.2, ""noise_bin_s"": 1.0, ""p_hover_w"": null, ""p_move_w"": null, ""payload_bytes"": 1000000, ""plan_mode"": ""ferry"", ""plan_score_params"": {}, ""plan_search_params"": {""exact_max_devices"": 0, ""exhaustive_max_stops"": 0}, ""replan_fallback"": ""trim"", ""shadow_corr_s"": 7.4, ""shadow_keying"": ""time"", ""shadow_sigma_db"": 4.0, ""snr_floor_db"": -6.7, ""t_nom_computed"": true, ""turnaround_s"": 30.0}",,1,21,ok,3.0,0.75,0.75,0.75,0.0,1.0,1.0,2.584962500721156,0.8333333333333334,0.75,1.0,6.0,3,4,0,1.0,1.0,4.702163755893707,6,60.0,4,0.283424125,0.35633333333333334,0.6958523988723755,0.9208744375000001,0.8385,0.6324732303619385,0.9208744375000001,0.6374503125000001,4,2,0.71,164.729224679264,9.557941016741967,114.30539172093268,1.0,9.557941016741967,0.3079509248790211,30.0,0.0,22173.99916498545,simulated,22.634019480930874,0.5,0,0,0,0,1,0,0,0,1.0416666666666665,2.0,4,3.0,9,0.7105263157894737,24,12,0.5,device,2,6,3,"{""crowded"": 0, ""dropped_in_flight"": 0, ""not_merged"": 5, ""unplannable"": 0}","{""narrow"": 1.0}",1.0,-0.46321566628355704,0.4166666666666667,,1,2,2,15.699509382247925,191.46291860868223,1,3,3,17.770699501037598,318.29379651963245,,,,,,,,0.015510375029407442,0.028841290110722177,"{""exact"": 0.0, ""local"": 1.0, ""stop_subsets"": 0.0}",,,,,,,,8,3108.0703125,407.0234375,45.2578125,447.87890625
N=6-dead_zone=0.6-link_quality=0.4-n_missions=4-regime=jittery-rrf=60.0,F,33,113461314,results\exp5\b1\s514\n6k1_stress__local_traces,75.0,0,agg:cutoff,"{""a_max"": null, ""buffer_k"": null, ""decay"": 0.5, ""fedex_n"": null, ""hinge_a"": 1.0, ""hinge_b"": 0.0, ""period_s"": 202.87098891786263, ""server_lr"": 1.0, ""value"": ""uniform""}",0.0,0,multiplicative,"{""beta_on"": 0.8, ""beta_partial"": 1.25, ""beta_timeout"": 1.5, ""expire_overrides"": null, ""phi_max"": 300.0, ""phi_min"": 5.0}",1,1,,,,sim,search,replan,,channel,20.287098891786265,,202.87098891786263,36.0,"{""age_cap_lookahead"": 0, ""age_cap_missions"": 2, ""altitude_m"": 25.0, ""backhaul_period_s"": null, ""backhaul_policy"": ""fixed"", ""backhaul_regime"": ""jittery"", ""band_class_policy"": ""search"", ""contact_band_classes"": null, ""contact_regime"": ""jittery"", ""cruise_speed_m_s"": 5.0, ""deadline_bounds"": ""collection"", ""energy_capacity_j"": null, ""flight_slot"": ""committed"", ""interference_period_s"": 60.0, ""listen_s"": 1.0, ""margin_quantile"": 0.9, ""member_admission"": ""subset"", ""n_pl"": 2.2, ""noise_bin_s"": 1.0, ""p_hover_w"": null, ""p_move_w"": null, ""payload_bytes"": 1000000, ""plan_mode"": ""ferry"", ""plan_score_params"": {}, ""plan_search_params"": {""exact_max_devices"": 0, ""exhaustive_max_stops"": 0}, ""replan_fallback"": ""trim"", ""shadow_corr_s"": 7.4, ""shadow_keying"": ""time"", ""shadow_sigma_db"": 4.0, ""snr_floor_db"": -6.7, ""t_nom_computed"": true, ""turnaround_s"": 30.0}",,1,21,ok,4.0,1.0,1.0,1.0,0.0,1.0,1.0,2.584962500721156,1.0,0.8533333333333334,1.0,6.0,4,4,0,1.0,1.0,4.645794212818146,6,60.0,4,0.25448950000000004,0.358,0.6959404945373535,0.972857125,0.7916666666666666,0.5869328379631042,0.972857125,0.718367625,5,2,0.71,123.67722344130743,8.494617660435594,75.38003719539847,1.0,8.494617660435594,0.3079509248790211,30.0,0.0,15309.690459501744,simulated,3.072682120051468,0.5,0,0,0,0,0,0,0,0,0.4583333333333333,0.3333333333333333,2,2.0,16,0.8533333333333334,24,8,0.3333333333333333,device,2,3,3,"{""crowded"": 0, ""dropped_in_flight"": 0, ""not_merged"": 3, ""unplannable"": 0}","{""medium"": 0.25, ""narrow"": 0.75}",1.0,-0.5460821542563205,0.75,,1,2,2,14.633081674575806,170.51406840095297,1,2,2,14.633081674575806,170.51406840095297,,,,,,,,0.01829889992950484,0.038456404919270416,"{""exact"": 0.0, ""local"": 1.0, ""stop_subsets"": 0.0}",,,,,,,,8,3109.453125,411.875,44.9609375,447.53515625
N=6-dead_zone=0.6-link_quality=0.4-n_missions=4-regime=jittery-rrf=60.0,F,34,3230961563,results\exp5\b1\s514\n6k1_stress__local_traces,75.0,0,agg:cutoff,"{""a_max"": null, ""buffer_k"": null, ""decay"": 0.5, ""fedex_n"": null, ""hinge_a"": 1.0, ""hinge_b"": 0.0, ""period_s"": 202.87098891786263, ""server_lr"": 1.0, ""value"": ""uniform""}",0.0,0,multiplicative,"{""beta_on"": 0.8, ""beta_partial"": 1.25, ""beta_timeout"": 1.5, ""expire_overrides"": null, ""phi_max"": 300.0, ""phi_min"": 5.0}",1,1,,,,sim,search,replan,,channel,20.287098891786265,,202.87098891786263,36.0,"{""age_cap_lookahead"": 0, ""age_cap_missions"": 2, ""altitude_m"": 25.0, ""backhaul_period_s"": null, ""backhaul_policy"": ""fixed"", ""backhaul_regime"": ""jittery"", ""band_class_policy"": ""search"", ""contact_band_classes"": null, ""contact_regime"": ""jittery"", ""cruise_speed_m_s"": 5.0, ""deadline_bounds"": ""collection"", ""energy_capacity_j"": null, ""flight_slot"": ""committed"", ""interference_period_s"": 60.0, ""listen_s"": 1.0, ""margin_quantile"": 0.9, ""member_admission"": ""subset"", ""n_pl"": 2.2, ""noise_bin_s"": 1.0, ""p_hover_w"": null, ""p_move_w"": null, ""payload_bytes"": 1000000, ""plan_mode"": ""ferry"", ""plan_score_params"": {}, ""plan_search_params"": {""exact_max_devices"": 0, ""exhaustive_max_stops"": 0}, ""replan_fallback"": ""trim"", ""shadow_corr_s"": 7.4, ""shadow_keying"": ""time"", ""shadow_sigma_db"": 4.0, ""snr_floor_db"": -6.7, ""t_nom_computed"": true, ""turnaround_s"": 30.0}",,1,21,ok,2.75,1.0,1.0,1.0,0.0,1.0,0.9792560801144492,2.5693585192394837,0.8333333333333334,0.7469135802469136,1.0,5.0,4,4,0,1.0,1.25,4.537247538566589,6,60.0,4,0.2544530625,0.3595,0.6959711909294128,0.9507394374999999,0.907,0.5790233016014099,0.9507394374999999,0.6962863749999999,5,1,0.71,206.02398211602122,16.05316648113556,143.90605662818416,1.0,14.75680808178066,0.3079509248790211,30.0,0.0,28840.982889083803,simulated,3.827636349131353,0.25,0,0,0,0,0,0,0,0,0.875,1.3333333333333333,4,2.849999999999998,11,0.7469135802469136,20,9,0.45,device,2,5,3,"{""crowded"": 1, ""dropped_in_flight"": 0, ""not_merged"": 4, ""unplannable"": 0}","{""narrow"": 1.0}",0.8333333333333334,-1.5975227477505616,0.4,,1,1,1,6.550333261489868,37.17865353950765,1,3,3,15.06888222694397,413.14266555325594,,,,,,,,0.015847575094085187,0.031576810148544604,"{""exact"": 0.0, ""local"": 1.0, ""stop_subsets"": 0.0}",,,,,,,,8,3113.2421875,411.59375,45.26953125,447.3046875
N=6-dead_zone=0.6-link_quality=0.4-n_missions=4-regime=jittery-rrf=60.0,F,35,1188105757,results\exp5\b1\s514\n6k1_stress__local_traces,75.0,0,agg:cutoff,"{""a_max"": null, ""buffer_k"": null, ""decay"": 0.5, ""fedex_n"": null, ""hinge_a"": 1.0, ""hinge_b"": 0.0, ""period_s"": 202.87098891786263, ""server_lr"": 1.0, ""value"": ""uniform""}",0.0,0,multiplicative,"{""beta_on"": 0.8, ""beta_partial"": 1.25, ""beta_timeout"": 1.5, ""expire_overrides"": null, ""phi_max"": 300.0, ""phi_min"": 5.0}",1,1,,,,sim,search,replan,,channel,20.287098891786265,,202.87098891786263,36.0,"{""age_cap_lookahead"": 0, ""age_cap_missions"": 2, ""altitude_m"": 25.0, ""backhaul_period_s"": null, ""backhaul_policy"": ""fixed"", ""backhaul_regime"": ""jittery"", ""band_class_policy"": ""search"", ""contact_band_classes"": null, ""contact_regime"": ""jittery"", ""cruise_speed_m_s"": 5.0, ""deadline_bounds"": ""collection"", ""energy_capacity_j"": null, ""flight_slot"": ""committed"", ""interference_period_s"": 60.0, ""listen_s"": 1.0, ""margin_quantile"": 0.9, ""member_admission"": ""subset"", ""n_pl"": 2.2, ""noise_bin_s"": 1.0, ""p_hover_w"": null, ""p_move_w"": null, ""payload_bytes"": 1000000, ""plan_mode"": ""ferry"", ""plan_score_params"": {}, ""plan_search_params"": {""exact_max_devices"": 0, ""exhaustive_max_stops"": 0}, ""replan_fallback"": ""trim"", ""shadow_corr_s"": 7.4, ""shadow_keying"": ""time"", ""shadow_sigma_db"": 4.0, ""snr_floor_db"": -6.7, ""t_nom_computed"": true, ""turnaround_s"": 30.0}",,1,21,ok,1.75,1.0,0.75,0.0,0.0,1.0,0.9792560801144492,2.5693585192394837,0.8333333333333334,0.7424242424242424,1.0,3.4285714285714284,4,4,0,1.75,1.75,4.202767550945282,6,60.0,4,0.2586529375,0.3541666666666667,0.695936381816864,0.940758875,0.8715,0.5750293135643005,0.940758875,0.6821059375,5,1,0.71,143.83903028236818,41.63520055365079,48.55128194545978,1.25,22.003354457175025,0.3991933260943616,30.0,0.0,17530.012507364558,simulated,0.0,0.0,2,0,0,0,0,0,0,0,1.25,1.5,4,3.0,7,0.7424242424242424,24,17,0.7083333333333334,device,2,8,4,"{""crowded"": 0, ""dropped_in_flight"": 3, ""not_merged"": 5, ""unplannable"": 0}","{""medium"": 1.0}",1.0,-0.8343056299493161,0.3125,,1,1,1,6.375244379043579,74.3766713461373,1,3,3,15.046922445297241,375.4044000162976,,,,,,,,0.01891427510417998,0.041375740186776956,"{""exact"": 0.0, ""local"": 1.0, ""stop_subsets"": 0.0}",,,,,,,,8,3112.43359375,412.8203125,45.21484375,447.07421875
N=6-dead_zone=0.6-link_quality=0.4-n_missions=4-regime=jittery-rrf=60.0,F,36,1295824227,results\exp5\b1\s514\n6k1_stress__local_traces,75.0,0,agg:cutoff,"{""a_max"": null, ""buffer_k"": null, ""decay"": 0.5, ""fedex_n"": null, ""hinge_a"": 1.0, ""hinge_b"": 0.0, ""period_s"": 202.87098891786263, ""server_lr"": 1.0, ""value"": ""uniform""}",0.0,0,multiplicative,"{""beta_on"": 0.8, ""beta_partial"": 1.25, ""beta_timeout"": 1.5, ""expire_overrides"": null, ""phi_max"": 300.0, ""phi_min"": 5.0}",1,1,,,,sim,search,replan,,channel,20.287098891786265,,202.87098891786263,36.0,"{""age_cap_lookahead"": 0, ""age_cap_missions"": 2, ""altitude_m"": 25.0, ""backhaul_period_s"": null, ""backhaul_policy"": ""fixed"", ""backhaul_regime"": ""jittery"", ""band_class_policy"": ""search"", ""contact_band_classes"": null, ""contact_regime"": ""jittery"", ""cruise_speed_m_s"": 5.0, ""deadline_bounds"": ""collection"", ""energy_capacity_j"": null, ""flight_slot"": ""committed"", ""interference_period_s"": 60.0, ""listen_s"": 1.0, ""margin_quantile"": 0.9, ""member_admission"": ""subset"", ""n_pl"": 2.2, ""noise_bin_s"": 1.0, ""p_hover_w"": null, ""p_move_w"": null, ""payload_bytes"": 1000000, ""plan_mode"": ""ferry"", ""plan_score_params"": {}, ""plan_search_params"": {""exact_max_devices"": 0, ""exhaustive_max_stops"": 0}, ""replan_fallback"": ""trim"", ""shadow_corr_s"": 7.4, ""shadow_keying"": ""time"", ""shadow_sigma_db"": 4.0, ""snr_floor_db"": -6.7, ""t_nom_computed"": true, ""turnaround_s"": 30.0}",,1,21,ok,2.5,1.0,0.75,0.75,0.0,1.0,0.9709219858156029,2.5615073285515564,0.6666666666666666,0.6410256410256411,0.9583333333333334,5.5,4,4,0,1.0,1.0,4.220063269138336,6,60.0,4,0.271894375,0.35633333333333334,0.6958802342414856,0.9152993125,0.8181666666666667,0.5990264415740967,0.9152993125,0.6434049374999999,5,3,0.71,116.92626119829947,18.315629016993864,48.98705223953584,1.0,18.315629016993864,0.3079509248790211,30.0,0.0,13683.066956042425,simulated,0.0,0.0,0,0,0,0,0,0,0,0,1.1666666666666665,1.6666666666666665,4,3.849999999999998,10,0.6410256410256411,22,12,0.5454545454545454,device,2,8,4,"{""crowded"": 1, ""dropped_in_flight"": 0, ""not_merged"": 7, ""unplannable"": 0}","{""medium"": 0.5, ""narrow"": 0.5}",0.9166666666666667,-1.0774674807085851,0.5,,1,3,3,15.449341535568237,269.0991646834882,0,,,,,,,,,,,,0.017475200002081692,0.04215530991787089,"{""exact"": 0.0, ""local"": 1.0, ""stop_subsets"": 0.0}",,,,,,,,8,3105.30859375,411.99609375,44.890625,447.35546875
N=6-dead_zone=0.6-link_quality=0.4-n_missions=4-regime=jittery-rrf=60.0,F,37,1161108570,results\exp5\b1\s514\n6k1_stress__local_traces,75.0,0,agg:cutoff,"{""a_max"": null, ""buffer_k"": null, ""decay"": 0.5, ""fedex_n"": null, ""hinge_a"": 1.0, ""hinge_b"": 0.0, ""period_s"": 202.87098891786263, ""server_lr"": 1.0, ""value"": ""uniform""}",0.0,0,multiplicative,"{""beta_on"": 0.8, ""beta_partial"": 1.25, ""beta_timeout"": 1.5, ""expire_overrides"": null, ""phi_max"": 300.0, ""phi_min"": 5.0}",1,1,,,,sim,search,replan,,channel,20.287098891786265,,202.87098891786263,36.0,"{""age_cap_lookahead"": 0, ""age_cap_missions"": 2, ""altitude_m"": 25.0, ""backhaul_period_s"": null, ""backhaul_policy"": ""fixed"", ""backhaul_regime"": ""jittery"", ""band_class_policy"": ""search"", ""contact_band_classes"": null, ""contact_regime"": ""jittery"", ""cruise_speed_m_s"": 5.0, ""deadline_bounds"": ""collection"", ""energy_capacity_j"": null, ""flight_slot"": ""committed"", ""interference_period_s"": 60.0, ""listen_s"": 1.0, ""margin_quantile"": 0.9, ""member_admission"": ""subset"", ""n_pl"": 2.2, ""noise_bin_s"": 1.0, ""p_hover_w"": null, ""p_move_w"": null, ""payload_bytes"": 1000000, ""plan_mode"": ""ferry"", ""plan_score_params"": {}, ""plan_search_params"": {""exact_max_devices"": 0, ""exhaustive_max_stops"": 0}, ""replan_fallback"": ""trim"", ""shadow_corr_s"": 7.4, ""shadow_keying"": ""time"", ""shadow_sigma_db"": 4.0, ""snr_floor_db"": -6.7, ""t_nom_computed"": true, ""turnaround_s"": 30.0}",,1,21,ok,4.25,1.0,1.0,1.0,0.0,1.0,0.9970344009489917,2.5827423149511795,1.0,0.9829931972789115,1.0,6.0,4,4,0,1.0,1.0,4.459235072135925,6,60.0,4,0.2578043125,0.3551666666666667,0.6959936618804932,0.9639478125000001,0.7951666666666667,0.579277753829956,0.9639478125000001,0.7061435,5,1,0.71,175.9122248784406,6.081553909877698,132.69116613373626,0.75,6.081553909877698,0.3079509248790211,30.0,0.0,24231.458776451433,simulated,36.58317654966959,0.75,0,0,0,0,0,0,0,0,0.29166666666666663,0.16666666666666666,1,1.0,17,0.9829931972789115,24,7,0.2916666666666667,device,2,0,0,"{""crowded"": 0, ""dropped_in_flight"": 0, ""not_merged"": 0, ""unplannable"": 0}","{""narrow"": 1.0}",1.0,-0.5534602986915405,0.6875,,1,1,1,6.573447227478027,95.05766190274153,0,,,,,,,,,,,,0.01638637500582263,0.03404678016668185,"{""exact"": 0.0, ""local"": 1.0, ""stop_subsets"": 0.0}",,,,,,,,8,3103.23828125,410.75390625,45.1171875,447.52734375
N=6-dead_zone=0.6-link_quality=0.4-n_missions=4-regime=jittery-rrf=60.0,F,38,113400863,results\exp5\b1\s514\n6k1_stress__local_traces,75.0,0,agg:cutoff,"{""a_max"": null, ""buffer_k"": null, ""decay"": 0.5, ""fedex_n"": null, ""hinge_a"": 1.0, ""hinge_b"": 0.0, ""period_s"": 202.87098891786263, ""server_lr"": 1.0, ""value"": ""uniform""}",0.0,0,multiplicative,"{""beta_on"": 0.8, ""beta_partial"": 1.25, ""beta_timeout"": 1.5, ""expire_overrides"": null, ""phi_max"": 300.0, ""phi_min"": 5.0}",1,1,,,,sim,search,replan,,channel,20.287098891786265,,202.87098891786263,36.0,"{""age_cap_lookahead"": 0, ""age_cap_missions"": 2, ""altitude_m"": 25.0, ""backhaul_period_s"": null, ""backhaul_policy"": ""fixed"", ""backhaul_regime"": ""jittery"", ""band_class_policy"": ""search"", ""contact_band_classes"": null, ""contact_regime"": ""jittery"", ""cruise_speed_m_s"": 5.0, ""deadline_bounds"": ""collection"", ""energy_capacity_j"": null, ""flight_slot"": ""committed"", ""interference_period_s"": 60.0, ""listen_s"": 1.0, ""margin_quantile"": 0.9, ""member_admission"": ""subset"", ""n_pl"": 2.2, ""noise_bin_s"": 1.0, ""p_hover_w"": null, ""p_move_w"": null, ""payload_bytes"": 1000000, ""plan_mode"": ""ferry"", ""plan_score_params"": {}, ""plan_search_params"": {""exact_max_devices"": 0, ""exhaustive_max_stops"": 0}, ""replan_fallback"": ""trim"", ""shadow_corr_s"": 7.4, ""shadow_keying"": ""time"", ""shadow_sigma_db"": 4.0, ""snr_floor_db"": -6.7, ""t_nom_computed"": true, ""turnaround_s"": 30.0}",,1,21,ok,2.75,1.0,1.0,1.0,0.0,1.0,0.9829931972789115,2.5727582563571767,1.0,0.8768115942028986,1.0,4.0,4,4,0,1.0,1.0,4.462403357028961,6,60.0,4,0.254274875,0.357,0.6959845423698425,0.9627734374999999,0.8461666666666666,0.5779807567596436,0.9627734374999999,0.7084985624999999,5,2,0.71,208.453147721797,11.662616167639529,153.81996446158155,1.0,11.662616167639529,0.3079509248790211,30.0,0.0,29436.667375122564,simulated,0.0,0.0,0,0,0,0,0,0,0,0,0.6666666666666665,0.8333333333333333,2,2.0,11,0.8768115942028986,16,5,0.3125,device,2,3,3,"{""crowded"": 0, ""dropped_in_flight"": 0, ""not_merged"": 3, ""unplannable"": 0}","{""narrow"": 1.0}",0.6666666666666666,-1.6952192695727661,0.4583333333333333,,1,2,2,13.689579248428345,272.60015617101453,1,4,4,17.754491567611694,628.1561532717897,,,,,,,,0.013758699991740286,0.028654164948966346,"{""exact"": 0.0, ""local"": 1.0, ""stop_subsets"": 0.0}",,,,,,,,8,3105.875,413.84375,44.98046875,447.828125
N=6-dead_zone=0.6-link_quality=0.4-n_missions=4-regime=jittery-rrf=60.0,F,39,532371938,results\exp5\b1\s514\n6k1_stress__local_traces,75.0,0,agg:cutoff,"{""a_max"": null, ""buffer_k"": null, ""decay"": 0.5, ""fedex_n"": null, ""hinge_a"": 1.0, ""hinge_b"": 0.0, ""period_s"": 202.87098891786263, ""server_lr"": 1.0, ""value"": ""uniform""}",0.0,0,multiplicative,"{""beta_on"": 0.8, ""beta_partial"": 1.25, ""beta_timeout"": 1.5, ""expire_overrides"": null, ""phi_max"": 300.0, ""phi_min"": 5.0}",1,1,,,,sim,search,replan,,channel,20.287098891786265,,202.87098891786263,36.0,"{""age_cap_lookahead"": 0, ""age_cap_missions"": 2, ""altitude_m"": 25.0, ""backhaul_period_s"": null, ""backhaul_policy"": ""fixed"", ""backhaul_regime"": ""jittery"", ""band_class_policy"": ""search"", ""contact_band_classes"": null, ""contact_regime"": ""jittery"", ""cruise_speed_m_s"": 5.0, ""deadline_bounds"": ""collection"", ""energy_capacity_j"": null, ""flight_slot"": ""committed"", ""interference_period_s"": 60.0, ""listen_s"": 1.0, ""margin_quantile"": 0.9, ""member_admission"": ""subset"", ""n_pl"": 2.2, ""noise_bin_s"": 1.0, ""p_hover_w"": null, ""p_move_w"": null, ""payload_bytes"": 1000000, ""plan_mode"": ""ferry"", ""plan_score_params"": {}, ""plan_search_params"": {""exact_max_devices"": 0, ""exhaustive_max_stops"": 0}, ""replan_fallback"": ""trim"", ""shadow_corr_s"": 7.4, ""shadow_keying"": ""time"", ""shadow_sigma_db"": 4.0, ""snr_floor_db"": -6.7, ""t_nom_computed"": true, ""turnaround_s"": 30.0}",,1,21,ok,3.25,1.0,1.0,1.0,0.0,1.0,0.972972972972973,2.564831257372309,1.0,0.8535353535353535,1.0,4.5,4,4,0,1.0,1.0,4.764588177204132,6,60.0,4,0.2614119375,0.35833333333333334,0.695931613445282,0.959114875,0.7968333333333333,0.5719489455223083,0.959114875,0.6977029375,5,2,0.71,177.87333371076966,12.290244865124464,121.98489305545809,1.0,12.290244865124464,0.3079509248790211,30.0,0.0,24252.712805108433,simulated,10.806731153686997,0.25,0,0,0,0,0,0,0,0,0.5416666666666666,0.6666666666666666,2,1.8499999999999979,13,0.8535353535353535,18,5,0.2777777777777778,device,2,2,2,"{""crowded"": 0, ""dropped_in_flight"": 0, ""not_merged"": 2, ""unplannable"": 0}","{""narrow"": 1.0}",0.75,-1.405634250361007,0.55,,1,2,2,15.694778203964233,247.7528391542146,1,3,3,17.47609043121338,449.78928632230964,,,,,,,,0.015955224924255162,0.03674646983854472,"{""exact"": 0.0, ""local"": 1.0, ""stop_subsets"": 0.0}",,,,,,,,8,3103.8125,413.4609375,45.1328125,447.2734375
N=6-dead_zone=0.6-link_quality=0.4-n_missions=4-regime=jittery-rrf=60.0,F,3,3625921211,results\exp5\b1\s514\n6k1_stress__local_traces,75.0,0,agg:cutoff,"{""a_max"": null, ""buffer_k"": null, ""decay"": 0.5, ""fedex_n"": null, ""hinge_a"": 1.0, ""hinge_b"": 0.0, ""period_s"": 202.87098891786263, ""server_lr"": 1.0, ""value"": ""uniform""}",0.0,0,multiplicative,"{""beta_on"": 0.8, ""beta_partial"": 1.25, ""beta_timeout"": 1.5, ""expire_overrides"": null, ""phi_max"": 300.0, ""phi_min"": 5.0}",1,1,,,,sim,search,replan,,channel,20.287098891786265,,202.87098891786263,36.0,"{""age_cap_lookahead"": 0, ""age_cap_missions"": 2, ""altitude_m"": 25.0, ""backhaul_period_s"": null, ""backhaul_policy"": ""fixed"", ""backhaul_regime"": ""jittery"", ""band_class_policy"": ""search"", ""contact_band_classes"": null, ""contact_regime"": ""jittery"", ""cruise_speed_m_s"": 5.0, ""deadline_bounds"": ""collection"", ""energy_capacity_j"": null, ""flight_slot"": ""committed"", ""interference_period_s"": 60.0, ""listen_s"": 1.0, ""margin_quantile"": 0.9, ""member_admission"": ""subset"", ""n_pl"": 2.2, ""noise_bin_s"": 1.0, ""p_hover_w"": null, ""p_move_w"": null, ""payload_bytes"": 1000000, ""plan_mode"": ""ferry"", ""plan_score_params"": {}, ""plan_search_params"": {""exact_max_devices"": 0, ""exhaustive_max_stops"": 0}, ""replan_fallback"": ""trim"", ""shadow_corr_s"": 7.4, ""shadow_keying"": ""time"", ""shadow_sigma_db"": 4.0, ""snr_floor_db"": -6.7, ""t_nom_computed"": true, ""turnaround_s"": 30.0}",,1,21,ok,2.25,1.0,1.0,1.0,0.0,1.0,0.978319783197832,2.5683164932728872,0.8333333333333334,0.7105263157894737,1.0,5.0,4,4,0,1.0,1.0,4.103239357471466,6,60.0,4,0.256520875,0.3565,0.6959328055381775,0.9475696874999999,0.8313333333333334,0.561323881149292,0.9475696874999999,0.6910488124999999,5,2,0.71,159.73730280299787,16.184513017089873,95.96908344273106,1.0,16.184513017089873,0.3991933260943616,30.0,0.0,20987.482698608394,simulated,0.0,0.0,0,0,0,0,0,0,0,0,1.125,1.5,4,3.0,9,0.7105263157894737,20,11,0.55,device,2,7,3,"{""crowded"": 0, ""dropped_in_flight"": 0, ""not_merged"": 7, ""unplannable"": 0}","{""narrow"": 1.0}",0.8333333333333334,-0.9652409131403997,0.4,,1,2,2,13.034379959106445,232.0384179580724,1,3,3,14.754920959472656,345.00169898034073,,,,,,,,0.0186562750604935,0.03852067993720992,"{""exact"": 0.0, ""local"": 1.0, ""stop_subsets"": 0.0}",,,,,,,,8,3110.46484375,413.19140625,45.6640625,447.05859375
N=6-dead_zone=0.6-link_quality=0.4-n_missions=4-regime=jittery-rrf=60.0,F,4,3995995082,results\exp5\b1\s514\n6k1_stress__local_traces,75.0,0,agg:cutoff,"{""a_max"": null, ""buffer_k"": null, ""decay"": 0.5, ""fedex_n"": null, ""hinge_a"": 1.0, ""hinge_b"": 0.0, ""period_s"": 202.87098891786263, ""server_lr"": 1.0, ""value"": ""uniform""}",0.0,0,multiplicative,"{""beta_on"": 0.8, ""beta_partial"": 1.25, ""beta_timeout"": 1.5, ""expire_overrides"": null, ""phi_max"": 300.0, ""phi_min"": 5.0}",1,1,,,,sim,search,replan,,channel,20.287098891786265,,202.87098891786263,36.0,"{""age_cap_lookahead"": 0, ""age_cap_missions"": 2, ""altitude_m"": 25.0, ""backhaul_period_s"": null, ""backhaul_policy"": ""fixed"", ""backhaul_regime"": ""jittery"", ""band_class_policy"": ""search"", ""contact_band_classes"": null, ""contact_regime"": ""jittery"", ""cruise_speed_m_s"": 5.0, ""deadline_bounds"": ""collection"", ""energy_capacity_j"": null, ""flight_slot"": ""committed"", ""interference_period_s"": 60.0, ""listen_s"": 1.0, ""margin_quantile"": 0.9, ""member_admission"": ""subset"", ""n_pl"": 2.2, ""noise_bin_s"": 1.0, ""p_hover_w"": null, ""p_move_w"": null, ""payload_bytes"": 1000000, ""plan_mode"": ""ferry"", ""plan_score_params"": {}, ""plan_search_params"": {""exact_max_devices"": 0, ""exhaustive_max_stops"": 0}, ""replan_fallback"": ""trim"", ""shadow_corr_s"": 7.4, ""shadow_keying"": ""time"", ""shadow_sigma_db"": 4.0, ""snr_floor_db"": -6.7, ""t_nom_computed"": true, ""turnaround_s"": 30.0}",,1,21,ok,2.5,1.0,0.75,0.75,0.0,1.0,0.9863387978142076,2.5746737280146283,1.0,0.6944444444444444,0.9583333333333334,3.0,4,4,0,2.0,1.75,5.8345383405685425,6,60.0,4,0.25395856250000004,0.3585,0.695982813835144,0.9459275625,0.798,0.5672077536582947,0.9459275625,0.691969,5,2,0.71,147.9752345722227,57.006599410246665,31.85901044475031,1.0,27.71043139107941,0.3991933260943616,30.0,0.0,17702.10888301085,simulated,0.0,0.0,0,0,0,0,0,0,0,0,1.0,1.3333333333333333,3,3.0,10,0.6944444444444444,24,14,0.5833333333333334,device,2,7,4,"{""crowded"": 0, ""dropped_in_flight"": 0, ""not_merged"": 7, ""unplannable"": 0}","{""medium"": 1.0}",1.0,-0.7563815655113766,0.45,,1,2,2,19.660282373428345,201.39511725795455,1,2,2,19.660282373428345,201.39511725795455,,,,,,,,0.020689350087195635,0.04736633517313747,"{""exact"": 0.0, ""local"": 1.0, ""stop_subsets"": 0.0}",,,,,,,,8,3110.61328125,412.75390625,44.84375,446.94921875
N=6-dead_zone=0.6-link_quality=0.4-n_missions=4-regime=jittery-rrf=60.0,F,5,3862379745,results\exp5\b1\s514\n6k1_stress__local_traces,75.0,0,agg:cutoff,"{""a_max"": null, ""buffer_k"": null, ""decay"": 0.5, ""fedex_n"": null, ""hinge_a"": 1.0, ""hinge_b"": 0.0, ""period_s"": 202.87098891786263, ""server_lr"": 1.0, ""value"": ""uniform""}",0.0,0,multiplicative,"{""beta_on"": 0.8, ""beta_partial"": 1.25, ""beta_timeout"": 1.5, ""expire_overrides"": null, ""phi_max"": 300.0, ""phi_min"": 5.0}",1,1,,,,sim,search,replan,,channel,20.287098891786265,,202.87098891786263,36.0,"{""age_cap_lookahead"": 0, ""age_cap_missions"": 2, ""altitude_m"": 25.0, ""backhaul_period_s"": null, ""backhaul_policy"": ""fixed"", ""backhaul_regime"": ""jittery"", ""band_class_policy"": ""search"", ""contact_band_classes"": null, ""contact_regime"": ""jittery"", ""cruise_speed_m_s"": 5.0, ""deadline_bounds"": ""collection"", ""energy_capacity_j"": null, ""flight_slot"": ""committed"", ""interference_period_s"": 60.0, ""listen_s"": 1.0, ""margin_quantile"": 0.9, ""member_admission"": ""subset"", ""n_pl"": 2.2, ""noise_bin_s"": 1.0, ""p_hover_w"": null, ""p_move_w"": null, ""payload_bytes"": 1000000, ""plan_mode"": ""ferry"", ""plan_score_params"": {}, ""plan_search_params"": {""exact_max_devices"": 0, ""exhaustive_max_stops"": 0}, ""replan_fallback"": ""trim"", ""shadow_corr_s"": 7.4, ""shadow_keying"": ""time"", ""shadow_sigma_db"": 4.0, ""snr_floor_db"": -6.7, ""t_nom_computed"": true, ""turnaround_s"": 30.0}",,1,21,ok,2.75,1.0,1.0,0.5,0.0,1.0,1.0,2.584962500721156,1.0,0.8768115942028986,1.0,3.0,4,4,0,2.0,1.75,5.91630345582962,6,60.0,4,0.26931856249999997,0.3565,0.6959488987922668,0.9364616874999999,0.8108333333333333,0.5715597867965698,0.9364616874999999,0.667143125,5,2,0.71,143.6472586459131,57.40377715397537,25.417082829837454,1.5,29.01844773726997,0.3079509248790211,30.0,0.0,16945.759951210443,simulated,0.0,0.0,0,0,0,0,0,0,0,0,0.75,1.3333333333333333,3,2.0,11,0.8768115942028986,24,13,0.5416666666666666,device,2,4,3,"{""crowded"": 0, ""dropped_in_flight"": 0, ""not_merged"": 4, ""unplannable"": 0}","{""medium"": 1.0}",1.0,-0.6323385104685765,0.4375,,1,2,2,19.844990253448486,211.72729738033377,1,2,2,19.844990253448486,211.72729738033377,,,,,,,,0.017868299910333008,0.037928034947253754,"{""exact"": 0.0, ""local"": 1.0, ""stop_subsets"": 0.0}",,,,,,,,8,3109.56640625,412.51953125,45.09375,446.48046875
N=6-dead_zone=0.6-link_quality=0.4-n_missions=4-regime=jittery-rrf=60.0,F,6,655154804,results\exp5\b1\s514\n6k1_stress__local_traces,75.0,0,agg:cutoff,"{""a_max"": null, ""buffer_k"": null, ""decay"": 0.5, ""fedex_n"": null, ""hinge_a"": 1.0, ""hinge_b"": 0.0, ""period_s"": 202.87098891786263, ""server_lr"": 1.0, ""value"": ""uniform""}",0.0,0,multiplicative,"{""beta_on"": 0.8, ""beta_partial"": 1.25, ""beta_timeout"": 1.5, ""expire_overrides"": null, ""phi_max"": 300.0, ""phi_min"": 5.0}",1,1,,,,sim,search,replan,,channel,20.287098891786265,,202.87098891786263,36.0,"{""age_cap_lookahead"": 0, ""age_cap_missions"": 2, ""altitude_m"": 25.0, ""backhaul_period_s"": null, ""backhaul_policy"": ""fixed"", ""backhaul_regime"": ""jittery"", ""band_class_policy"": ""search"", ""contact_band_classes"": null, ""contact_regime"": ""jittery"", ""cruise_speed_m_s"": 5.0, ""deadline_bounds"": ""collection"", ""energy_capacity_j"": null, ""flight_slot"": ""committed"", ""interference_period_s"": 60.0, ""listen_s"": 1.0, ""margin_quantile"": 0.9, ""member_admission"": ""subset"", ""n_pl"": 2.2, ""noise_bin_s"": 1.0, ""p_hover_w"": null, ""p_move_w"": null, ""payload_bytes"": 1000000, ""plan_mode"": ""ferry"", ""plan_score_params"": {}, ""plan_search_params"": {""exact_max_devices"": 0, ""exhaustive_max_stops"": 0}, ""replan_fallback"": ""trim"", ""shadow_corr_s"": 7.4, ""shadow_keying"": ""time"", ""shadow_sigma_db"": 4.0, ""snr_floor_db"": -6.7, ""t_nom_computed"": true, ""turnaround_s"": 30.0}",,1,21,ok,2.25,1.0,0.75,0.75,0.0,1.0,0.9705882352941176,2.5628694099060074,0.8333333333333334,0.7105263157894737,1.0,4.0,4,4,0,1.0,1.0,4.920674383640289,6,60.0,4,0.25881175,0.3576666666666667,0.6959580779075623,0.9471293125000001,0.826,0.5874079465866089,0.9471293125000001,0.6883175625000001,5,1,0.71,143.1234517756966,16.214086252961827,79.29608594370075,1.0,16.214086252961827,0.3991933260943616,30.0,0.0,18186.57605336421,simulated,0.0,0.0,0,0,0,0,0,0,0,0,1.0416666666666665,1.1666666666666665,4,3.0,9,0.7105263157894737,16,7,0.4375,device,2,6,3,"{""crowded"": 2, ""dropped_in_flight"": 0, ""not_merged"": 4, ""unplannable"": 0}","{""narrow"": 1.0}",0.6666666666666666,-1.925103639877224,0.3125,,1,1,1,6.683341979980469,56.39999136165716,1,3,3,17.752975940704346,316.4348739696434,,,,,,,,0.018032400053925812,0.03796515004942193,"{""exact"": 0.0, ""local"": 1.0, ""stop_subsets"": 0.0}",,,,,,,,8,3114.1484375,411.6796875,45.10546875,447.01953125
N=6-dead_zone=0.6-link_quality=0.4-n_missions=4-regime=jittery-rrf=60.0,F,7,161166755,results\exp5\b1\s514\n6k1_stress__local_traces,75.0,0,agg:cutoff,"{""a_max"": null, ""buffer_k"": null, ""decay"": 0.5, ""fedex_n"": null, ""hinge_a"": 1.0, ""hinge_b"": 0.0, ""period_s"": 202.87098891786263, ""server_lr"": 1.0, ""value"": ""uniform""}",0.0,0,multiplicative,"{""beta_on"": 0.8, ""beta_partial"": 1.25, ""beta_timeout"": 1.5, ""expire_overrides"": null, ""phi_max"": 300.0, ""phi_min"": 5.0}",1,1,,,,sim,search,replan,,channel,20.287098891786265,,202.87098891786263,36.0,"{""age_cap_lookahead"": 0, ""age_cap_missions"": 2, ""altitude_m"": 25.0, ""backhaul_period_s"": null, ""backhaul_policy"": ""fixed"", ""backhaul_regime"": ""jittery"", ""band_class_policy"": ""search"", ""contact_band_classes"": null, ""contact_regime"": ""jittery"", ""cruise_speed_m_s"": 5.0, ""deadline_bounds"": ""collection"", ""energy_capacity_j"": null, ""flight_slot"": ""committed"", ""interference_period_s"": 60.0, ""listen_s"": 1.0, ""margin_quantile"": 0.9, ""member_admission"": ""subset"", ""n_pl"": 2.2, ""noise_bin_s"": 1.0, ""p_hover_w"": null, ""p_move_w"": null, ""payload_bytes"": 1000000, ""plan_mode"": ""ferry"", ""plan_score_params"": {}, ""plan_search_params"": {""exact_max_devices"": 0, ""exhaustive_max_stops"": 0}, ""replan_fallback"": ""trim"", ""shadow_corr_s"": 7.4, ""shadow_keying"": ""time"", ""shadow_sigma_db"": 4.0, ""snr_floor_db"": -6.7, ""t_nom_computed"": true, ""turnaround_s"": 30.0}",,1,21,ok,3.0,1.0,1.0,1.0,0.0,1.0,0.978319783197832,2.5683164932728872,0.8333333333333334,0.7058823529411765,1.0,5.0,4,4,0,1.0,1.0,4.81424218416214,6,60.0,4,0.27545025,0.3575,0.6958987712860107,0.9555863750000001,0.8326666666666667,0.5751775503158569,0.9555863750000001,0.6801361250000001,5,2,0.71,200.0517161981261,16.726514336141705,135.29073660090216,1.0,16.726514336141705,0.3079509248790211,30.0,0.0,27768.844034591915,simulated,9.736103474861011,0.5,0,0,0,0,0,0,0,0,0.7916666666666667,1.1666666666666667,4,2.849999999999998,12,0.7058823529411765,20,8,0.4,device,2,4,2,"{""crowded"": 0, ""dropped_in_flight"": 0, ""not_merged"": 4, ""unplannable"": 0}","{""narrow"": 1.0}",0.8333333333333334,-1.117207665194502,0.5625,,1,2,2,15.361839532852173,232.08353493642062,1,3,3,17.550477266311646,456.5798869362334,,,,,,,,0.016207824926823378,0.034087719919625656,"{""exact"": 0.0, ""local"": 1.0, ""stop_subsets"": 0.0}",,,,,,,,8,3115.62109375,413.20703125,44.9765625,448.34765625
N=6-dead_zone=0.6-link_quality=0.4-n_missions=4-regime=jittery-rrf=60.0,F,8,4181314086,results\exp5\b1\s514\n6k1_stress__local_traces,75.0,0,agg:cutoff,"{""a_max"": null, ""buffer_k"": null, ""decay"": 0.5, ""fedex_n"": null, ""hinge_a"": 1.0, ""hinge_b"": 0.0, ""period_s"": 202.87098891786263, ""server_lr"": 1.0, ""value"": ""uniform""}",0.0,0,multiplicative,"{""beta_on"": 0.8, ""beta_partial"": 1.25, ""beta_timeout"": 1.5, ""expire_overrides"": null, ""phi_max"": 300.0, ""phi_min"": 5.0}",1,1,,,,sim,search,replan,,channel,20.287098891786265,,202.87098891786263,36.0,"{""age_cap_lookahead"": 0, ""age_cap_missions"": 2, ""altitude_m"": 25.0, ""backhaul_period_s"": null, ""backhaul_policy"": ""fixed"", ""backhaul_regime"": ""jittery"", ""band_class_policy"": ""search"", ""contact_band_classes"": null, ""contact_regime"": ""jittery"", ""cruise_speed_m_s"": 5.0, ""deadline_bounds"": ""collection"", ""energy_capacity_j"": null, ""flight_slot"": ""committed"", ""interference_period_s"": 60.0, ""listen_s"": 1.0, ""margin_quantile"": 0.9, ""member_admission"": ""subset"", ""n_pl"": 2.2, ""noise_bin_s"": 1.0, ""p_hover_w"": null, ""p_move_w"": null, ""payload_bytes"": 1000000, ""plan_mode"": ""ferry"", ""plan_score_params"": {}, ""plan_search_params"": {""exact_max_devices"": 0, ""exhaustive_max_stops"": 0}, ""replan_fallback"": ""trim"", ""shadow_corr_s"": 7.4, ""shadow_keying"": ""time"", ""shadow_sigma_db"": 4.0, ""snr_floor_db"": -6.7, ""t_nom_computed"": true, ""turnaround_s"": 30.0}",,1,21,ok,2.75,1.0,0.75,0.5,0.0,1.0,0.9970344009489917,2.5827423149511795,0.8333333333333334,0.7469135802469136,1.0,6.0,4,4,0,1.0,1.0,4.417688608169556,6,60.0,4,0.25705012499999996,0.35833333333333334,0.6959676146507263,0.974472,0.7928333333333333,0.585634708404541,0.974472,0.7174218750000001,5,2,0.71,140.9958969343279,9.575111998108657,90.53772201345419,1.0,9.575111998108657,0.3079509248790211,30.0,0.0,18174.078325123835,simulated,4.723582325415919,0.25,0,0,0,0,0,0,0,0,0.875,1.3333333333333333,4,2.849999999999998,11,0.7469135802469136,24,13,0.5416666666666666,device,2,5,3,"{""crowded"": 0, ""dropped_in_flight"": 0, ""not_merged"": 5, ""unplannable"": 0}","{""narrow"": 1.0}",1.0,-0.5113467745036036,0.3333333333333333,,1,2,2,13.698410272598267,182.77277545048855,0,,,,,,,,,,,,0.016259449999779463,0.03326828487915917,"{""exact"": 0.0, ""local"": 1.0, ""stop_subsets"": 0.0}",,,,,,,,8,3114.19921875,410.79296875,45.140625,447.5
N=6-dead_zone=0.6-link_quality=0.4-n_missions=4-regime=jittery-rrf=60.0,F,9,3809134444,results\exp5\b1\s514\n6k1_stress__local_traces,75.0,0,agg:cutoff,"{""a_max"": null, ""buffer_k"": null, ""decay"": 0.5, ""fedex_n"": null, ""hinge_a"": 1.0, ""hinge_b"": 0.0, ""period_s"": 202.87098891786263, ""server_lr"": 1.0, ""value"": ""uniform""}",0.0,0,multiplicative,"{""beta_on"": 0.8, ""beta_partial"": 1.25, ""beta_timeout"": 1.5, ""expire_overrides"": null, ""phi_max"": 300.0, ""phi_min"": 5.0}",1,1,,,,sim,search,replan,,channel,20.287098891786265,,202.87098891786263,36.0,"{""age_cap_lookahead"": 0, ""age_cap_missions"": 2, ""altitude_m"": 25.0, ""backhaul_period_s"": null, ""backhaul_policy"": ""fixed"", ""backhaul_regime"": ""jittery"", ""band_class_policy"": ""search"", ""contact_band_classes"": null, ""contact_regime"": ""jittery"", ""cruise_speed_m_s"": 5.0, ""deadline_bounds"": ""collection"", ""energy_capacity_j"": null, ""flight_slot"": ""committed"", ""interference_period_s"": 60.0, ""listen_s"": 1.0, ""margin_quantile"": 0.9, ""member_admission"": ""subset"", ""n_pl"": 2.2, ""noise_bin_s"": 1.0, ""p_hover_w"": null, ""p_move_w"": null, ""payload_bytes"": 1000000, ""plan_mode"": ""ferry"", ""plan_score_params"": {}, ""plan_search_params"": {""exact_max_devices"": 0, ""exhaustive_max_stops"": 0}, ""replan_fallback"": ""trim"", ""shadow_corr_s"": 7.4, ""shadow_keying"": ""time"", ""shadow_sigma_db"": 4.0, ""snr_floor_db"": -6.7, ""t_nom_computed"": true, ""turnaround_s"": 30.0}",,1,21,ok,4.25,1.0,1.0,1.0,0.0,1.0,0.9627285513361463,2.554978276654633,1.0,0.8450292397660819,1.0,3.0,4,4,0,2.0,2.0,6.00887006521225,6,60.0,4,0.261030125,0.35683333333333334,0.6959528923034668,0.9473109375000001,0.8905,0.5970604419708252,0.9473109375000001,0.6862808125000001,5,1,0.71,154.16247968768585,54.750114316199095,29.00256467287545,0.5,39.51060737242534,0.3991933260943616,30.0,0.0,18507.02178186598,simulated,0.0,0.0,3,0,0,0,0,0,0,0,0.375,0.8333333333333333,2,1.8499999999999979,17,0.8450292397660819,24,7,0.2916666666666667,device,2,2,2,"{""crowded"": 0, ""dropped_in_flight"": 2, ""not_merged"": 0, ""unplannable"": 0}","{""medium"": 1.0}",1.0,-0.7172550204919899,0.65,,1,1,1,12.775230884552002,74.28305826499127,1,3,3,22.035791158676147,382.5129300337285,,,,,,,,0.015178375062532723,0.03402375509031116,"{""exact"": 0.0, ""local"": 1.0, ""stop_subsets"": 0.0}",,,,,,,,8,3113.23828125,411.24609375,45.0625,447.92578125
